Experimento,Temp,target_start,target_end,fuel_future_mean,metodo,prob,truth,decision,contexto,limiar
D1T1A,10.0,11.0,20.0,2.5700000000000003,persistencia,0.007455787000020289,False,False,parado,
D1T1A,20.0,21.0,30.0,10.010000000000002,persistencia,0.0974730960377771,False,False,parado,
D1T1A,30.0,31.0,40.0,9.229999999999999,persistencia,0.6080157608363365,False,False,movimento,
D1T1A,40.0,41.0,50.0,9.735000000000001,persistencia,0.2571050161333507,False,False,movimento,
D1T1A,50.0,51.0,60.0,1.6300000000000001,persistencia,0.3113722340104506,False,False,movimento,
D1T1A,60.0,61.0,70.0,7.0550000000000015,persistencia,0.43326982620891563,False,False,movimento,
D1T1A,70.0,71.0,80.0,1.8050000000000002,persistencia,0.13896007942543803,False,False,movimento,
D1T1A,80.0,81.0,90.0,2.6249999999999996,persistencia,0.12224961429368962,False,False,frenagem,
D1T1A,90.0,91.0,100.0,10.135,persistencia,0.023085257329131675,False,False,parado,
D1T1A,100.0,101.0,110.0,1.435,persistencia,0.32917607492917106,False,False,freio_fora_faixa,
D1T1A,110.0,111.0,120.0,0.0,persistencia,0.2584233766473495,False,False,frenagem,
D1T1A,120.0,121.0,130.0,0.0,persistencia,0.025077753451612873,False,False,frenagem,
D1T1A,130.0,131.0,140.0,0.0,persistencia,0.024201002235660417,False,False,frenagem,
D1T1A,140.0,141.0,150.0,0.385,persistencia,0.03220030506940385,False,False,frenagem,
D1T1A,150.0,151.0,160.0,12.209999999999999,persistencia,0.14700437182569956,False,False,frenagem,
D1T1A,160.0,161.0,170.0,30.314999999999998,persistencia,0.9439369824664019,True,True,demanda_alta,
D1T1A,170.0,171.0,180.0,10.215,persistencia,0.7679682636878422,False,True,demanda_alta,
D1T1A,180.0,181.0,190.0,18.545,persistencia,0.24274314348069523,True,False,freio_fora_faixa,
D1T1A,190.0,191.0,200.0,36.989999999999995,persistencia,0.9429197189794359,True,True,demanda_alta,
D1T1A,200.0,201.0,210.0,43.785,persistencia,0.9539585484112453,True,True,demanda_alta,
D1T1A,210.0,211.0,220.0,28.380000000000003,persistencia,0.9451209470195061,True,True,freio_fora_faixa,
D1T1A,220.0,221.0,230.0,18.395000000000003,persistencia,0.8385237570547039,True,True,demanda_alta,
D1T1A,230.0,231.0,240.0,31.840000000000003,persistencia,0.8781629129921883,True,True,freio_fora_faixa,
D1T1A,240.0,241.0,250.0,9.025,persistencia,0.7434220677614243,False,False,movimento,
D1T1A,250.0,251.0,260.0,0.0,persistencia,0.07481699957807768,False,False,frenagem,
D1T1A,260.0,261.0,270.0,0.0,persistencia,0.027549078806918675,False,False,frenagem,
D1T1A,270.0,271.0,280.0,15.065000000000001,persistencia,0.048095511361723915,False,False,freio_fora_faixa,
D1T1A,280.0,281.0,290.0,27.21,persistencia,0.27494740262542666,True,False,freio_fora_faixa,
D1T1A,290.0,291.0,300.0,36.11999999999999,persistencia,0.9491468057416995,True,True,demanda_alta,
D1T1A,300.0,301.0,310.0,41.2,persistencia,0.9534929076850925,True,True,demanda_alta,
D1T1A,310.0,311.0,320.0,13.219999999999999,persistencia,0.9127881469485488,False,True,freio_fora_faixa,
D1T1A,320.0,321.0,330.0,3.4200000000000004,persistencia,0.13535768112927404,False,False,movimento,
D1T1A,330.0,331.0,340.0,3.8950000000000005,persistencia,0.44807752472381224,False,False,movimento,
D1T1A,340.0,341.0,350.0,2.3600000000000003,persistencia,0.20671249523497603,False,False,parado,
D1T1A,350.0,351.0,360.0,2.295,persistencia,0.003527583924617219,False,False,parado,
D1T1A,360.0,361.0,370.0,2.2849999999999997,persistencia,0.003527583924617219,False,False,parado,
D1T1A,370.0,371.0,380.0,2.27,persistencia,0.00698133099721675,False,False,freio_fora_faixa,
D1T1A,380.0,381.0,390.0,2.265,persistencia,0.00638014802718132,False,False,parado,
D1T1A,390.0,391.0,400.0,2.2649999999999997,persistencia,0.003949592471625765,False,False,parado,
D1T1A,400.0,401.0,410.0,2.305,persistencia,0.007627698518584271,False,False,freio_fora_faixa,
D1T1A,410.0,411.0,420.0,30.3,persistencia,0.24978131285673552,True,False,parado,
D1T1A,420.0,421.0,430.0,28.735000000000003,persistencia,0.932229305805935,True,True,demanda_alta,
D1T1A,430.0,431.0,440.0,17.75,persistencia,0.8321134790593366,True,True,freio_fora_faixa,
D1T1A,440.0,441.0,450.0,10.555,persistencia,0.45485947953709527,False,False,movimento,
D1T1A,450.0,451.0,460.0,8.255,persistencia,0.2714599651031034,False,False,freio_fora_faixa,
D1T1A,460.0,461.0,470.0,6.959999999999999,persistencia,0.2100150950137627,False,False,movimento,
D1T1A,470.0,471.0,480.0,10.17,persistencia,0.22338056274905407,False,False,movimento,
D1T1A,480.0,481.0,490.0,15.385,persistencia,0.746456926755318,False,True,freio_fora_faixa,
D1T1A,490.0,491.0,500.0,17.729999999999997,persistencia,0.5830384018213858,True,False,freio_fora_faixa,
D1T1A,500.0,501.0,510.0,15.95,persistencia,0.7793869011895199,False,True,demanda_alta,
D1T1A,510.0,511.0,520.0,16.465,persistencia,0.44298692931336836,False,False,freio_fora_faixa,
D1T1A,520.0,521.0,530.0,17.23,persistencia,0.555050219991476,True,False,freio_fora_faixa,
D1T1A,530.0,531.0,540.0,16.61,persistencia,0.9223824207467292,True,True,demanda_alta,
D1T1A,540.0,541.0,550.0,0.0,persistencia,0.08886099072131305,False,False,freio_fora_faixa,
D1T1A,550.0,551.0,560.0,0.0,persistencia,0.01750841078580417,False,False,frenagem,
D1T1A,560.0,561.0,570.0,16.46,persistencia,0.03517819286367408,False,False,frenagem,
D1T1A,570.0,571.0,580.0,4.4350000000000005,persistencia,0.9061986260722145,False,True,demanda_alta,
D1T1A,580.0,581.0,590.0,0.0,persistencia,0.09560185110688496,False,False,frenagem,
D1T1A,590.0,591.0,600.0,0.0,persistencia,0.03919766256023568,False,False,movimento,
D1T1A,600.0,601.0,610.0,0.0,persistencia,0.03692048465138289,False,False,movimento,
D1T1A,610.0,611.0,620.0,0.0,persistencia,0.0484683850864373,False,False,frenagem,
D1T1A,620.0,621.0,630.0,5.845000000000001,persistencia,0.1285590243001436,False,False,frenagem,
D1T1A,630.0,631.0,640.0,9.204999999999998,persistencia,0.6451082868237673,False,False,movimento,
D1T1A,640.0,641.0,650.0,1.2400000000000002,persistencia,0.275937303744556,False,False,freio_fora_faixa,
D1T1A,650.0,651.0,660.0,2.74,persistencia,0.2633914584891269,False,False,freio_fora_faixa,
D1T1A,660.0,661.0,670.0,2.465,persistencia,0.015286155384548576,False,False,parado,
D1T1A,670.0,671.0,680.0,2.41,persistencia,0.005071238602049728,False,False,parado,
D1T1A,680.0,681.0,690.0,2.2600000000000002,persistencia,0.003527583924617219,False,False,parado,
D1T1A,690.0,691.0,700.0,7.8549999999999995,persistencia,0.004296814693847988,False,False,parado,
D1T1A,700.0,701.0,710.0,19.36,persistencia,0.6983257351074249,True,False,movimento,
D1T1A,710.0,711.0,720.0,26.429999999999996,persistencia,0.8610954407792619,True,True,demanda_alta,
D1T1A,720.0,721.0,730.0,25.525,persistencia,0.6519611515674693,True,True,movimento,
D1T1A,730.0,731.0,740.0,41.65,persistencia,0.9244492160132022,True,True,demanda_alta,
D1T1A,740.0,741.0,750.0,44.980000000000004,persistencia,0.9204175879113037,True,True,demanda_alta,
D1T1A,750.0,751.0,760.0,27.115,persistencia,0.8136586416603165,True,True,demanda_alta,
D1T1A,760.0,761.0,770.0,14.355,persistencia,0.9538422318273235,False,True,demanda_alta,
D1T1A,770.0,771.0,780.0,0.0,persistencia,0.10168096952666957,False,False,frenagem,
D1T1A,780.0,781.0,790.0,0.0,persistencia,0.03616709479243157,False,False,frenagem,
D1T1A,790.0,791.0,800.0,0.0,persistencia,0.044841563399983846,False,False,frenagem,
D1T1A,800.0,801.0,810.0,0.755,persistencia,0.19354902425756673,False,False,movimento,
D1T1A,810.0,811.0,820.0,3.5349999999999993,persistencia,0.1656233744257678,False,False,movimento,
D1T1A,820.0,821.0,830.0,3.285,persistencia,0.07069590698430481,False,False,movimento,
D1T1A,830.0,831.0,840.0,2.2800000000000002,persistencia,0.14456328190474158,False,False,frenagem,
D1T1A,840.0,841.0,850.0,32.415,persistencia,0.19112638623905237,True,False,parado,
D1T1A,850.0,851.0,860.0,34.364999999999995,persistencia,0.9116362356293487,True,True,demanda_alta,
D1T1A,860.0,861.0,870.0,19.4,persistencia,0.7638856552261832,True,True,movimento,
D1T1A,870.0,871.0,880.0,15.099999999999998,persistencia,0.8873532103047828,False,True,demanda_alta,
D1T1A,880.0,881.0,890.0,1.45,persistencia,0.2331821356177334,False,False,freio_fora_faixa,
D1T1A,890.0,891.0,900.0,4.99,persistencia,0.4672184141983394,False,False,freio_fora_faixa,
D1T1A,900.0,901.0,910.0,3.8349999999999995,persistencia,0.383405575622025,False,False,movimento,
D1T1A,910.0,911.0,920.0,2.5149999999999997,persistencia,0.30753912349123924,False,False,frenagem,
D1T1A,920.0,921.0,930.0,2.425,persistencia,0.010884198342961292,False,False,parado,
D1T1A,930.0,931.0,940.0,28.48,persistencia,0.010006098345581173,True,False,parado,
D1T1A,940.0,941.0,950.0,37.18,persistencia,0.9503310924684759,True,True,demanda_alta,
D1T1A,950.0,951.0,960.0,7.425,persistencia,0.9019550092394145,False,True,demanda_alta,
D1T1A,960.0,961.0,970.0,0.0,persistencia,0.09290531451985215,False,False,movimento,
D1T1A,970.0,971.0,980.0,0.0,persistencia,0.042520404718754214,False,False,movimento,
D1T1A,980.0,981.0,990.0,0.0,persistencia,0.07134901320079483,False,False,movimento,
D1T1A,990.0,991.0,1000.0,0.0,persistencia,0.03425846805125529,False,False,frenagem,
D1T1A,1000.0,1001.0,1010.0,0.0,persistencia,0.04477090033642002,False,False,freio_fora_faixa,
D1T1A,1010.0,1011.0,1020.0,0.25,persistencia,0.016107704254600917,False,False,frenagem,
D1T1A,1020.0,1021.0,1030.0,2.4899999999999998,persistencia,0.2526748766221874,False,False,freio_fora_faixa,
D1T1A,1030.0,1031.0,1040.0,11.375,persistencia,0.011676150888004612,False,False,frenagem,
D1T1A,1040.0,1041.0,1050.0,0.5900000000000001,persistencia,0.761181417082968,False,False,movimento,
D1T1A,1050.0,1051.0,1060.0,0.0,persistencia,0.21860759544249656,False,False,frenagem,
D1T1A,1060.0,1061.0,1070.0,1.3699999999999999,persistencia,0.03897706633469367,False,False,movimento,
D1T1A,1070.0,1071.0,1080.0,2.7350000000000003,persistencia,0.3494224205346859,False,False,frenagem,
D1T1A,1080.0,1081.0,1090.0,16.115000000000002,persistencia,0.008777711103705179,False,False,parado,
D1T1A,1090.0,1091.0,1100.0,9.83,persistencia,0.9295277320094913,False,True,demanda_alta,
D1T1A,1100.0,1101.0,1110.0,5.65,persistencia,0.35034778777390757,False,False,freio_fora_faixa,
D1T1A,1110.0,1111.0,1120.0,12.295,persistencia,0.3028029236091618,False,False,movimento,
D1T1A,1120.0,1121.0,1130.0,31.044999999999998,persistencia,0.9280505243445402,True,True,freio_fora_faixa,
D1T1A,1130.0,1131.0,1140.0,16.805,persistencia,0.20127888190674345,True,False,movimento,
D1T1A,1140.0,1141.0,1150.0,13.684999999999999,persistencia,0.8976663349922218,False,True,demanda_alta,
D1T1A,1150.0,1151.0,1160.0,0.0,persistencia,0.12268815153567605,False,False,freio_fora_faixa,
D1T1A,1160.0,1161.0,1170.0,0.0,persistencia,0.06867603934175331,False,False,freio_fora_faixa,
D1T1A,1170.0,1171.0,1180.0,1.36,persistencia,0.041199064764584466,False,False,freio_fora_faixa,
D1T1A,1180.0,1181.0,1190.0,2.3549999999999995,persistencia,0.41159607841403073,False,False,frenagem,
D1T1A,1190.0,1191.0,1200.0,2.285,persistencia,0.011578428792911625,False,False,freio_fora_faixa,
D1T1A,1200.0,1201.0,1210.0,2.265,persistencia,0.010435287780918153,False,False,parado,
D1T1A,1210.0,1211.0,1220.0,2.93,persistencia,0.011204518550148923,False,False,parado,
D1T1A,1220.0,1221.0,1230.0,34.45,persistencia,0.37126801827994527,True,False,movimento,
D1T1A,1230.0,1231.0,1240.0,2.065,persistencia,0.9256506116412069,False,True,demanda_alta,
D1T1A,1240.0,1241.0,1250.0,0.0,persistencia,0.13497189775904953,False,False,freio_fora_faixa,
D1T1A,1250.0,1251.0,1260.0,26.43,persistencia,0.05247652045621034,True,False,frenagem,
D1T1A,1260.0,1261.0,1270.0,4.59,persistencia,0.9018313423654115,False,True,demanda_alta,
D1T1A,1270.0,1271.0,1280.0,0.0,persistencia,0.10934333633046939,False,False,freio_fora_faixa,
D1T1A,1280.0,1281.0,1290.0,0.0,persistencia,0.04474815158258437,False,False,frenagem,
D1T1A,1290.0,1291.0,1300.0,2.165,persistencia,0.05588614084904842,False,False,freio_fora_faixa,
D1T1A,1300.0,1301.0,1310.0,2.3200000000000003,persistencia,0.21217200744903678,False,False,freio_fora_faixa,
D1T1A,1310.0,1311.0,1320.0,2.2950000000000004,persistencia,0.010990193498793977,False,False,freio_fora_faixa,
D1T1A,1320.0,1321.0,1330.0,2.305,persistencia,0.010990193498793977,False,False,freio_fora_faixa,
D1T1A,1330.0,1331.0,1340.0,2.645,persistencia,0.010333643979640086,False,False,parado,
D1T1A,1340.0,1341.0,1350.0,10.25,persistencia,0.22788457992788438,False,False,freio_fora_faixa,
D1T1A,1350.0,1351.0,1360.0,6.81,persistencia,0.47132988442513435,False,False,freio_fora_faixa,
D1T1A,1360.0,1361.0,1370.0,5.88,persistencia,0.34876522744266963,False,False,freio_fora_faixa,
D1T1A,1370.0,1371.0,1380.0,5.63,persistencia,0.2652204227214451,False,False,freio_fora_faixa,
D1T1A,1380.0,1381.0,1390.0,4.279999999999999,persistencia,0.2690970300632667,False,False,movimento,
D1T1A,1390.0,1391.0,1400.0,3.185,persistencia,0.2702718475781817,False,False,freio_fora_faixa,
D1T1A,1400.0,1401.0,1410.0,3.9,persistencia,0.10625791410647623,False,False,frenagem,
D1T1A,1410.0,1411.0,1420.0,22.715,persistencia,0.27486168614108103,True,False,movimento,
D1T1A,1420.0,1421.0,1430.0,39.73,persistencia,0.9340761607242328,True,True,demanda_alta,
D1T1A,1430.0,1431.0,1440.0,6.640000000000001,persistencia,0.9037697796285481,False,True,demanda_alta,
D1T1A,1440.0,1441.0,1450.0,0.51,persistencia,0.16453157492805331,False,False,frenagem,
D1T1A,1450.0,1451.0,1460.0,2.325,persistencia,0.19330664857372265,False,False,frenagem,
D1T1A,1460.0,1461.0,1470.0,2.66,persistencia,0.019895377562069133,False,False,parado,
D1T1A,1470.0,1471.0,1480.0,16.055,persistencia,0.4163553779096613,False,False,parado,
D1T1A,1480.0,1481.0,1490.0,13.495,persistencia,0.4441718300671904,False,False,movimento,
D1T1A,1490.0,1491.0,1500.0,12.165,persistencia,0.5772886389874935,False,False,movimento,
D1T1A,1500.0,1501.0,1510.0,7.084999999999999,persistencia,0.30153173826014334,False,False,movimento,
D1T1A,1510.0,1511.0,1520.0,11.065,persistencia,0.400325454535848,False,False,movimento,
D1T1A,1520.0,1521.0,1530.0,10.540000000000003,persistencia,0.4401900910232272,False,False,movimento,
D1T1A,1530.0,1531.0,1540.0,9.655,persistencia,0.2544418443036546,False,False,movimento,
D1T1A,1540.0,1541.0,1550.0,5.95,persistencia,0.2622710264457989,False,False,movimento,
D1T1A,1550.0,1551.0,1560.0,32.74,persistencia,0.7818974643426472,True,True,movimento,
D1T1A,1560.0,1561.0,1570.0,24.35,persistencia,0.8950531388286999,True,True,demanda_alta,
D1T1A,1570.0,1571.0,1580.0,11.030000000000001,persistencia,0.31715829372259935,False,False,movimento,
D1T1A,1580.0,1581.0,1590.0,30.9,persistencia,0.8975523643974194,True,True,freio_fora_faixa,
D1T1A,1590.0,1591.0,1600.0,16.57,persistencia,0.8659851348945264,True,True,demanda_alta,
D1T1A,1600.0,1601.0,1610.0,18.595000000000002,persistencia,0.6116413697477702,True,True,movimento,
D1T1A,1610.0,1611.0,1620.0,16.94,persistencia,0.786534117245182,True,True,freio_fora_faixa,
D1T1A,1620.0,1621.0,1630.0,26.82,persistencia,0.8392828605127963,True,True,freio_fora_faixa,
D1T1A,1630.0,1631.0,1640.0,22.534999999999997,persistencia,0.8714922196069429,True,True,demanda_alta,
D1T1A,1640.0,1641.0,1650.0,8.875,persistencia,0.7637729919434453,False,True,freio_fora_faixa,
D1T1A,1650.0,1651.0,1660.0,2.3,persistencia,0.196153108365518,False,False,movimento,
D1T1A,1660.0,1661.0,1670.0,2.6799999999999997,persistencia,0.2763129673692931,False,False,frenagem,
D1T1A,1670.0,1671.0,1680.0,2.675,persistencia,0.010884198342961292,False,False,parado,
D1T1A,1680.0,1681.0,1690.0,2.545,persistencia,0.010435287780918153,False,False,parado,
D1T1A,1690.0,1691.0,1700.0,2.355,persistencia,0.011578428792911625,False,False,freio_fora_faixa,
D1T1A,1700.0,1701.0,1710.0,2.275,persistencia,0.011578428792911625,False,False,freio_fora_faixa,
D1T1A,1710.0,1711.0,1720.0,4.745,persistencia,0.00451188098212521,False,False,parado,
D1T1A,1720.0,1721.0,1730.0,34.47,persistencia,0.630922826777879,True,False,movimento,
D1T1A,1730.0,1731.0,1740.0,45.01499999999999,persistencia,0.9445129289676916,True,True,freio_fora_faixa,
D1T1A,1740.0,1741.0,1750.0,32.42,persistencia,0.9043941628637329,True,True,demanda_alta,
D1T1A,1750.0,1751.0,1760.0,3.4799999999999995,persistencia,0.23939557600036754,False,False,movimento,
D1T1A,1760.0,1761.0,1770.0,36.084999999999994,persistencia,0.789625343651488,True,True,freio_fora_faixa,
D1T1A,1770.0,1771.0,1780.0,38.815,persistencia,0.9529788308388513,True,True,demanda_alta,
D1T1A,1780.0,1781.0,1790.0,9.200000000000001,persistencia,0.684555086900142,False,True,freio_fora_faixa,
D1T1A,1790.0,1791.0,1800.0,0.0,persistencia,0.08960046862443623,False,False,freio_fora_faixa,
D1T1A,1800.0,1801.0,1810.0,0.7849999999999999,persistencia,0.18701547049603742,False,False,frenagem,
D1T1A,1810.0,1811.0,1820.0,3.2150000000000007,persistencia,0.3685091116739997,False,False,frenagem,
D1T1A,1820.0,1821.0,1830.0,2.7150000000000003,persistencia,0.13213246355966032,False,False,frenagem,
D1T1A,1830.0,1831.0,1840.0,10.915000000000001,persistencia,0.00976508527368575,False,False,parado,
D1T1A,1840.0,1841.0,1850.0,3.6849999999999996,persistencia,0.8279165960623636,False,True,movimento,
D1T1A,1850.0,1851.0,1860.0,4.62,persistencia,0.24387367685564534,False,False,frenagem,
D1T1A,1860.0,1861.0,1870.0,23.145000000000003,persistencia,0.8387354081061619,True,True,demanda_alta,
D1T1A,1870.0,1871.0,1880.0,8.405,persistencia,0.6082793431278581,False,False,freio_fora_faixa,
D1T1A,1880.0,1881.0,1890.0,7.065,persistencia,0.2928478610822029,False,False,movimento,
D1T1A,1890.0,1891.0,1900.0,12.22,persistencia,0.5033950170747281,False,False,movimento,
D1T1A,1900.0,1901.0,1910.0,0.0,persistencia,0.3757916987454815,False,False,freio_fora_faixa,
D1T1A,1910.0,1911.0,1920.0,0.0,persistencia,0.04644272306475496,False,False,freio_fora_faixa,
D1T1A,1920.0,1921.0,1930.0,0.06999999999999999,persistencia,0.02665284461563982,False,False,frenagem,
D1T1A,1930.0,1931.0,1940.0,15.724999999999998,persistencia,0.2573633264102517,False,False,movimento,
D1T1A,1940.0,1941.0,1950.0,25.155,persistencia,0.8405108098754561,True,True,demanda_alta,
D1T1A,1950.0,1951.0,1960.0,17.37,persistencia,0.8418780371634295,True,True,demanda_alta,
D1T1A,1960.0,1961.0,1970.0,3.4549999999999996,persistencia,0.6443398174755474,False,True,movimento,
D1T1A,1970.0,1971.0,1980.0,0.8300000000000001,persistencia,0.11876163277575434,False,False,movimento,
D1T1A,10.0,11.0,20.0,2.5700000000000003,limiar_050,0.007455787000020289,False,False,parado,0.5
D1T1A,20.0,21.0,30.0,10.010000000000002,limiar_050,0.0974730960377771,False,False,parado,0.5
D1T1A,30.0,31.0,40.0,9.229999999999999,limiar_050,0.6080157608363365,False,True,movimento,0.5
D1T1A,40.0,41.0,50.0,9.735000000000001,limiar_050,0.2571050161333507,False,False,movimento,0.5
D1T1A,50.0,51.0,60.0,1.6300000000000001,limiar_050,0.3113722340104506,False,False,movimento,0.5
D1T1A,60.0,61.0,70.0,7.0550000000000015,limiar_050,0.43326982620891563,False,False,movimento,0.5
D1T1A,70.0,71.0,80.0,1.8050000000000002,limiar_050,0.13896007942543803,False,False,movimento,0.5
D1T1A,80.0,81.0,90.0,2.6249999999999996,limiar_050,0.12224961429368962,False,False,frenagem,0.5
D1T1A,90.0,91.0,100.0,10.135,limiar_050,0.023085257329131675,False,False,parado,0.5
D1T1A,100.0,101.0,110.0,1.435,limiar_050,0.32917607492917106,False,False,freio_fora_faixa,0.5
D1T1A,110.0,111.0,120.0,0.0,limiar_050,0.2584233766473495,False,False,frenagem,0.5
D1T1A,120.0,121.0,130.0,0.0,limiar_050,0.025077753451612873,False,False,frenagem,0.5
D1T1A,130.0,131.0,140.0,0.0,limiar_050,0.024201002235660417,False,False,frenagem,0.5
D1T1A,140.0,141.0,150.0,0.385,limiar_050,0.03220030506940385,False,False,frenagem,0.5
D1T1A,150.0,151.0,160.0,12.209999999999999,limiar_050,0.14700437182569956,False,False,frenagem,0.5
D1T1A,160.0,161.0,170.0,30.314999999999998,limiar_050,0.9439369824664019,True,True,demanda_alta,0.5
D1T1A,170.0,171.0,180.0,10.215,limiar_050,0.7679682636878422,False,True,demanda_alta,0.5
D1T1A,180.0,181.0,190.0,18.545,limiar_050,0.24274314348069523,True,False,freio_fora_faixa,0.5
D1T1A,190.0,191.0,200.0,36.989999999999995,limiar_050,0.9429197189794359,True,True,demanda_alta,0.5
D1T1A,200.0,201.0,210.0,43.785,limiar_050,0.9539585484112453,True,True,demanda_alta,0.5
D1T1A,210.0,211.0,220.0,28.380000000000003,limiar_050,0.9451209470195061,True,True,freio_fora_faixa,0.5
D1T1A,220.0,221.0,230.0,18.395000000000003,limiar_050,0.8385237570547039,True,True,demanda_alta,0.5
D1T1A,230.0,231.0,240.0,31.840000000000003,limiar_050,0.8781629129921883,True,True,freio_fora_faixa,0.5
D1T1A,240.0,241.0,250.0,9.025,limiar_050,0.7434220677614243,False,True,movimento,0.5
D1T1A,250.0,251.0,260.0,0.0,limiar_050,0.07481699957807768,False,False,frenagem,0.5
D1T1A,260.0,261.0,270.0,0.0,limiar_050,0.027549078806918675,False,False,frenagem,0.5
D1T1A,270.0,271.0,280.0,15.065000000000001,limiar_050,0.048095511361723915,False,False,freio_fora_faixa,0.5
D1T1A,280.0,281.0,290.0,27.21,limiar_050,0.27494740262542666,True,False,freio_fora_faixa,0.5
D1T1A,290.0,291.0,300.0,36.11999999999999,limiar_050,0.9491468057416995,True,True,demanda_alta,0.5
D1T1A,300.0,301.0,310.0,41.2,limiar_050,0.9534929076850925,True,True,demanda_alta,0.5
D1T1A,310.0,311.0,320.0,13.219999999999999,limiar_050,0.9127881469485488,False,True,freio_fora_faixa,0.5
D1T1A,320.0,321.0,330.0,3.4200000000000004,limiar_050,0.13535768112927404,False,False,movimento,0.5
D1T1A,330.0,331.0,340.0,3.8950000000000005,limiar_050,0.44807752472381224,False,False,movimento,0.5
D1T1A,340.0,341.0,350.0,2.3600000000000003,limiar_050,0.20671249523497603,False,False,parado,0.5
D1T1A,350.0,351.0,360.0,2.295,limiar_050,0.003527583924617219,False,False,parado,0.5
D1T1A,360.0,361.0,370.0,2.2849999999999997,limiar_050,0.003527583924617219,False,False,parado,0.5
D1T1A,370.0,371.0,380.0,2.27,limiar_050,0.00698133099721675,False,False,freio_fora_faixa,0.5
D1T1A,380.0,381.0,390.0,2.265,limiar_050,0.00638014802718132,False,False,parado,0.5
D1T1A,390.0,391.0,400.0,2.2649999999999997,limiar_050,0.003949592471625765,False,False,parado,0.5
D1T1A,400.0,401.0,410.0,2.305,limiar_050,0.007627698518584271,False,False,freio_fora_faixa,0.5
D1T1A,410.0,411.0,420.0,30.3,limiar_050,0.24978131285673552,True,False,parado,0.5
D1T1A,420.0,421.0,430.0,28.735000000000003,limiar_050,0.932229305805935,True,True,demanda_alta,0.5
D1T1A,430.0,431.0,440.0,17.75,limiar_050,0.8321134790593366,True,True,freio_fora_faixa,0.5
D1T1A,440.0,441.0,450.0,10.555,limiar_050,0.45485947953709527,False,False,movimento,0.5
D1T1A,450.0,451.0,460.0,8.255,limiar_050,0.2714599651031034,False,False,freio_fora_faixa,0.5
D1T1A,460.0,461.0,470.0,6.959999999999999,limiar_050,0.2100150950137627,False,False,movimento,0.5
D1T1A,470.0,471.0,480.0,10.17,limiar_050,0.22338056274905407,False,False,movimento,0.5
D1T1A,480.0,481.0,490.0,15.385,limiar_050,0.746456926755318,False,True,freio_fora_faixa,0.5
D1T1A,490.0,491.0,500.0,17.729999999999997,limiar_050,0.5830384018213858,True,True,freio_fora_faixa,0.5
D1T1A,500.0,501.0,510.0,15.95,limiar_050,0.7793869011895199,False,True,demanda_alta,0.5
D1T1A,510.0,511.0,520.0,16.465,limiar_050,0.44298692931336836,False,False,freio_fora_faixa,0.5
D1T1A,520.0,521.0,530.0,17.23,limiar_050,0.555050219991476,True,True,freio_fora_faixa,0.5
D1T1A,530.0,531.0,540.0,16.61,limiar_050,0.9223824207467292,True,True,demanda_alta,0.5
D1T1A,540.0,541.0,550.0,0.0,limiar_050,0.08886099072131305,False,False,freio_fora_faixa,0.5
D1T1A,550.0,551.0,560.0,0.0,limiar_050,0.01750841078580417,False,False,frenagem,0.5
D1T1A,560.0,561.0,570.0,16.46,limiar_050,0.03517819286367408,False,False,frenagem,0.5
D1T1A,570.0,571.0,580.0,4.4350000000000005,limiar_050,0.9061986260722145,False,True,demanda_alta,0.5
D1T1A,580.0,581.0,590.0,0.0,limiar_050,0.09560185110688496,False,False,frenagem,0.5
D1T1A,590.0,591.0,600.0,0.0,limiar_050,0.03919766256023568,False,False,movimento,0.5
D1T1A,600.0,601.0,610.0,0.0,limiar_050,0.03692048465138289,False,False,movimento,0.5
D1T1A,610.0,611.0,620.0,0.0,limiar_050,0.0484683850864373,False,False,frenagem,0.5
D1T1A,620.0,621.0,630.0,5.845000000000001,limiar_050,0.1285590243001436,False,False,frenagem,0.5
D1T1A,630.0,631.0,640.0,9.204999999999998,limiar_050,0.6451082868237673,False,True,movimento,0.5
D1T1A,640.0,641.0,650.0,1.2400000000000002,limiar_050,0.275937303744556,False,False,freio_fora_faixa,0.5
D1T1A,650.0,651.0,660.0,2.74,limiar_050,0.2633914584891269,False,False,freio_fora_faixa,0.5
D1T1A,660.0,661.0,670.0,2.465,limiar_050,0.015286155384548576,False,False,parado,0.5
D1T1A,670.0,671.0,680.0,2.41,limiar_050,0.005071238602049728,False,False,parado,0.5
D1T1A,680.0,681.0,690.0,2.2600000000000002,limiar_050,0.003527583924617219,False,False,parado,0.5
D1T1A,690.0,691.0,700.0,7.8549999999999995,limiar_050,0.004296814693847988,False,False,parado,0.5
D1T1A,700.0,701.0,710.0,19.36,limiar_050,0.6983257351074249,True,True,movimento,0.5
D1T1A,710.0,711.0,720.0,26.429999999999996,limiar_050,0.8610954407792619,True,True,demanda_alta,0.5
D1T1A,720.0,721.0,730.0,25.525,limiar_050,0.6519611515674693,True,True,movimento,0.5
D1T1A,730.0,731.0,740.0,41.65,limiar_050,0.9244492160132022,True,True,demanda_alta,0.5
D1T1A,740.0,741.0,750.0,44.980000000000004,limiar_050,0.9204175879113037,True,True,demanda_alta,0.5
D1T1A,750.0,751.0,760.0,27.115,limiar_050,0.8136586416603165,True,True,demanda_alta,0.5
D1T1A,760.0,761.0,770.0,14.355,limiar_050,0.9538422318273235,False,True,demanda_alta,0.5
D1T1A,770.0,771.0,780.0,0.0,limiar_050,0.10168096952666957,False,False,frenagem,0.5
D1T1A,780.0,781.0,790.0,0.0,limiar_050,0.03616709479243157,False,False,frenagem,0.5
D1T1A,790.0,791.0,800.0,0.0,limiar_050,0.044841563399983846,False,False,frenagem,0.5
D1T1A,800.0,801.0,810.0,0.755,limiar_050,0.19354902425756673,False,False,movimento,0.5
D1T1A,810.0,811.0,820.0,3.5349999999999993,limiar_050,0.1656233744257678,False,False,movimento,0.5
D1T1A,820.0,821.0,830.0,3.285,limiar_050,0.07069590698430481,False,False,movimento,0.5
D1T1A,830.0,831.0,840.0,2.2800000000000002,limiar_050,0.14456328190474158,False,False,frenagem,0.5
D1T1A,840.0,841.0,850.0,32.415,limiar_050,0.19112638623905237,True,False,parado,0.5
D1T1A,850.0,851.0,860.0,34.364999999999995,limiar_050,0.9116362356293487,True,True,demanda_alta,0.5
D1T1A,860.0,861.0,870.0,19.4,limiar_050,0.7638856552261832,True,True,movimento,0.5
D1T1A,870.0,871.0,880.0,15.099999999999998,limiar_050,0.8873532103047828,False,True,demanda_alta,0.5
D1T1A,880.0,881.0,890.0,1.45,limiar_050,0.2331821356177334,False,False,freio_fora_faixa,0.5
D1T1A,890.0,891.0,900.0,4.99,limiar_050,0.4672184141983394,False,False,freio_fora_faixa,0.5
D1T1A,900.0,901.0,910.0,3.8349999999999995,limiar_050,0.383405575622025,False,False,movimento,0.5
D1T1A,910.0,911.0,920.0,2.5149999999999997,limiar_050,0.30753912349123924,False,False,frenagem,0.5
D1T1A,920.0,921.0,930.0,2.425,limiar_050,0.010884198342961292,False,False,parado,0.5
D1T1A,930.0,931.0,940.0,28.48,limiar_050,0.010006098345581173,True,False,parado,0.5
D1T1A,940.0,941.0,950.0,37.18,limiar_050,0.9503310924684759,True,True,demanda_alta,0.5
D1T1A,950.0,951.0,960.0,7.425,limiar_050,0.9019550092394145,False,True,demanda_alta,0.5
D1T1A,960.0,961.0,970.0,0.0,limiar_050,0.09290531451985215,False,False,movimento,0.5
D1T1A,970.0,971.0,980.0,0.0,limiar_050,0.042520404718754214,False,False,movimento,0.5
D1T1A,980.0,981.0,990.0,0.0,limiar_050,0.07134901320079483,False,False,movimento,0.5
D1T1A,990.0,991.0,1000.0,0.0,limiar_050,0.03425846805125529,False,False,frenagem,0.5
D1T1A,1000.0,1001.0,1010.0,0.0,limiar_050,0.04477090033642002,False,False,freio_fora_faixa,0.5
D1T1A,1010.0,1011.0,1020.0,0.25,limiar_050,0.016107704254600917,False,False,frenagem,0.5
D1T1A,1020.0,1021.0,1030.0,2.4899999999999998,limiar_050,0.2526748766221874,False,False,freio_fora_faixa,0.5
D1T1A,1030.0,1031.0,1040.0,11.375,limiar_050,0.011676150888004612,False,False,frenagem,0.5
D1T1A,1040.0,1041.0,1050.0,0.5900000000000001,limiar_050,0.761181417082968,False,True,movimento,0.5
D1T1A,1050.0,1051.0,1060.0,0.0,limiar_050,0.21860759544249656,False,False,frenagem,0.5
D1T1A,1060.0,1061.0,1070.0,1.3699999999999999,limiar_050,0.03897706633469367,False,False,movimento,0.5
D1T1A,1070.0,1071.0,1080.0,2.7350000000000003,limiar_050,0.3494224205346859,False,False,frenagem,0.5
D1T1A,1080.0,1081.0,1090.0,16.115000000000002,limiar_050,0.008777711103705179,False,False,parado,0.5
D1T1A,1090.0,1091.0,1100.0,9.83,limiar_050,0.9295277320094913,False,True,demanda_alta,0.5
D1T1A,1100.0,1101.0,1110.0,5.65,limiar_050,0.35034778777390757,False,False,freio_fora_faixa,0.5
D1T1A,1110.0,1111.0,1120.0,12.295,limiar_050,0.3028029236091618,False,False,movimento,0.5
D1T1A,1120.0,1121.0,1130.0,31.044999999999998,limiar_050,0.9280505243445402,True,True,freio_fora_faixa,0.5
D1T1A,1130.0,1131.0,1140.0,16.805,limiar_050,0.20127888190674345,True,False,movimento,0.5
D1T1A,1140.0,1141.0,1150.0,13.684999999999999,limiar_050,0.8976663349922218,False,True,demanda_alta,0.5
D1T1A,1150.0,1151.0,1160.0,0.0,limiar_050,0.12268815153567605,False,False,freio_fora_faixa,0.5
D1T1A,1160.0,1161.0,1170.0,0.0,limiar_050,0.06867603934175331,False,False,freio_fora_faixa,0.5
D1T1A,1170.0,1171.0,1180.0,1.36,limiar_050,0.041199064764584466,False,False,freio_fora_faixa,0.5
D1T1A,1180.0,1181.0,1190.0,2.3549999999999995,limiar_050,0.41159607841403073,False,False,frenagem,0.5
D1T1A,1190.0,1191.0,1200.0,2.285,limiar_050,0.011578428792911625,False,False,freio_fora_faixa,0.5
D1T1A,1200.0,1201.0,1210.0,2.265,limiar_050,0.010435287780918153,False,False,parado,0.5
D1T1A,1210.0,1211.0,1220.0,2.93,limiar_050,0.011204518550148923,False,False,parado,0.5
D1T1A,1220.0,1221.0,1230.0,34.45,limiar_050,0.37126801827994527,True,False,movimento,0.5
D1T1A,1230.0,1231.0,1240.0,2.065,limiar_050,0.9256506116412069,False,True,demanda_alta,0.5
D1T1A,1240.0,1241.0,1250.0,0.0,limiar_050,0.13497189775904953,False,False,freio_fora_faixa,0.5
D1T1A,1250.0,1251.0,1260.0,26.43,limiar_050,0.05247652045621034,True,False,frenagem,0.5
D1T1A,1260.0,1261.0,1270.0,4.59,limiar_050,0.9018313423654115,False,True,demanda_alta,0.5
D1T1A,1270.0,1271.0,1280.0,0.0,limiar_050,0.10934333633046939,False,False,freio_fora_faixa,0.5
D1T1A,1280.0,1281.0,1290.0,0.0,limiar_050,0.04474815158258437,False,False,frenagem,0.5
D1T1A,1290.0,1291.0,1300.0,2.165,limiar_050,0.05588614084904842,False,False,freio_fora_faixa,0.5
D1T1A,1300.0,1301.0,1310.0,2.3200000000000003,limiar_050,0.21217200744903678,False,False,freio_fora_faixa,0.5
D1T1A,1310.0,1311.0,1320.0,2.2950000000000004,limiar_050,0.010990193498793977,False,False,freio_fora_faixa,0.5
D1T1A,1320.0,1321.0,1330.0,2.305,limiar_050,0.010990193498793977,False,False,freio_fora_faixa,0.5
D1T1A,1330.0,1331.0,1340.0,2.645,limiar_050,0.010333643979640086,False,False,parado,0.5
D1T1A,1340.0,1341.0,1350.0,10.25,limiar_050,0.22788457992788438,False,False,freio_fora_faixa,0.5
D1T1A,1350.0,1351.0,1360.0,6.81,limiar_050,0.47132988442513435,False,False,freio_fora_faixa,0.5
D1T1A,1360.0,1361.0,1370.0,5.88,limiar_050,0.34876522744266963,False,False,freio_fora_faixa,0.5
D1T1A,1370.0,1371.0,1380.0,5.63,limiar_050,0.2652204227214451,False,False,freio_fora_faixa,0.5
D1T1A,1380.0,1381.0,1390.0,4.279999999999999,limiar_050,0.2690970300632667,False,False,movimento,0.5
D1T1A,1390.0,1391.0,1400.0,3.185,limiar_050,0.2702718475781817,False,False,freio_fora_faixa,0.5
D1T1A,1400.0,1401.0,1410.0,3.9,limiar_050,0.10625791410647623,False,False,frenagem,0.5
D1T1A,1410.0,1411.0,1420.0,22.715,limiar_050,0.27486168614108103,True,False,movimento,0.5
D1T1A,1420.0,1421.0,1430.0,39.73,limiar_050,0.9340761607242328,True,True,demanda_alta,0.5
D1T1A,1430.0,1431.0,1440.0,6.640000000000001,limiar_050,0.9037697796285481,False,True,demanda_alta,0.5
D1T1A,1440.0,1441.0,1450.0,0.51,limiar_050,0.16453157492805331,False,False,frenagem,0.5
D1T1A,1450.0,1451.0,1460.0,2.325,limiar_050,0.19330664857372265,False,False,frenagem,0.5
D1T1A,1460.0,1461.0,1470.0,2.66,limiar_050,0.019895377562069133,False,False,parado,0.5
D1T1A,1470.0,1471.0,1480.0,16.055,limiar_050,0.4163553779096613,False,False,parado,0.5
D1T1A,1480.0,1481.0,1490.0,13.495,limiar_050,0.4441718300671904,False,False,movimento,0.5
D1T1A,1490.0,1491.0,1500.0,12.165,limiar_050,0.5772886389874935,False,True,movimento,0.5
D1T1A,1500.0,1501.0,1510.0,7.084999999999999,limiar_050,0.30153173826014334,False,False,movimento,0.5
D1T1A,1510.0,1511.0,1520.0,11.065,limiar_050,0.400325454535848,False,False,movimento,0.5
D1T1A,1520.0,1521.0,1530.0,10.540000000000003,limiar_050,0.4401900910232272,False,False,movimento,0.5
D1T1A,1530.0,1531.0,1540.0,9.655,limiar_050,0.2544418443036546,False,False,movimento,0.5
D1T1A,1540.0,1541.0,1550.0,5.95,limiar_050,0.2622710264457989,False,False,movimento,0.5
D1T1A,1550.0,1551.0,1560.0,32.74,limiar_050,0.7818974643426472,True,True,movimento,0.5
D1T1A,1560.0,1561.0,1570.0,24.35,limiar_050,0.8950531388286999,True,True,demanda_alta,0.5
D1T1A,1570.0,1571.0,1580.0,11.030000000000001,limiar_050,0.31715829372259935,False,False,movimento,0.5
D1T1A,1580.0,1581.0,1590.0,30.9,limiar_050,0.8975523643974194,True,True,freio_fora_faixa,0.5
D1T1A,1590.0,1591.0,1600.0,16.57,limiar_050,0.8659851348945264,True,True,demanda_alta,0.5
D1T1A,1600.0,1601.0,1610.0,18.595000000000002,limiar_050,0.6116413697477702,True,True,movimento,0.5
D1T1A,1610.0,1611.0,1620.0,16.94,limiar_050,0.786534117245182,True,True,freio_fora_faixa,0.5
D1T1A,1620.0,1621.0,1630.0,26.82,limiar_050,0.8392828605127963,True,True,freio_fora_faixa,0.5
D1T1A,1630.0,1631.0,1640.0,22.534999999999997,limiar_050,0.8714922196069429,True,True,demanda_alta,0.5
D1T1A,1640.0,1641.0,1650.0,8.875,limiar_050,0.7637729919434453,False,True,freio_fora_faixa,0.5
D1T1A,1650.0,1651.0,1660.0,2.3,limiar_050,0.196153108365518,False,False,movimento,0.5
D1T1A,1660.0,1661.0,1670.0,2.6799999999999997,limiar_050,0.2763129673692931,False,False,frenagem,0.5
D1T1A,1670.0,1671.0,1680.0,2.675,limiar_050,0.010884198342961292,False,False,parado,0.5
D1T1A,1680.0,1681.0,1690.0,2.545,limiar_050,0.010435287780918153,False,False,parado,0.5
D1T1A,1690.0,1691.0,1700.0,2.355,limiar_050,0.011578428792911625,False,False,freio_fora_faixa,0.5
D1T1A,1700.0,1701.0,1710.0,2.275,limiar_050,0.011578428792911625,False,False,freio_fora_faixa,0.5
D1T1A,1710.0,1711.0,1720.0,4.745,limiar_050,0.00451188098212521,False,False,parado,0.5
D1T1A,1720.0,1721.0,1730.0,34.47,limiar_050,0.630922826777879,True,True,movimento,0.5
D1T1A,1730.0,1731.0,1740.0,45.01499999999999,limiar_050,0.9445129289676916,True,True,freio_fora_faixa,0.5
D1T1A,1740.0,1741.0,1750.0,32.42,limiar_050,0.9043941628637329,True,True,demanda_alta,0.5
D1T1A,1750.0,1751.0,1760.0,3.4799999999999995,limiar_050,0.23939557600036754,False,False,movimento,0.5
D1T1A,1760.0,1761.0,1770.0,36.084999999999994,limiar_050,0.789625343651488,True,True,freio_fora_faixa,0.5
D1T1A,1770.0,1771.0,1780.0,38.815,limiar_050,0.9529788308388513,True,True,demanda_alta,0.5
D1T1A,1780.0,1781.0,1790.0,9.200000000000001,limiar_050,0.684555086900142,False,True,freio_fora_faixa,0.5
D1T1A,1790.0,1791.0,1800.0,0.0,limiar_050,0.08960046862443623,False,False,freio_fora_faixa,0.5
D1T1A,1800.0,1801.0,1810.0,0.7849999999999999,limiar_050,0.18701547049603742,False,False,frenagem,0.5
D1T1A,1810.0,1811.0,1820.0,3.2150000000000007,limiar_050,0.3685091116739997,False,False,frenagem,0.5
D1T1A,1820.0,1821.0,1830.0,2.7150000000000003,limiar_050,0.13213246355966032,False,False,frenagem,0.5
D1T1A,1830.0,1831.0,1840.0,10.915000000000001,limiar_050,0.00976508527368575,False,False,parado,0.5
D1T1A,1840.0,1841.0,1850.0,3.6849999999999996,limiar_050,0.8279165960623636,False,True,movimento,0.5
D1T1A,1850.0,1851.0,1860.0,4.62,limiar_050,0.24387367685564534,False,False,frenagem,0.5
D1T1A,1860.0,1861.0,1870.0,23.145000000000003,limiar_050,0.8387354081061619,True,True,demanda_alta,0.5
D1T1A,1870.0,1871.0,1880.0,8.405,limiar_050,0.6082793431278581,False,True,freio_fora_faixa,0.5
D1T1A,1880.0,1881.0,1890.0,7.065,limiar_050,0.2928478610822029,False,False,movimento,0.5
D1T1A,1890.0,1891.0,1900.0,12.22,limiar_050,0.5033950170747281,False,True,movimento,0.5
D1T1A,1900.0,1901.0,1910.0,0.0,limiar_050,0.3757916987454815,False,False,freio_fora_faixa,0.5
D1T1A,1910.0,1911.0,1920.0,0.0,limiar_050,0.04644272306475496,False,False,freio_fora_faixa,0.5
D1T1A,1920.0,1921.0,1930.0,0.06999999999999999,limiar_050,0.02665284461563982,False,False,frenagem,0.5
D1T1A,1930.0,1931.0,1940.0,15.724999999999998,limiar_050,0.2573633264102517,False,False,movimento,0.5
D1T1A,1940.0,1941.0,1950.0,25.155,limiar_050,0.8405108098754561,True,True,demanda_alta,0.5
D1T1A,1950.0,1951.0,1960.0,17.37,limiar_050,0.8418780371634295,True,True,demanda_alta,0.5
D1T1A,1960.0,1961.0,1970.0,3.4549999999999996,limiar_050,0.6443398174755474,False,True,movimento,0.5
D1T1A,1970.0,1971.0,1980.0,0.8300000000000001,limiar_050,0.11876163277575434,False,False,movimento,0.5
D1T1A,10.0,11.0,20.0,2.5700000000000003,limiar_ajustado,0.007455787000020289,False,False,parado,0.65
D1T1A,20.0,21.0,30.0,10.010000000000002,limiar_ajustado,0.0974730960377771,False,False,parado,0.65
D1T1A,30.0,31.0,40.0,9.229999999999999,limiar_ajustado,0.6080157608363365,False,False,movimento,0.65
D1T1A,40.0,41.0,50.0,9.735000000000001,limiar_ajustado,0.2571050161333507,False,False,movimento,0.65
D1T1A,50.0,51.0,60.0,1.6300000000000001,limiar_ajustado,0.3113722340104506,False,False,movimento,0.65
D1T1A,60.0,61.0,70.0,7.0550000000000015,limiar_ajustado,0.43326982620891563,False,False,movimento,0.65
D1T1A,70.0,71.0,80.0,1.8050000000000002,limiar_ajustado,0.13896007942543803,False,False,movimento,0.65
D1T1A,80.0,81.0,90.0,2.6249999999999996,limiar_ajustado,0.12224961429368962,False,False,frenagem,0.65
D1T1A,90.0,91.0,100.0,10.135,limiar_ajustado,0.023085257329131675,False,False,parado,0.65
D1T1A,100.0,101.0,110.0,1.435,limiar_ajustado,0.32917607492917106,False,False,freio_fora_faixa,0.65
D1T1A,110.0,111.0,120.0,0.0,limiar_ajustado,0.2584233766473495,False,False,frenagem,0.65
D1T1A,120.0,121.0,130.0,0.0,limiar_ajustado,0.025077753451612873,False,False,frenagem,0.65
D1T1A,130.0,131.0,140.0,0.0,limiar_ajustado,0.024201002235660417,False,False,frenagem,0.65
D1T1A,140.0,141.0,150.0,0.385,limiar_ajustado,0.03220030506940385,False,False,frenagem,0.65
D1T1A,150.0,151.0,160.0,12.209999999999999,limiar_ajustado,0.14700437182569956,False,False,frenagem,0.65
D1T1A,160.0,161.0,170.0,30.314999999999998,limiar_ajustado,0.9439369824664019,True,True,demanda_alta,0.65
D1T1A,170.0,171.0,180.0,10.215,limiar_ajustado,0.7679682636878422,False,True,demanda_alta,0.65
D1T1A,180.0,181.0,190.0,18.545,limiar_ajustado,0.24274314348069523,True,False,freio_fora_faixa,0.65
D1T1A,190.0,191.0,200.0,36.989999999999995,limiar_ajustado,0.9429197189794359,True,True,demanda_alta,0.65
D1T1A,200.0,201.0,210.0,43.785,limiar_ajustado,0.9539585484112453,True,True,demanda_alta,0.65
D1T1A,210.0,211.0,220.0,28.380000000000003,limiar_ajustado,0.9451209470195061,True,True,freio_fora_faixa,0.65
D1T1A,220.0,221.0,230.0,18.395000000000003,limiar_ajustado,0.8385237570547039,True,True,demanda_alta,0.65
D1T1A,230.0,231.0,240.0,31.840000000000003,limiar_ajustado,0.8781629129921883,True,True,freio_fora_faixa,0.65
D1T1A,240.0,241.0,250.0,9.025,limiar_ajustado,0.7434220677614243,False,True,movimento,0.65
D1T1A,250.0,251.0,260.0,0.0,limiar_ajustado,0.07481699957807768,False,False,frenagem,0.65
D1T1A,260.0,261.0,270.0,0.0,limiar_ajustado,0.027549078806918675,False,False,frenagem,0.65
D1T1A,270.0,271.0,280.0,15.065000000000001,limiar_ajustado,0.048095511361723915,False,False,freio_fora_faixa,0.65
D1T1A,280.0,281.0,290.0,27.21,limiar_ajustado,0.27494740262542666,True,False,freio_fora_faixa,0.65
D1T1A,290.0,291.0,300.0,36.11999999999999,limiar_ajustado,0.9491468057416995,True,True,demanda_alta,0.65
D1T1A,300.0,301.0,310.0,41.2,limiar_ajustado,0.9534929076850925,True,True,demanda_alta,0.65
D1T1A,310.0,311.0,320.0,13.219999999999999,limiar_ajustado,0.9127881469485488,False,True,freio_fora_faixa,0.65
D1T1A,320.0,321.0,330.0,3.4200000000000004,limiar_ajustado,0.13535768112927404,False,False,movimento,0.65
D1T1A,330.0,331.0,340.0,3.8950000000000005,limiar_ajustado,0.44807752472381224,False,False,movimento,0.65
D1T1A,340.0,341.0,350.0,2.3600000000000003,limiar_ajustado,0.20671249523497603,False,False,parado,0.65
D1T1A,350.0,351.0,360.0,2.295,limiar_ajustado,0.003527583924617219,False,False,parado,0.65
D1T1A,360.0,361.0,370.0,2.2849999999999997,limiar_ajustado,0.003527583924617219,False,False,parado,0.65
D1T1A,370.0,371.0,380.0,2.27,limiar_ajustado,0.00698133099721675,False,False,freio_fora_faixa,0.65
D1T1A,380.0,381.0,390.0,2.265,limiar_ajustado,0.00638014802718132,False,False,parado,0.65
D1T1A,390.0,391.0,400.0,2.2649999999999997,limiar_ajustado,0.003949592471625765,False,False,parado,0.65
D1T1A,400.0,401.0,410.0,2.305,limiar_ajustado,0.007627698518584271,False,False,freio_fora_faixa,0.65
D1T1A,410.0,411.0,420.0,30.3,limiar_ajustado,0.24978131285673552,True,False,parado,0.65
D1T1A,420.0,421.0,430.0,28.735000000000003,limiar_ajustado,0.932229305805935,True,True,demanda_alta,0.65
D1T1A,430.0,431.0,440.0,17.75,limiar_ajustado,0.8321134790593366,True,True,freio_fora_faixa,0.65
D1T1A,440.0,441.0,450.0,10.555,limiar_ajustado,0.45485947953709527,False,False,movimento,0.65
D1T1A,450.0,451.0,460.0,8.255,limiar_ajustado,0.2714599651031034,False,False,freio_fora_faixa,0.65
D1T1A,460.0,461.0,470.0,6.959999999999999,limiar_ajustado,0.2100150950137627,False,False,movimento,0.65
D1T1A,470.0,471.0,480.0,10.17,limiar_ajustado,0.22338056274905407,False,False,movimento,0.65
D1T1A,480.0,481.0,490.0,15.385,limiar_ajustado,0.746456926755318,False,True,freio_fora_faixa,0.65
D1T1A,490.0,491.0,500.0,17.729999999999997,limiar_ajustado,0.5830384018213858,True,False,freio_fora_faixa,0.65
D1T1A,500.0,501.0,510.0,15.95,limiar_ajustado,0.7793869011895199,False,True,demanda_alta,0.65
D1T1A,510.0,511.0,520.0,16.465,limiar_ajustado,0.44298692931336836,False,False,freio_fora_faixa,0.65
D1T1A,520.0,521.0,530.0,17.23,limiar_ajustado,0.555050219991476,True,False,freio_fora_faixa,0.65
D1T1A,530.0,531.0,540.0,16.61,limiar_ajustado,0.9223824207467292,True,True,demanda_alta,0.65
D1T1A,540.0,541.0,550.0,0.0,limiar_ajustado,0.08886099072131305,False,False,freio_fora_faixa,0.65
D1T1A,550.0,551.0,560.0,0.0,limiar_ajustado,0.01750841078580417,False,False,frenagem,0.65
D1T1A,560.0,561.0,570.0,16.46,limiar_ajustado,0.03517819286367408,False,False,frenagem,0.65
D1T1A,570.0,571.0,580.0,4.4350000000000005,limiar_ajustado,0.9061986260722145,False,True,demanda_alta,0.65
D1T1A,580.0,581.0,590.0,0.0,limiar_ajustado,0.09560185110688496,False,False,frenagem,0.65
D1T1A,590.0,591.0,600.0,0.0,limiar_ajustado,0.03919766256023568,False,False,movimento,0.65
D1T1A,600.0,601.0,610.0,0.0,limiar_ajustado,0.03692048465138289,False,False,movimento,0.65
D1T1A,610.0,611.0,620.0,0.0,limiar_ajustado,0.0484683850864373,False,False,frenagem,0.65
D1T1A,620.0,621.0,630.0,5.845000000000001,limiar_ajustado,0.1285590243001436,False,False,frenagem,0.65
D1T1A,630.0,631.0,640.0,9.204999999999998,limiar_ajustado,0.6451082868237673,False,False,movimento,0.65
D1T1A,640.0,641.0,650.0,1.2400000000000002,limiar_ajustado,0.275937303744556,False,False,freio_fora_faixa,0.65
D1T1A,650.0,651.0,660.0,2.74,limiar_ajustado,0.2633914584891269,False,False,freio_fora_faixa,0.65
D1T1A,660.0,661.0,670.0,2.465,limiar_ajustado,0.015286155384548576,False,False,parado,0.65
D1T1A,670.0,671.0,680.0,2.41,limiar_ajustado,0.005071238602049728,False,False,parado,0.65
D1T1A,680.0,681.0,690.0,2.2600000000000002,limiar_ajustado,0.003527583924617219,False,False,parado,0.65
D1T1A,690.0,691.0,700.0,7.8549999999999995,limiar_ajustado,0.004296814693847988,False,False,parado,0.65
D1T1A,700.0,701.0,710.0,19.36,limiar_ajustado,0.6983257351074249,True,True,movimento,0.65
D1T1A,710.0,711.0,720.0,26.429999999999996,limiar_ajustado,0.8610954407792619,True,True,demanda_alta,0.65
D1T1A,720.0,721.0,730.0,25.525,limiar_ajustado,0.6519611515674693,True,True,movimento,0.65
D1T1A,730.0,731.0,740.0,41.65,limiar_ajustado,0.9244492160132022,True,True,demanda_alta,0.65
D1T1A,740.0,741.0,750.0,44.980000000000004,limiar_ajustado,0.9204175879113037,True,True,demanda_alta,0.65
D1T1A,750.0,751.0,760.0,27.115,limiar_ajustado,0.8136586416603165,True,True,demanda_alta,0.65
D1T1A,760.0,761.0,770.0,14.355,limiar_ajustado,0.9538422318273235,False,True,demanda_alta,0.65
D1T1A,770.0,771.0,780.0,0.0,limiar_ajustado,0.10168096952666957,False,False,frenagem,0.65
D1T1A,780.0,781.0,790.0,0.0,limiar_ajustado,0.03616709479243157,False,False,frenagem,0.65
D1T1A,790.0,791.0,800.0,0.0,limiar_ajustado,0.044841563399983846,False,False,frenagem,0.65
D1T1A,800.0,801.0,810.0,0.755,limiar_ajustado,0.19354902425756673,False,False,movimento,0.65
D1T1A,810.0,811.0,820.0,3.5349999999999993,limiar_ajustado,0.1656233744257678,False,False,movimento,0.65
D1T1A,820.0,821.0,830.0,3.285,limiar_ajustado,0.07069590698430481,False,False,movimento,0.65
D1T1A,830.0,831.0,840.0,2.2800000000000002,limiar_ajustado,0.14456328190474158,False,False,frenagem,0.65
D1T1A,840.0,841.0,850.0,32.415,limiar_ajustado,0.19112638623905237,True,False,parado,0.65
D1T1A,850.0,851.0,860.0,34.364999999999995,limiar_ajustado,0.9116362356293487,True,True,demanda_alta,0.65
D1T1A,860.0,861.0,870.0,19.4,limiar_ajustado,0.7638856552261832,True,True,movimento,0.65
D1T1A,870.0,871.0,880.0,15.099999999999998,limiar_ajustado,0.8873532103047828,False,True,demanda_alta,0.65
D1T1A,880.0,881.0,890.0,1.45,limiar_ajustado,0.2331821356177334,False,False,freio_fora_faixa,0.65
D1T1A,890.0,891.0,900.0,4.99,limiar_ajustado,0.4672184141983394,False,False,freio_fora_faixa,0.65
D1T1A,900.0,901.0,910.0,3.8349999999999995,limiar_ajustado,0.383405575622025,False,False,movimento,0.65
D1T1A,910.0,911.0,920.0,2.5149999999999997,limiar_ajustado,0.30753912349123924,False,False,frenagem,0.65
D1T1A,920.0,921.0,930.0,2.425,limiar_ajustado,0.010884198342961292,False,False,parado,0.65
D1T1A,930.0,931.0,940.0,28.48,limiar_ajustado,0.010006098345581173,True,False,parado,0.65
D1T1A,940.0,941.0,950.0,37.18,limiar_ajustado,0.9503310924684759,True,True,demanda_alta,0.65
D1T1A,950.0,951.0,960.0,7.425,limiar_ajustado,0.9019550092394145,False,True,demanda_alta,0.65
D1T1A,960.0,961.0,970.0,0.0,limiar_ajustado,0.09290531451985215,False,False,movimento,0.65
D1T1A,970.0,971.0,980.0,0.0,limiar_ajustado,0.042520404718754214,False,False,movimento,0.65
D1T1A,980.0,981.0,990.0,0.0,limiar_ajustado,0.07134901320079483,False,False,movimento,0.65
D1T1A,990.0,991.0,1000.0,0.0,limiar_ajustado,0.03425846805125529,False,False,frenagem,0.65
D1T1A,1000.0,1001.0,1010.0,0.0,limiar_ajustado,0.04477090033642002,False,False,freio_fora_faixa,0.65
D1T1A,1010.0,1011.0,1020.0,0.25,limiar_ajustado,0.016107704254600917,False,False,frenagem,0.65
D1T1A,1020.0,1021.0,1030.0,2.4899999999999998,limiar_ajustado,0.2526748766221874,False,False,freio_fora_faixa,0.65
D1T1A,1030.0,1031.0,1040.0,11.375,limiar_ajustado,0.011676150888004612,False,False,frenagem,0.65
D1T1A,1040.0,1041.0,1050.0,0.5900000000000001,limiar_ajustado,0.761181417082968,False,True,movimento,0.65
D1T1A,1050.0,1051.0,1060.0,0.0,limiar_ajustado,0.21860759544249656,False,False,frenagem,0.65
D1T1A,1060.0,1061.0,1070.0,1.3699999999999999,limiar_ajustado,0.03897706633469367,False,False,movimento,0.65
D1T1A,1070.0,1071.0,1080.0,2.7350000000000003,limiar_ajustado,0.3494224205346859,False,False,frenagem,0.65
D1T1A,1080.0,1081.0,1090.0,16.115000000000002,limiar_ajustado,0.008777711103705179,False,False,parado,0.65
D1T1A,1090.0,1091.0,1100.0,9.83,limiar_ajustado,0.9295277320094913,False,True,demanda_alta,0.65
D1T1A,1100.0,1101.0,1110.0,5.65,limiar_ajustado,0.35034778777390757,False,False,freio_fora_faixa,0.65
D1T1A,1110.0,1111.0,1120.0,12.295,limiar_ajustado,0.3028029236091618,False,False,movimento,0.65
D1T1A,1120.0,1121.0,1130.0,31.044999999999998,limiar_ajustado,0.9280505243445402,True,True,freio_fora_faixa,0.65
D1T1A,1130.0,1131.0,1140.0,16.805,limiar_ajustado,0.20127888190674345,True,False,movimento,0.65
D1T1A,1140.0,1141.0,1150.0,13.684999999999999,limiar_ajustado,0.8976663349922218,False,True,demanda_alta,0.65
D1T1A,1150.0,1151.0,1160.0,0.0,limiar_ajustado,0.12268815153567605,False,False,freio_fora_faixa,0.65
D1T1A,1160.0,1161.0,1170.0,0.0,limiar_ajustado,0.06867603934175331,False,False,freio_fora_faixa,0.65
D1T1A,1170.0,1171.0,1180.0,1.36,limiar_ajustado,0.041199064764584466,False,False,freio_fora_faixa,0.65
D1T1A,1180.0,1181.0,1190.0,2.3549999999999995,limiar_ajustado,0.41159607841403073,False,False,frenagem,0.65
D1T1A,1190.0,1191.0,1200.0,2.285,limiar_ajustado,0.011578428792911625,False,False,freio_fora_faixa,0.65
D1T1A,1200.0,1201.0,1210.0,2.265,limiar_ajustado,0.010435287780918153,False,False,parado,0.65
D1T1A,1210.0,1211.0,1220.0,2.93,limiar_ajustado,0.011204518550148923,False,False,parado,0.65
D1T1A,1220.0,1221.0,1230.0,34.45,limiar_ajustado,0.37126801827994527,True,False,movimento,0.65
D1T1A,1230.0,1231.0,1240.0,2.065,limiar_ajustado,0.9256506116412069,False,True,demanda_alta,0.65
D1T1A,1240.0,1241.0,1250.0,0.0,limiar_ajustado,0.13497189775904953,False,False,freio_fora_faixa,0.65
D1T1A,1250.0,1251.0,1260.0,26.43,limiar_ajustado,0.05247652045621034,True,False,frenagem,0.65
D1T1A,1260.0,1261.0,1270.0,4.59,limiar_ajustado,0.9018313423654115,False,True,demanda_alta,0.65
D1T1A,1270.0,1271.0,1280.0,0.0,limiar_ajustado,0.10934333633046939,False,False,freio_fora_faixa,0.65
D1T1A,1280.0,1281.0,1290.0,0.0,limiar_ajustado,0.04474815158258437,False,False,frenagem,0.65
D1T1A,1290.0,1291.0,1300.0,2.165,limiar_ajustado,0.05588614084904842,False,False,freio_fora_faixa,0.65
D1T1A,1300.0,1301.0,1310.0,2.3200000000000003,limiar_ajustado,0.21217200744903678,False,False,freio_fora_faixa,0.65
D1T1A,1310.0,1311.0,1320.0,2.2950000000000004,limiar_ajustado,0.010990193498793977,False,False,freio_fora_faixa,0.65
D1T1A,1320.0,1321.0,1330.0,2.305,limiar_ajustado,0.010990193498793977,False,False,freio_fora_faixa,0.65
D1T1A,1330.0,1331.0,1340.0,2.645,limiar_ajustado,0.010333643979640086,False,False,parado,0.65
D1T1A,1340.0,1341.0,1350.0,10.25,limiar_ajustado,0.22788457992788438,False,False,freio_fora_faixa,0.65
D1T1A,1350.0,1351.0,1360.0,6.81,limiar_ajustado,0.47132988442513435,False,False,freio_fora_faixa,0.65
D1T1A,1360.0,1361.0,1370.0,5.88,limiar_ajustado,0.34876522744266963,False,False,freio_fora_faixa,0.65
D1T1A,1370.0,1371.0,1380.0,5.63,limiar_ajustado,0.2652204227214451,False,False,freio_fora_faixa,0.65
D1T1A,1380.0,1381.0,1390.0,4.279999999999999,limiar_ajustado,0.2690970300632667,False,False,movimento,0.65
D1T1A,1390.0,1391.0,1400.0,3.185,limiar_ajustado,0.2702718475781817,False,False,freio_fora_faixa,0.65
D1T1A,1400.0,1401.0,1410.0,3.9,limiar_ajustado,0.10625791410647623,False,False,frenagem,0.65
D1T1A,1410.0,1411.0,1420.0,22.715,limiar_ajustado,0.27486168614108103,True,False,movimento,0.65
D1T1A,1420.0,1421.0,1430.0,39.73,limiar_ajustado,0.9340761607242328,True,True,demanda_alta,0.65
D1T1A,1430.0,1431.0,1440.0,6.640000000000001,limiar_ajustado,0.9037697796285481,False,True,demanda_alta,0.65
D1T1A,1440.0,1441.0,1450.0,0.51,limiar_ajustado,0.16453157492805331,False,False,frenagem,0.65
D1T1A,1450.0,1451.0,1460.0,2.325,limiar_ajustado,0.19330664857372265,False,False,frenagem,0.65
D1T1A,1460.0,1461.0,1470.0,2.66,limiar_ajustado,0.019895377562069133,False,False,parado,0.65
D1T1A,1470.0,1471.0,1480.0,16.055,limiar_ajustado,0.4163553779096613,False,False,parado,0.65
D1T1A,1480.0,1481.0,1490.0,13.495,limiar_ajustado,0.4441718300671904,False,False,movimento,0.65
D1T1A,1490.0,1491.0,1500.0,12.165,limiar_ajustado,0.5772886389874935,False,False,movimento,0.65
D1T1A,1500.0,1501.0,1510.0,7.084999999999999,limiar_ajustado,0.30153173826014334,False,False,movimento,0.65
D1T1A,1510.0,1511.0,1520.0,11.065,limiar_ajustado,0.400325454535848,False,False,movimento,0.65
D1T1A,1520.0,1521.0,1530.0,10.540000000000003,limiar_ajustado,0.4401900910232272,False,False,movimento,0.65
D1T1A,1530.0,1531.0,1540.0,9.655,limiar_ajustado,0.2544418443036546,False,False,movimento,0.65
D1T1A,1540.0,1541.0,1550.0,5.95,limiar_ajustado,0.2622710264457989,False,False,movimento,0.65
D1T1A,1550.0,1551.0,1560.0,32.74,limiar_ajustado,0.7818974643426472,True,True,movimento,0.65
D1T1A,1560.0,1561.0,1570.0,24.35,limiar_ajustado,0.8950531388286999,True,True,demanda_alta,0.65
D1T1A,1570.0,1571.0,1580.0,11.030000000000001,limiar_ajustado,0.31715829372259935,False,False,movimento,0.65
D1T1A,1580.0,1581.0,1590.0,30.9,limiar_ajustado,0.8975523643974194,True,True,freio_fora_faixa,0.65
D1T1A,1590.0,1591.0,1600.0,16.57,limiar_ajustado,0.8659851348945264,True,True,demanda_alta,0.65
D1T1A,1600.0,1601.0,1610.0,18.595000000000002,limiar_ajustado,0.6116413697477702,True,False,movimento,0.65
D1T1A,1610.0,1611.0,1620.0,16.94,limiar_ajustado,0.786534117245182,True,True,freio_fora_faixa,0.65
D1T1A,1620.0,1621.0,1630.0,26.82,limiar_ajustado,0.8392828605127963,True,True,freio_fora_faixa,0.65
D1T1A,1630.0,1631.0,1640.0,22.534999999999997,limiar_ajustado,0.8714922196069429,True,True,demanda_alta,0.65
D1T1A,1640.0,1641.0,1650.0,8.875,limiar_ajustado,0.7637729919434453,False,True,freio_fora_faixa,0.65
D1T1A,1650.0,1651.0,1660.0,2.3,limiar_ajustado,0.196153108365518,False,False,movimento,0.65
D1T1A,1660.0,1661.0,1670.0,2.6799999999999997,limiar_ajustado,0.2763129673692931,False,False,frenagem,0.65
D1T1A,1670.0,1671.0,1680.0,2.675,limiar_ajustado,0.010884198342961292,False,False,parado,0.65
D1T1A,1680.0,1681.0,1690.0,2.545,limiar_ajustado,0.010435287780918153,False,False,parado,0.65
D1T1A,1690.0,1691.0,1700.0,2.355,limiar_ajustado,0.011578428792911625,False,False,freio_fora_faixa,0.65
D1T1A,1700.0,1701.0,1710.0,2.275,limiar_ajustado,0.011578428792911625,False,False,freio_fora_faixa,0.65
D1T1A,1710.0,1711.0,1720.0,4.745,limiar_ajustado,0.00451188098212521,False,False,parado,0.65
D1T1A,1720.0,1721.0,1730.0,34.47,limiar_ajustado,0.630922826777879,True,False,movimento,0.65
D1T1A,1730.0,1731.0,1740.0,45.01499999999999,limiar_ajustado,0.9445129289676916,True,True,freio_fora_faixa,0.65
D1T1A,1740.0,1741.0,1750.0,32.42,limiar_ajustado,0.9043941628637329,True,True,demanda_alta,0.65
D1T1A,1750.0,1751.0,1760.0,3.4799999999999995,limiar_ajustado,0.23939557600036754,False,False,movimento,0.65
D1T1A,1760.0,1761.0,1770.0,36.084999999999994,limiar_ajustado,0.789625343651488,True,True,freio_fora_faixa,0.65
D1T1A,1770.0,1771.0,1780.0,38.815,limiar_ajustado,0.9529788308388513,True,True,demanda_alta,0.65
D1T1A,1780.0,1781.0,1790.0,9.200000000000001,limiar_ajustado,0.684555086900142,False,True,freio_fora_faixa,0.65
D1T1A,1790.0,1791.0,1800.0,0.0,limiar_ajustado,0.08960046862443623,False,False,freio_fora_faixa,0.65
D1T1A,1800.0,1801.0,1810.0,0.7849999999999999,limiar_ajustado,0.18701547049603742,False,False,frenagem,0.65
D1T1A,1810.0,1811.0,1820.0,3.2150000000000007,limiar_ajustado,0.3685091116739997,False,False,frenagem,0.65
D1T1A,1820.0,1821.0,1830.0,2.7150000000000003,limiar_ajustado,0.13213246355966032,False,False,frenagem,0.65
D1T1A,1830.0,1831.0,1840.0,10.915000000000001,limiar_ajustado,0.00976508527368575,False,False,parado,0.65
D1T1A,1840.0,1841.0,1850.0,3.6849999999999996,limiar_ajustado,0.8279165960623636,False,True,movimento,0.65
D1T1A,1850.0,1851.0,1860.0,4.62,limiar_ajustado,0.24387367685564534,False,False,frenagem,0.65
D1T1A,1860.0,1861.0,1870.0,23.145000000000003,limiar_ajustado,0.8387354081061619,True,True,demanda_alta,0.65
D1T1A,1870.0,1871.0,1880.0,8.405,limiar_ajustado,0.6082793431278581,False,False,freio_fora_faixa,0.65
D1T1A,1880.0,1881.0,1890.0,7.065,limiar_ajustado,0.2928478610822029,False,False,movimento,0.65
D1T1A,1890.0,1891.0,1900.0,12.22,limiar_ajustado,0.5033950170747281,False,False,movimento,0.65
D1T1A,1900.0,1901.0,1910.0,0.0,limiar_ajustado,0.3757916987454815,False,False,freio_fora_faixa,0.65
D1T1A,1910.0,1911.0,1920.0,0.0,limiar_ajustado,0.04644272306475496,False,False,freio_fora_faixa,0.65
D1T1A,1920.0,1921.0,1930.0,0.06999999999999999,limiar_ajustado,0.02665284461563982,False,False,frenagem,0.65
D1T1A,1930.0,1931.0,1940.0,15.724999999999998,limiar_ajustado,0.2573633264102517,False,False,movimento,0.65
D1T1A,1940.0,1941.0,1950.0,25.155,limiar_ajustado,0.8405108098754561,True,True,demanda_alta,0.65
D1T1A,1950.0,1951.0,1960.0,17.37,limiar_ajustado,0.8418780371634295,True,True,demanda_alta,0.65
D1T1A,1960.0,1961.0,1970.0,3.4549999999999996,limiar_ajustado,0.6443398174755474,False,False,movimento,0.65
D1T1A,1970.0,1971.0,1980.0,0.8300000000000001,limiar_ajustado,0.11876163277575434,False,False,movimento,0.65
D1T1B,10.0,11.0,20.0,13.02,persistencia,0.848019380262194,False,True,demanda_alta,
D1T1B,20.0,21.0,30.0,5.745,persistencia,0.3021307439459604,False,False,movimento,
D1T1B,30.0,31.0,40.0,18.474999999999998,persistencia,0.14067320308870238,True,False,movimento,
D1T1B,40.0,41.0,50.0,21.030000000000005,persistencia,0.8105341252348243,True,False,demanda_alta,
D1T1B,50.0,51.0,60.0,10.765,persistencia,0.6737111810258724,False,True,movimento,
D1T1B,60.0,61.0,70.0,0.0,persistencia,0.11066706592106317,False,False,movimento,
D1T1B,70.0,71.0,80.0,0.0,persistencia,0.0186712002449816,False,False,frenagem,
D1T1B,80.0,81.0,90.0,0.905,persistencia,0.032256052750733975,False,False,movimento,
D1T1B,90.0,91.0,100.0,8.225,persistencia,0.36020446112924454,False,False,freio_fora_faixa,
D1T1B,100.0,101.0,110.0,0.0,persistencia,0.11026451560362106,False,False,freio_fora_faixa,
D1T1B,110.0,111.0,120.0,0.0,persistencia,0.027795293332926154,False,False,frenagem,
D1T1B,120.0,121.0,130.0,0.825,persistencia,0.038322512863358554,False,False,freio_fora_faixa,
D1T1B,130.0,131.0,140.0,2.3649999999999993,persistencia,0.13992960281961803,False,False,frenagem,
D1T1B,140.0,141.0,150.0,2.4149999999999996,persistencia,0.04596296144001467,False,False,parado,
D1T1B,150.0,151.0,160.0,2.3899999999999997,persistencia,0.027841513006952118,False,False,parado,
D1T1B,160.0,161.0,170.0,8.185,persistencia,0.027073088562610034,False,False,parado,
D1T1B,170.0,171.0,180.0,28.814999999999998,persistencia,0.34284407299966074,True,False,movimento,
D1T1B,180.0,181.0,190.0,0.0,persistencia,0.7348648231846127,False,True,demanda_alta,
D1T1B,190.0,191.0,200.0,0.0,persistencia,0.0301566631548029,False,False,movimento,
D1T1B,200.0,201.0,210.0,0.0,persistencia,0.04621282488819133,False,False,frenagem,
D1T1B,210.0,211.0,220.0,9.440000000000001,persistencia,0.05843694124753132,False,False,movimento,
D1T1B,220.0,221.0,230.0,0.0,persistencia,0.15711230150158745,False,False,movimento,
D1T1B,230.0,231.0,240.0,0.0,persistencia,0.016678636590548922,False,False,frenagem,
D1T1B,240.0,241.0,250.0,0.0,persistencia,0.046460633255231,False,False,frenagem,
D1T1B,250.0,251.0,260.0,0.0,persistencia,0.041680363818819274,False,False,frenagem,
D1T1B,260.0,261.0,270.0,1.365,persistencia,0.020138966345306743,False,False,frenagem,
D1T1B,270.0,271.0,280.0,2.7299999999999995,persistencia,0.16574760412672299,False,False,frenagem,
D1T1B,280.0,281.0,290.0,2.5549999999999997,persistencia,0.11111186991421991,False,False,frenagem,
D1T1B,290.0,291.0,300.0,2.715,persistencia,0.09952155543853661,False,False,movimento,
D1T1B,300.0,301.0,310.0,2.27,persistencia,0.09990173594938538,False,False,frenagem,
D1T1B,310.0,311.0,320.0,2.345,persistencia,0.022927781179190112,False,False,parado,
D1T1B,320.0,321.0,330.0,2.325,persistencia,0.032763388982443936,False,False,parado,
D1T1B,330.0,331.0,340.0,2.32,persistencia,0.028787594086995393,False,False,parado,
D1T1B,340.0,341.0,350.0,2.29,persistencia,0.026582530291958548,False,False,parado,
D1T1B,350.0,351.0,360.0,2.2849999999999997,persistencia,0.01986113189218031,False,False,parado,
D1T1B,360.0,361.0,370.0,2.2849999999999997,persistencia,0.07376064154342349,False,False,freio_fora_faixa,
D1T1B,370.0,371.0,380.0,2.465,persistencia,0.11104562766766063,False,False,parado,
D1T1B,380.0,381.0,390.0,5.7299999999999995,persistencia,0.1529072980369059,False,False,parado,
D1T1B,390.0,391.0,400.0,36.480000000000004,persistencia,0.6902806377736946,True,False,movimento,
D1T1B,400.0,401.0,410.0,3.4200000000000004,persistencia,0.8222362025778958,False,True,demanda_alta,
D1T1B,410.0,411.0,420.0,15.395,persistencia,0.13039484951565433,False,False,freio_fora_faixa,
D1T1B,420.0,421.0,430.0,18.625,persistencia,0.950690873713735,True,True,demanda_alta,
D1T1B,430.0,431.0,440.0,0.0,persistencia,0.19825579469705334,False,False,frenagem,
D1T1B,440.0,441.0,450.0,0.0,persistencia,0.012367647831520175,False,False,movimento,
D1T1B,450.0,451.0,460.0,0.925,persistencia,0.020688110387766124,False,False,movimento,
D1T1B,460.0,461.0,470.0,2.455,persistencia,0.17900869806794067,False,False,movimento,
D1T1B,470.0,471.0,480.0,2.2649999999999997,persistencia,0.06406286637886169,False,False,frenagem,
D1T1B,480.0,481.0,490.0,2.3,persistencia,0.025335973007687466,False,False,frenagem,
D1T1B,490.0,491.0,500.0,2.2800000000000002,persistencia,0.04431545236970081,False,False,parado,
D1T1B,500.0,501.0,510.0,4.04,persistencia,0.02525910759472659,False,False,parado,
D1T1B,510.0,511.0,520.0,10.895,persistencia,0.6160689915200768,False,False,movimento,
D1T1B,520.0,521.0,530.0,3.9199999999999995,persistencia,0.22580240791527526,False,False,movimento,
D1T1B,530.0,531.0,540.0,2.9699999999999998,persistencia,0.14088950382408919,False,False,movimento,
D1T1B,540.0,541.0,550.0,8.05,persistencia,0.30429776219070154,False,False,movimento,
D1T1B,550.0,551.0,560.0,9.64,persistencia,0.20154088710740192,False,False,movimento,
D1T1B,560.0,561.0,570.0,12.825,persistencia,0.3407511847134371,False,False,movimento,
D1T1B,570.0,571.0,580.0,20.21,persistencia,0.4801771666604215,True,False,movimento,
D1T1B,580.0,581.0,590.0,40.185,persistencia,0.9364820706419213,True,True,demanda_alta,
D1T1B,590.0,591.0,600.0,5.6450000000000005,persistencia,0.9163051530771671,False,True,demanda_alta,
D1T1B,600.0,601.0,610.0,0.425,persistencia,0.1175909825857287,False,False,movimento,
D1T1B,610.0,611.0,620.0,2.3,persistencia,0.1368549001614625,False,False,frenagem,
D1T1B,620.0,621.0,630.0,2.32,persistencia,0.03532493970096983,False,False,parado,
D1T1B,630.0,631.0,640.0,2.3850000000000002,persistencia,0.029316344336449092,False,False,parado,
D1T1B,640.0,641.0,650.0,2.575,persistencia,0.053672018656794156,False,False,parado,
D1T1B,650.0,651.0,660.0,2.6499999999999995,persistencia,0.052189007676726726,False,False,parado,
D1T1B,660.0,661.0,670.0,2.6849999999999996,persistencia,0.051081437111056734,False,False,parado,
D1T1B,670.0,671.0,680.0,2.69,persistencia,0.04106442919424251,False,False,parado,
D1T1B,680.0,681.0,690.0,2.65,persistencia,0.03897049950371087,False,False,parado,
D1T1B,690.0,691.0,700.0,3.37,persistencia,0.05199516260128009,False,False,parado,
D1T1B,700.0,701.0,710.0,9.055,persistencia,0.30751260334254343,False,False,movimento,
D1T1B,710.0,711.0,720.0,6.119999999999999,persistencia,0.6140097934484241,False,False,movimento,
D1T1B,720.0,721.0,730.0,2.57,persistencia,0.14948900003843765,False,False,movimento,
D1T1B,730.0,731.0,740.0,10.895,persistencia,0.11617331393044107,False,False,frenagem,
D1T1B,740.0,741.0,750.0,27.389999999999997,persistencia,0.6864537404227005,True,False,movimento,
D1T1B,750.0,751.0,760.0,22.055,persistencia,0.820858959784431,True,True,demanda_alta,
D1T1B,760.0,761.0,770.0,0.0,persistencia,0.3908812731456891,False,False,movimento,
D1T1B,770.0,771.0,780.0,0.0,persistencia,0.027335754663330037,False,False,movimento,
D1T1B,780.0,781.0,790.0,0.0,persistencia,0.040219011643741566,False,False,frenagem,
D1T1B,790.0,791.0,800.0,14.660000000000002,persistencia,0.01771693091717482,False,False,movimento,
D1T1B,800.0,801.0,810.0,9.13,persistencia,0.7060258605585045,False,False,movimento,
D1T1B,810.0,811.0,820.0,1.0050000000000001,persistencia,0.10790542754581461,False,False,movimento,
D1T1B,820.0,821.0,830.0,2.255,persistencia,0.2796443786751342,False,False,frenagem,
D1T1B,830.0,831.0,840.0,4.265,persistencia,0.04226220831353724,False,False,parado,
D1T1B,840.0,841.0,850.0,21.735000000000003,persistencia,0.7119278105012612,True,False,movimento,
D1T1B,850.0,851.0,860.0,38.915000000000006,persistencia,0.8641278497715119,True,True,freio_fora_faixa,
D1T1B,860.0,861.0,870.0,23.905,persistencia,0.7357008482530086,True,True,freio_fora_faixa,
D1T1B,870.0,871.0,880.0,46.81,persistencia,0.9342114709509004,True,True,demanda_alta,
D1T1B,880.0,881.0,890.0,44.864999999999995,persistencia,0.9002232261446718,True,True,demanda_alta,
D1T1B,890.0,891.0,900.0,22.910000000000004,persistencia,0.9228821263188344,True,True,demanda_alta,
D1T1B,900.0,901.0,910.0,0.0,persistencia,0.22544366530190557,False,False,freio_fora_faixa,
D1T1B,910.0,911.0,920.0,16.845,persistencia,0.024149923559606705,True,False,freio_fora_faixa,
D1T1B,920.0,921.0,930.0,30.24,persistencia,0.9155483927900185,True,True,freio_fora_faixa,
D1T1B,930.0,931.0,940.0,28.814999999999998,persistencia,0.750765550485866,True,False,movimento,
D1T1B,940.0,941.0,950.0,0.0,persistencia,0.20574472087081427,False,False,movimento,
D1T1B,950.0,951.0,960.0,0.0,persistencia,0.0438516709399239,False,False,freio_fora_faixa,
D1T1B,960.0,961.0,970.0,0.0,persistencia,0.049087124702591904,False,False,freio_fora_faixa,
D1T1B,970.0,971.0,980.0,0.54,persistencia,0.04040243852770937,False,False,freio_fora_faixa,
D1T1B,980.0,981.0,990.0,2.26,persistencia,0.15386487181335703,False,False,frenagem,
D1T1B,990.0,991.0,1000.0,2.3200000000000003,persistencia,0.06554476499692889,False,False,frenagem,
D1T1B,1000.0,1001.0,1010.0,15.934999999999999,persistencia,0.024165701141405375,False,False,parado,
D1T1B,1010.0,1011.0,1020.0,34.735,persistencia,0.9099296296355646,True,True,freio_fora_faixa,
D1T1B,1020.0,1021.0,1030.0,0.49000000000000005,persistencia,0.3692658200225485,False,False,freio_fora_faixa,
D1T1B,1030.0,1031.0,1040.0,31.134999999999998,persistencia,0.11273053812611696,True,False,frenagem,
D1T1B,1040.0,1041.0,1050.0,38.85,persistencia,0.9022742873545663,True,True,freio_fora_faixa,
D1T1B,1050.0,1051.0,1060.0,52.85,persistencia,0.9293005149819638,True,True,demanda_alta,
D1T1B,1060.0,1061.0,1070.0,19.425,persistencia,0.8714999632736635,True,True,demanda_alta,
D1T1B,1070.0,1071.0,1080.0,3.29,persistencia,0.36748293735944304,False,False,freio_fora_faixa,
D1T1B,1080.0,1081.0,1090.0,0.665,persistencia,0.10740939136303697,False,False,freio_fora_faixa,
D1T1B,1090.0,1091.0,1100.0,29.52,persistencia,0.34827302884311157,True,False,movimento,
D1T1B,1100.0,1101.0,1110.0,0.0,persistencia,0.23391033634388855,False,False,movimento,
D1T1B,1110.0,1111.0,1120.0,0.0,persistencia,0.03527947570373605,False,False,frenagem,
D1T1B,1120.0,1121.0,1130.0,0.0,persistencia,0.07045267222699014,False,False,frenagem,
D1T1B,1130.0,1131.0,1140.0,1.13,persistencia,0.05460864406509657,False,False,frenagem,
D1T1B,1140.0,1141.0,1150.0,2.505,persistencia,0.14411977611850188,False,False,movimento,
D1T1B,1150.0,1151.0,1160.0,2.4949999999999997,persistencia,0.08824008032720039,False,False,frenagem,
D1T1B,1160.0,1161.0,1170.0,2.3850000000000002,persistencia,0.06745466254311284,False,False,parado,
D1T1B,1170.0,1171.0,1180.0,2.3350000000000004,persistencia,0.04426179288164924,False,False,parado,
D1T1B,1180.0,1181.0,1190.0,2.6900000000000004,persistencia,0.03187603828407628,False,False,parado,
D1T1B,1190.0,1191.0,1200.0,9.565,persistencia,0.3472430898558681,False,False,parado,
D1T1B,1200.0,1201.0,1210.0,1.8199999999999998,persistencia,0.2349321236320549,False,False,movimento,
D1T1B,1210.0,1211.0,1220.0,20.220000000000002,persistencia,0.2379407768904262,True,False,movimento,
D1T1B,1220.0,1221.0,1230.0,18.86,persistencia,0.8336964656602431,True,True,demanda_alta,
D1T1B,1230.0,1231.0,1240.0,26.240000000000002,persistencia,0.8220642583427223,True,True,demanda_alta,
D1T1B,1240.0,1241.0,1250.0,9.540000000000001,persistencia,0.8453965677426153,False,True,demanda_alta,
D1T1B,1250.0,1251.0,1260.0,0.0,persistencia,0.10012325202994438,False,False,movimento,
D1T1B,1260.0,1261.0,1270.0,17.91,persistencia,0.022646813838693606,True,False,movimento,
D1T1B,1270.0,1271.0,1280.0,22.33,persistencia,0.8171095885191028,True,True,movimento,
D1T1B,1280.0,1281.0,1290.0,29.3,persistencia,0.8531077203747466,True,True,demanda_alta,
D1T1B,1290.0,1291.0,1300.0,25.205000000000002,persistencia,0.5847937162164282,True,False,movimento,
D1T1B,1300.0,1301.0,1310.0,21.0,persistencia,0.8765481044299199,True,True,demanda_alta,
D1T1B,1310.0,1311.0,1320.0,26.915,persistencia,0.8839736328898417,True,True,demanda_alta,
D1T1B,1320.0,1321.0,1330.0,41.940000000000005,persistencia,0.8701539512395733,True,True,demanda_alta,
D1T1B,1330.0,1331.0,1340.0,48.755,persistencia,0.9434397074695098,True,True,demanda_alta,
D1T1B,1340.0,1341.0,1350.0,24.189999999999998,persistencia,0.8755257524761281,True,True,demanda_alta,
D1T1B,1350.0,1351.0,1360.0,19.175,persistencia,0.6431756053630747,True,False,freio_fora_faixa,
D1T1B,1360.0,1361.0,1370.0,0.0,persistencia,0.20637764744259027,False,False,movimento,
D1T1B,1370.0,1371.0,1380.0,0.0,persistencia,0.04608068058492462,False,False,movimento,
D1T1B,1380.0,1381.0,1390.0,14.255,persistencia,0.05682835354414286,False,False,movimento,
D1T1B,1390.0,1391.0,1400.0,3.6849999999999996,persistencia,0.9191846563634404,False,True,demanda_alta,
D1T1B,1400.0,1401.0,1410.0,0.0,persistencia,0.09634775215567293,False,False,frenagem,
D1T1B,1410.0,1411.0,1420.0,0.015,persistencia,0.15510225886651796,False,False,frenagem,
D1T1B,1420.0,1421.0,1430.0,2.5699999999999994,persistencia,0.05159000735129077,False,False,freio_fora_faixa,
D1T1B,1430.0,1431.0,1440.0,2.665,persistencia,0.06472748679554036,False,False,parado,
D1T1B,1440.0,1441.0,1450.0,7.425000000000002,persistencia,0.2866271883092622,False,False,parado,
D1T1B,1450.0,1451.0,1460.0,0.005,persistencia,0.30975480307852377,False,False,movimento,
D1T1B,1460.0,1461.0,1470.0,0.0,persistencia,0.04705005556791627,False,False,frenagem,
D1T1B,1470.0,1471.0,1480.0,0.0,persistencia,0.045604929188243694,False,False,frenagem,
D1T1B,1480.0,1481.0,1490.0,0.0,persistencia,0.0419559055431037,False,False,frenagem,
D1T1B,1490.0,1491.0,1500.0,0.0,persistencia,0.028897001615355303,False,False,frenagem,
D1T1B,1500.0,1501.0,1510.0,0.0,persistencia,0.02029475888608751,False,False,frenagem,
D1T1B,1510.0,1511.0,1520.0,0.0,persistencia,0.016305407620076023,False,False,frenagem,
D1T1B,1520.0,1521.0,1530.0,12.565000000000001,persistencia,0.021858496596459064,False,False,freio_fora_faixa,
D1T1B,1530.0,1531.0,1540.0,44.735,persistencia,0.9438238528531432,True,True,demanda_alta,
D1T1B,1540.0,1541.0,1550.0,20.615,persistencia,0.8184105070513157,True,True,demanda_alta,
D1T1B,1550.0,1551.0,1560.0,30.225,persistencia,0.4659247122735527,True,True,movimento,
D1T1B,1560.0,1561.0,1570.0,57.335,persistencia,0.9064625540222813,True,True,demanda_alta,
D1T1B,1570.0,1571.0,1580.0,45.6,persistencia,0.8148308396727654,True,True,demanda_alta,
D1T1B,1580.0,1581.0,1590.0,13.065000000000001,persistencia,0.8925290570780473,False,True,demanda_alta,
D1T1B,1590.0,1591.0,1600.0,0.0,persistencia,0.09770308329081454,False,False,movimento,
D1T1B,1600.0,1601.0,1610.0,0.0,persistencia,0.031889215668120655,False,False,frenagem,
D1T1B,1610.0,1611.0,1620.0,0.0,persistencia,0.04427108713972641,False,False,frenagem,
D1T1B,1620.0,1621.0,1630.0,0.0,persistencia,0.01784426640408184,False,False,movimento,
D1T1B,1630.0,1631.0,1640.0,0.0,persistencia,0.01683023953056716,False,False,frenagem,
D1T1B,1640.0,1641.0,1650.0,0.0,persistencia,0.022159432839328985,False,False,frenagem,
D1T1B,1650.0,1651.0,1660.0,0.0,persistencia,0.018904670872014542,False,False,freio_fora_faixa,
D1T1B,1660.0,1661.0,1670.0,0.49000000000000005,persistencia,0.021239862238654258,False,False,frenagem,
D1T1B,1670.0,1671.0,1680.0,33.690000000000005,persistencia,0.3596163212089173,True,False,movimento,
D1T1B,1680.0,1681.0,1690.0,28.054999999999996,persistencia,0.79734883748382,True,True,demanda_alta,
D1T1B,1690.0,1691.0,1700.0,28.595000000000006,persistencia,0.928674697409792,True,True,demanda_alta,
D1T1B,1700.0,1701.0,1710.0,23.065,persistencia,0.8631037222533603,True,True,freio_fora_faixa,
D1T1B,1710.0,1711.0,1720.0,8.290000000000001,persistencia,0.8921463335481882,False,True,freio_fora_faixa,
D1T1B,1720.0,1721.0,1730.0,17.830000000000002,persistencia,0.13560234818254938,True,False,frenagem,
D1T1B,1730.0,1731.0,1740.0,15.030000000000001,persistencia,0.9056054492415565,False,True,demanda_alta,
D1T1B,1740.0,1741.0,1750.0,6.635,persistencia,0.37644181476864685,False,False,freio_fora_faixa,
D1T1B,1750.0,1751.0,1760.0,3.1949999999999994,persistencia,0.21637385730727296,False,False,movimento,
D1T1B,1760.0,1761.0,1770.0,2.65,persistencia,0.20643867655597717,False,False,freio_fora_faixa,
D1T1B,10.0,11.0,20.0,13.02,limiar_050,0.848019380262194,False,True,demanda_alta,0.5
D1T1B,20.0,21.0,30.0,5.745,limiar_050,0.3021307439459604,False,False,movimento,0.5
D1T1B,30.0,31.0,40.0,18.474999999999998,limiar_050,0.14067320308870238,True,False,movimento,0.5
D1T1B,40.0,41.0,50.0,21.030000000000005,limiar_050,0.8105341252348243,True,True,demanda_alta,0.5
D1T1B,50.0,51.0,60.0,10.765,limiar_050,0.6737111810258724,False,True,movimento,0.5
D1T1B,60.0,61.0,70.0,0.0,limiar_050,0.11066706592106317,False,False,movimento,0.5
D1T1B,70.0,71.0,80.0,0.0,limiar_050,0.0186712002449816,False,False,frenagem,0.5
D1T1B,80.0,81.0,90.0,0.905,limiar_050,0.032256052750733975,False,False,movimento,0.5
D1T1B,90.0,91.0,100.0,8.225,limiar_050,0.36020446112924454,False,False,freio_fora_faixa,0.5
D1T1B,100.0,101.0,110.0,0.0,limiar_050,0.11026451560362106,False,False,freio_fora_faixa,0.5
D1T1B,110.0,111.0,120.0,0.0,limiar_050,0.027795293332926154,False,False,frenagem,0.5
D1T1B,120.0,121.0,130.0,0.825,limiar_050,0.038322512863358554,False,False,freio_fora_faixa,0.5
D1T1B,130.0,131.0,140.0,2.3649999999999993,limiar_050,0.13992960281961803,False,False,frenagem,0.5
D1T1B,140.0,141.0,150.0,2.4149999999999996,limiar_050,0.04596296144001467,False,False,parado,0.5
D1T1B,150.0,151.0,160.0,2.3899999999999997,limiar_050,0.027841513006952118,False,False,parado,0.5
D1T1B,160.0,161.0,170.0,8.185,limiar_050,0.027073088562610034,False,False,parado,0.5
D1T1B,170.0,171.0,180.0,28.814999999999998,limiar_050,0.34284407299966074,True,False,movimento,0.5
D1T1B,180.0,181.0,190.0,0.0,limiar_050,0.7348648231846127,False,True,demanda_alta,0.5
D1T1B,190.0,191.0,200.0,0.0,limiar_050,0.0301566631548029,False,False,movimento,0.5
D1T1B,200.0,201.0,210.0,0.0,limiar_050,0.04621282488819133,False,False,frenagem,0.5
D1T1B,210.0,211.0,220.0,9.440000000000001,limiar_050,0.05843694124753132,False,False,movimento,0.5
D1T1B,220.0,221.0,230.0,0.0,limiar_050,0.15711230150158745,False,False,movimento,0.5
D1T1B,230.0,231.0,240.0,0.0,limiar_050,0.016678636590548922,False,False,frenagem,0.5
D1T1B,240.0,241.0,250.0,0.0,limiar_050,0.046460633255231,False,False,frenagem,0.5
D1T1B,250.0,251.0,260.0,0.0,limiar_050,0.041680363818819274,False,False,frenagem,0.5
D1T1B,260.0,261.0,270.0,1.365,limiar_050,0.020138966345306743,False,False,frenagem,0.5
D1T1B,270.0,271.0,280.0,2.7299999999999995,limiar_050,0.16574760412672299,False,False,frenagem,0.5
D1T1B,280.0,281.0,290.0,2.5549999999999997,limiar_050,0.11111186991421991,False,False,frenagem,0.5
D1T1B,290.0,291.0,300.0,2.715,limiar_050,0.09952155543853661,False,False,movimento,0.5
D1T1B,300.0,301.0,310.0,2.27,limiar_050,0.09990173594938538,False,False,frenagem,0.5
D1T1B,310.0,311.0,320.0,2.345,limiar_050,0.022927781179190112,False,False,parado,0.5
D1T1B,320.0,321.0,330.0,2.325,limiar_050,0.032763388982443936,False,False,parado,0.5
D1T1B,330.0,331.0,340.0,2.32,limiar_050,0.028787594086995393,False,False,parado,0.5
D1T1B,340.0,341.0,350.0,2.29,limiar_050,0.026582530291958548,False,False,parado,0.5
D1T1B,350.0,351.0,360.0,2.2849999999999997,limiar_050,0.01986113189218031,False,False,parado,0.5
D1T1B,360.0,361.0,370.0,2.2849999999999997,limiar_050,0.07376064154342349,False,False,freio_fora_faixa,0.5
D1T1B,370.0,371.0,380.0,2.465,limiar_050,0.11104562766766063,False,False,parado,0.5
D1T1B,380.0,381.0,390.0,5.7299999999999995,limiar_050,0.1529072980369059,False,False,parado,0.5
D1T1B,390.0,391.0,400.0,36.480000000000004,limiar_050,0.6902806377736946,True,True,movimento,0.5
D1T1B,400.0,401.0,410.0,3.4200000000000004,limiar_050,0.8222362025778958,False,True,demanda_alta,0.5
D1T1B,410.0,411.0,420.0,15.395,limiar_050,0.13039484951565433,False,False,freio_fora_faixa,0.5
D1T1B,420.0,421.0,430.0,18.625,limiar_050,0.950690873713735,True,True,demanda_alta,0.5
D1T1B,430.0,431.0,440.0,0.0,limiar_050,0.19825579469705334,False,False,frenagem,0.5
D1T1B,440.0,441.0,450.0,0.0,limiar_050,0.012367647831520175,False,False,movimento,0.5
D1T1B,450.0,451.0,460.0,0.925,limiar_050,0.020688110387766124,False,False,movimento,0.5
D1T1B,460.0,461.0,470.0,2.455,limiar_050,0.17900869806794067,False,False,movimento,0.5
D1T1B,470.0,471.0,480.0,2.2649999999999997,limiar_050,0.06406286637886169,False,False,frenagem,0.5
D1T1B,480.0,481.0,490.0,2.3,limiar_050,0.025335973007687466,False,False,frenagem,0.5
D1T1B,490.0,491.0,500.0,2.2800000000000002,limiar_050,0.04431545236970081,False,False,parado,0.5
D1T1B,500.0,501.0,510.0,4.04,limiar_050,0.02525910759472659,False,False,parado,0.5
D1T1B,510.0,511.0,520.0,10.895,limiar_050,0.6160689915200768,False,True,movimento,0.5
D1T1B,520.0,521.0,530.0,3.9199999999999995,limiar_050,0.22580240791527526,False,False,movimento,0.5
D1T1B,530.0,531.0,540.0,2.9699999999999998,limiar_050,0.14088950382408919,False,False,movimento,0.5
D1T1B,540.0,541.0,550.0,8.05,limiar_050,0.30429776219070154,False,False,movimento,0.5
D1T1B,550.0,551.0,560.0,9.64,limiar_050,0.20154088710740192,False,False,movimento,0.5
D1T1B,560.0,561.0,570.0,12.825,limiar_050,0.3407511847134371,False,False,movimento,0.5
D1T1B,570.0,571.0,580.0,20.21,limiar_050,0.4801771666604215,True,False,movimento,0.5
D1T1B,580.0,581.0,590.0,40.185,limiar_050,0.9364820706419213,True,True,demanda_alta,0.5
D1T1B,590.0,591.0,600.0,5.6450000000000005,limiar_050,0.9163051530771671,False,True,demanda_alta,0.5
D1T1B,600.0,601.0,610.0,0.425,limiar_050,0.1175909825857287,False,False,movimento,0.5
D1T1B,610.0,611.0,620.0,2.3,limiar_050,0.1368549001614625,False,False,frenagem,0.5
D1T1B,620.0,621.0,630.0,2.32,limiar_050,0.03532493970096983,False,False,parado,0.5
D1T1B,630.0,631.0,640.0,2.3850000000000002,limiar_050,0.029316344336449092,False,False,parado,0.5
D1T1B,640.0,641.0,650.0,2.575,limiar_050,0.053672018656794156,False,False,parado,0.5
D1T1B,650.0,651.0,660.0,2.6499999999999995,limiar_050,0.052189007676726726,False,False,parado,0.5
D1T1B,660.0,661.0,670.0,2.6849999999999996,limiar_050,0.051081437111056734,False,False,parado,0.5
D1T1B,670.0,671.0,680.0,2.69,limiar_050,0.04106442919424251,False,False,parado,0.5
D1T1B,680.0,681.0,690.0,2.65,limiar_050,0.03897049950371087,False,False,parado,0.5
D1T1B,690.0,691.0,700.0,3.37,limiar_050,0.05199516260128009,False,False,parado,0.5
D1T1B,700.0,701.0,710.0,9.055,limiar_050,0.30751260334254343,False,False,movimento,0.5
D1T1B,710.0,711.0,720.0,6.119999999999999,limiar_050,0.6140097934484241,False,True,movimento,0.5
D1T1B,720.0,721.0,730.0,2.57,limiar_050,0.14948900003843765,False,False,movimento,0.5
D1T1B,730.0,731.0,740.0,10.895,limiar_050,0.11617331393044107,False,False,frenagem,0.5
D1T1B,740.0,741.0,750.0,27.389999999999997,limiar_050,0.6864537404227005,True,True,movimento,0.5
D1T1B,750.0,751.0,760.0,22.055,limiar_050,0.820858959784431,True,True,demanda_alta,0.5
D1T1B,760.0,761.0,770.0,0.0,limiar_050,0.3908812731456891,False,False,movimento,0.5
D1T1B,770.0,771.0,780.0,0.0,limiar_050,0.027335754663330037,False,False,movimento,0.5
D1T1B,780.0,781.0,790.0,0.0,limiar_050,0.040219011643741566,False,False,frenagem,0.5
D1T1B,790.0,791.0,800.0,14.660000000000002,limiar_050,0.01771693091717482,False,False,movimento,0.5
D1T1B,800.0,801.0,810.0,9.13,limiar_050,0.7060258605585045,False,True,movimento,0.5
D1T1B,810.0,811.0,820.0,1.0050000000000001,limiar_050,0.10790542754581461,False,False,movimento,0.5
D1T1B,820.0,821.0,830.0,2.255,limiar_050,0.2796443786751342,False,False,frenagem,0.5
D1T1B,830.0,831.0,840.0,4.265,limiar_050,0.04226220831353724,False,False,parado,0.5
D1T1B,840.0,841.0,850.0,21.735000000000003,limiar_050,0.7119278105012612,True,True,movimento,0.5
D1T1B,850.0,851.0,860.0,38.915000000000006,limiar_050,0.8641278497715119,True,True,freio_fora_faixa,0.5
D1T1B,860.0,861.0,870.0,23.905,limiar_050,0.7357008482530086,True,True,freio_fora_faixa,0.5
D1T1B,870.0,871.0,880.0,46.81,limiar_050,0.9342114709509004,True,True,demanda_alta,0.5
D1T1B,880.0,881.0,890.0,44.864999999999995,limiar_050,0.9002232261446718,True,True,demanda_alta,0.5
D1T1B,890.0,891.0,900.0,22.910000000000004,limiar_050,0.9228821263188344,True,True,demanda_alta,0.5
D1T1B,900.0,901.0,910.0,0.0,limiar_050,0.22544366530190557,False,False,freio_fora_faixa,0.5
D1T1B,910.0,911.0,920.0,16.845,limiar_050,0.024149923559606705,True,False,freio_fora_faixa,0.5
D1T1B,920.0,921.0,930.0,30.24,limiar_050,0.9155483927900185,True,True,freio_fora_faixa,0.5
D1T1B,930.0,931.0,940.0,28.814999999999998,limiar_050,0.750765550485866,True,True,movimento,0.5
D1T1B,940.0,941.0,950.0,0.0,limiar_050,0.20574472087081427,False,False,movimento,0.5
D1T1B,950.0,951.0,960.0,0.0,limiar_050,0.0438516709399239,False,False,freio_fora_faixa,0.5
D1T1B,960.0,961.0,970.0,0.0,limiar_050,0.049087124702591904,False,False,freio_fora_faixa,0.5
D1T1B,970.0,971.0,980.0,0.54,limiar_050,0.04040243852770937,False,False,freio_fora_faixa,0.5
D1T1B,980.0,981.0,990.0,2.26,limiar_050,0.15386487181335703,False,False,frenagem,0.5
D1T1B,990.0,991.0,1000.0,2.3200000000000003,limiar_050,0.06554476499692889,False,False,frenagem,0.5
D1T1B,1000.0,1001.0,1010.0,15.934999999999999,limiar_050,0.024165701141405375,False,False,parado,0.5
D1T1B,1010.0,1011.0,1020.0,34.735,limiar_050,0.9099296296355646,True,True,freio_fora_faixa,0.5
D1T1B,1020.0,1021.0,1030.0,0.49000000000000005,limiar_050,0.3692658200225485,False,False,freio_fora_faixa,0.5
D1T1B,1030.0,1031.0,1040.0,31.134999999999998,limiar_050,0.11273053812611696,True,False,frenagem,0.5
D1T1B,1040.0,1041.0,1050.0,38.85,limiar_050,0.9022742873545663,True,True,freio_fora_faixa,0.5
D1T1B,1050.0,1051.0,1060.0,52.85,limiar_050,0.9293005149819638,True,True,demanda_alta,0.5
D1T1B,1060.0,1061.0,1070.0,19.425,limiar_050,0.8714999632736635,True,True,demanda_alta,0.5
D1T1B,1070.0,1071.0,1080.0,3.29,limiar_050,0.36748293735944304,False,False,freio_fora_faixa,0.5
D1T1B,1080.0,1081.0,1090.0,0.665,limiar_050,0.10740939136303697,False,False,freio_fora_faixa,0.5
D1T1B,1090.0,1091.0,1100.0,29.52,limiar_050,0.34827302884311157,True,False,movimento,0.5
D1T1B,1100.0,1101.0,1110.0,0.0,limiar_050,0.23391033634388855,False,False,movimento,0.5
D1T1B,1110.0,1111.0,1120.0,0.0,limiar_050,0.03527947570373605,False,False,frenagem,0.5
D1T1B,1120.0,1121.0,1130.0,0.0,limiar_050,0.07045267222699014,False,False,frenagem,0.5
D1T1B,1130.0,1131.0,1140.0,1.13,limiar_050,0.05460864406509657,False,False,frenagem,0.5
D1T1B,1140.0,1141.0,1150.0,2.505,limiar_050,0.14411977611850188,False,False,movimento,0.5
D1T1B,1150.0,1151.0,1160.0,2.4949999999999997,limiar_050,0.08824008032720039,False,False,frenagem,0.5
D1T1B,1160.0,1161.0,1170.0,2.3850000000000002,limiar_050,0.06745466254311284,False,False,parado,0.5
D1T1B,1170.0,1171.0,1180.0,2.3350000000000004,limiar_050,0.04426179288164924,False,False,parado,0.5
D1T1B,1180.0,1181.0,1190.0,2.6900000000000004,limiar_050,0.03187603828407628,False,False,parado,0.5
D1T1B,1190.0,1191.0,1200.0,9.565,limiar_050,0.3472430898558681,False,False,parado,0.5
D1T1B,1200.0,1201.0,1210.0,1.8199999999999998,limiar_050,0.2349321236320549,False,False,movimento,0.5
D1T1B,1210.0,1211.0,1220.0,20.220000000000002,limiar_050,0.2379407768904262,True,False,movimento,0.5
D1T1B,1220.0,1221.0,1230.0,18.86,limiar_050,0.8336964656602431,True,True,demanda_alta,0.5
D1T1B,1230.0,1231.0,1240.0,26.240000000000002,limiar_050,0.8220642583427223,True,True,demanda_alta,0.5
D1T1B,1240.0,1241.0,1250.0,9.540000000000001,limiar_050,0.8453965677426153,False,True,demanda_alta,0.5
D1T1B,1250.0,1251.0,1260.0,0.0,limiar_050,0.10012325202994438,False,False,movimento,0.5
D1T1B,1260.0,1261.0,1270.0,17.91,limiar_050,0.022646813838693606,True,False,movimento,0.5
D1T1B,1270.0,1271.0,1280.0,22.33,limiar_050,0.8171095885191028,True,True,movimento,0.5
D1T1B,1280.0,1281.0,1290.0,29.3,limiar_050,0.8531077203747466,True,True,demanda_alta,0.5
D1T1B,1290.0,1291.0,1300.0,25.205000000000002,limiar_050,0.5847937162164282,True,True,movimento,0.5
D1T1B,1300.0,1301.0,1310.0,21.0,limiar_050,0.8765481044299199,True,True,demanda_alta,0.5
D1T1B,1310.0,1311.0,1320.0,26.915,limiar_050,0.8839736328898417,True,True,demanda_alta,0.5
D1T1B,1320.0,1321.0,1330.0,41.940000000000005,limiar_050,0.8701539512395733,True,True,demanda_alta,0.5
D1T1B,1330.0,1331.0,1340.0,48.755,limiar_050,0.9434397074695098,True,True,demanda_alta,0.5
D1T1B,1340.0,1341.0,1350.0,24.189999999999998,limiar_050,0.8755257524761281,True,True,demanda_alta,0.5
D1T1B,1350.0,1351.0,1360.0,19.175,limiar_050,0.6431756053630747,True,True,freio_fora_faixa,0.5
D1T1B,1360.0,1361.0,1370.0,0.0,limiar_050,0.20637764744259027,False,False,movimento,0.5
D1T1B,1370.0,1371.0,1380.0,0.0,limiar_050,0.04608068058492462,False,False,movimento,0.5
D1T1B,1380.0,1381.0,1390.0,14.255,limiar_050,0.05682835354414286,False,False,movimento,0.5
D1T1B,1390.0,1391.0,1400.0,3.6849999999999996,limiar_050,0.9191846563634404,False,True,demanda_alta,0.5
D1T1B,1400.0,1401.0,1410.0,0.0,limiar_050,0.09634775215567293,False,False,frenagem,0.5
D1T1B,1410.0,1411.0,1420.0,0.015,limiar_050,0.15510225886651796,False,False,frenagem,0.5
D1T1B,1420.0,1421.0,1430.0,2.5699999999999994,limiar_050,0.05159000735129077,False,False,freio_fora_faixa,0.5
D1T1B,1430.0,1431.0,1440.0,2.665,limiar_050,0.06472748679554036,False,False,parado,0.5
D1T1B,1440.0,1441.0,1450.0,7.425000000000002,limiar_050,0.2866271883092622,False,False,parado,0.5
D1T1B,1450.0,1451.0,1460.0,0.005,limiar_050,0.30975480307852377,False,False,movimento,0.5
D1T1B,1460.0,1461.0,1470.0,0.0,limiar_050,0.04705005556791627,False,False,frenagem,0.5
D1T1B,1470.0,1471.0,1480.0,0.0,limiar_050,0.045604929188243694,False,False,frenagem,0.5
D1T1B,1480.0,1481.0,1490.0,0.0,limiar_050,0.0419559055431037,False,False,frenagem,0.5
D1T1B,1490.0,1491.0,1500.0,0.0,limiar_050,0.028897001615355303,False,False,frenagem,0.5
D1T1B,1500.0,1501.0,1510.0,0.0,limiar_050,0.02029475888608751,False,False,frenagem,0.5
D1T1B,1510.0,1511.0,1520.0,0.0,limiar_050,0.016305407620076023,False,False,frenagem,0.5
D1T1B,1520.0,1521.0,1530.0,12.565000000000001,limiar_050,0.021858496596459064,False,False,freio_fora_faixa,0.5
D1T1B,1530.0,1531.0,1540.0,44.735,limiar_050,0.9438238528531432,True,True,demanda_alta,0.5
D1T1B,1540.0,1541.0,1550.0,20.615,limiar_050,0.8184105070513157,True,True,demanda_alta,0.5
D1T1B,1550.0,1551.0,1560.0,30.225,limiar_050,0.4659247122735527,True,False,movimento,0.5
D1T1B,1560.0,1561.0,1570.0,57.335,limiar_050,0.9064625540222813,True,True,demanda_alta,0.5
D1T1B,1570.0,1571.0,1580.0,45.6,limiar_050,0.8148308396727654,True,True,demanda_alta,0.5
D1T1B,1580.0,1581.0,1590.0,13.065000000000001,limiar_050,0.8925290570780473,False,True,demanda_alta,0.5
D1T1B,1590.0,1591.0,1600.0,0.0,limiar_050,0.09770308329081454,False,False,movimento,0.5
D1T1B,1600.0,1601.0,1610.0,0.0,limiar_050,0.031889215668120655,False,False,frenagem,0.5
D1T1B,1610.0,1611.0,1620.0,0.0,limiar_050,0.04427108713972641,False,False,frenagem,0.5
D1T1B,1620.0,1621.0,1630.0,0.0,limiar_050,0.01784426640408184,False,False,movimento,0.5
D1T1B,1630.0,1631.0,1640.0,0.0,limiar_050,0.01683023953056716,False,False,frenagem,0.5
D1T1B,1640.0,1641.0,1650.0,0.0,limiar_050,0.022159432839328985,False,False,frenagem,0.5
D1T1B,1650.0,1651.0,1660.0,0.0,limiar_050,0.018904670872014542,False,False,freio_fora_faixa,0.5
D1T1B,1660.0,1661.0,1670.0,0.49000000000000005,limiar_050,0.021239862238654258,False,False,frenagem,0.5
D1T1B,1670.0,1671.0,1680.0,33.690000000000005,limiar_050,0.3596163212089173,True,False,movimento,0.5
D1T1B,1680.0,1681.0,1690.0,28.054999999999996,limiar_050,0.79734883748382,True,True,demanda_alta,0.5
D1T1B,1690.0,1691.0,1700.0,28.595000000000006,limiar_050,0.928674697409792,True,True,demanda_alta,0.5
D1T1B,1700.0,1701.0,1710.0,23.065,limiar_050,0.8631037222533603,True,True,freio_fora_faixa,0.5
D1T1B,1710.0,1711.0,1720.0,8.290000000000001,limiar_050,0.8921463335481882,False,True,freio_fora_faixa,0.5
D1T1B,1720.0,1721.0,1730.0,17.830000000000002,limiar_050,0.13560234818254938,True,False,frenagem,0.5
D1T1B,1730.0,1731.0,1740.0,15.030000000000001,limiar_050,0.9056054492415565,False,True,demanda_alta,0.5
D1T1B,1740.0,1741.0,1750.0,6.635,limiar_050,0.37644181476864685,False,False,freio_fora_faixa,0.5
D1T1B,1750.0,1751.0,1760.0,3.1949999999999994,limiar_050,0.21637385730727296,False,False,movimento,0.5
D1T1B,1760.0,1761.0,1770.0,2.65,limiar_050,0.20643867655597717,False,False,freio_fora_faixa,0.5
D1T1B,10.0,11.0,20.0,13.02,limiar_ajustado,0.848019380262194,False,True,demanda_alta,0.6
D1T1B,20.0,21.0,30.0,5.745,limiar_ajustado,0.3021307439459604,False,False,movimento,0.6
D1T1B,30.0,31.0,40.0,18.474999999999998,limiar_ajustado,0.14067320308870238,True,False,movimento,0.6
D1T1B,40.0,41.0,50.0,21.030000000000005,limiar_ajustado,0.8105341252348243,True,True,demanda_alta,0.6
D1T1B,50.0,51.0,60.0,10.765,limiar_ajustado,0.6737111810258724,False,True,movimento,0.6
D1T1B,60.0,61.0,70.0,0.0,limiar_ajustado,0.11066706592106317,False,False,movimento,0.6
D1T1B,70.0,71.0,80.0,0.0,limiar_ajustado,0.0186712002449816,False,False,frenagem,0.6
D1T1B,80.0,81.0,90.0,0.905,limiar_ajustado,0.032256052750733975,False,False,movimento,0.6
D1T1B,90.0,91.0,100.0,8.225,limiar_ajustado,0.36020446112924454,False,False,freio_fora_faixa,0.6
D1T1B,100.0,101.0,110.0,0.0,limiar_ajustado,0.11026451560362106,False,False,freio_fora_faixa,0.6
D1T1B,110.0,111.0,120.0,0.0,limiar_ajustado,0.027795293332926154,False,False,frenagem,0.6
D1T1B,120.0,121.0,130.0,0.825,limiar_ajustado,0.038322512863358554,False,False,freio_fora_faixa,0.6
D1T1B,130.0,131.0,140.0,2.3649999999999993,limiar_ajustado,0.13992960281961803,False,False,frenagem,0.6
D1T1B,140.0,141.0,150.0,2.4149999999999996,limiar_ajustado,0.04596296144001467,False,False,parado,0.6
D1T1B,150.0,151.0,160.0,2.3899999999999997,limiar_ajustado,0.027841513006952118,False,False,parado,0.6
D1T1B,160.0,161.0,170.0,8.185,limiar_ajustado,0.027073088562610034,False,False,parado,0.6
D1T1B,170.0,171.0,180.0,28.814999999999998,limiar_ajustado,0.34284407299966074,True,False,movimento,0.6
D1T1B,180.0,181.0,190.0,0.0,limiar_ajustado,0.7348648231846127,False,True,demanda_alta,0.6
D1T1B,190.0,191.0,200.0,0.0,limiar_ajustado,0.0301566631548029,False,False,movimento,0.6
D1T1B,200.0,201.0,210.0,0.0,limiar_ajustado,0.04621282488819133,False,False,frenagem,0.6
D1T1B,210.0,211.0,220.0,9.440000000000001,limiar_ajustado,0.05843694124753132,False,False,movimento,0.6
D1T1B,220.0,221.0,230.0,0.0,limiar_ajustado,0.15711230150158745,False,False,movimento,0.6
D1T1B,230.0,231.0,240.0,0.0,limiar_ajustado,0.016678636590548922,False,False,frenagem,0.6
D1T1B,240.0,241.0,250.0,0.0,limiar_ajustado,0.046460633255231,False,False,frenagem,0.6
D1T1B,250.0,251.0,260.0,0.0,limiar_ajustado,0.041680363818819274,False,False,frenagem,0.6
D1T1B,260.0,261.0,270.0,1.365,limiar_ajustado,0.020138966345306743,False,False,frenagem,0.6
D1T1B,270.0,271.0,280.0,2.7299999999999995,limiar_ajustado,0.16574760412672299,False,False,frenagem,0.6
D1T1B,280.0,281.0,290.0,2.5549999999999997,limiar_ajustado,0.11111186991421991,False,False,frenagem,0.6
D1T1B,290.0,291.0,300.0,2.715,limiar_ajustado,0.09952155543853661,False,False,movimento,0.6
D1T1B,300.0,301.0,310.0,2.27,limiar_ajustado,0.09990173594938538,False,False,frenagem,0.6
D1T1B,310.0,311.0,320.0,2.345,limiar_ajustado,0.022927781179190112,False,False,parado,0.6
D1T1B,320.0,321.0,330.0,2.325,limiar_ajustado,0.032763388982443936,False,False,parado,0.6
D1T1B,330.0,331.0,340.0,2.32,limiar_ajustado,0.028787594086995393,False,False,parado,0.6
D1T1B,340.0,341.0,350.0,2.29,limiar_ajustado,0.026582530291958548,False,False,parado,0.6
D1T1B,350.0,351.0,360.0,2.2849999999999997,limiar_ajustado,0.01986113189218031,False,False,parado,0.6
D1T1B,360.0,361.0,370.0,2.2849999999999997,limiar_ajustado,0.07376064154342349,False,False,freio_fora_faixa,0.6
D1T1B,370.0,371.0,380.0,2.465,limiar_ajustado,0.11104562766766063,False,False,parado,0.6
D1T1B,380.0,381.0,390.0,5.7299999999999995,limiar_ajustado,0.1529072980369059,False,False,parado,0.6
D1T1B,390.0,391.0,400.0,36.480000000000004,limiar_ajustado,0.6902806377736946,True,True,movimento,0.6
D1T1B,400.0,401.0,410.0,3.4200000000000004,limiar_ajustado,0.8222362025778958,False,True,demanda_alta,0.6
D1T1B,410.0,411.0,420.0,15.395,limiar_ajustado,0.13039484951565433,False,False,freio_fora_faixa,0.6
D1T1B,420.0,421.0,430.0,18.625,limiar_ajustado,0.950690873713735,True,True,demanda_alta,0.6
D1T1B,430.0,431.0,440.0,0.0,limiar_ajustado,0.19825579469705334,False,False,frenagem,0.6
D1T1B,440.0,441.0,450.0,0.0,limiar_ajustado,0.012367647831520175,False,False,movimento,0.6
D1T1B,450.0,451.0,460.0,0.925,limiar_ajustado,0.020688110387766124,False,False,movimento,0.6
D1T1B,460.0,461.0,470.0,2.455,limiar_ajustado,0.17900869806794067,False,False,movimento,0.6
D1T1B,470.0,471.0,480.0,2.2649999999999997,limiar_ajustado,0.06406286637886169,False,False,frenagem,0.6
D1T1B,480.0,481.0,490.0,2.3,limiar_ajustado,0.025335973007687466,False,False,frenagem,0.6
D1T1B,490.0,491.0,500.0,2.2800000000000002,limiar_ajustado,0.04431545236970081,False,False,parado,0.6
D1T1B,500.0,501.0,510.0,4.04,limiar_ajustado,0.02525910759472659,False,False,parado,0.6
D1T1B,510.0,511.0,520.0,10.895,limiar_ajustado,0.6160689915200768,False,True,movimento,0.6
D1T1B,520.0,521.0,530.0,3.9199999999999995,limiar_ajustado,0.22580240791527526,False,False,movimento,0.6
D1T1B,530.0,531.0,540.0,2.9699999999999998,limiar_ajustado,0.14088950382408919,False,False,movimento,0.6
D1T1B,540.0,541.0,550.0,8.05,limiar_ajustado,0.30429776219070154,False,False,movimento,0.6
D1T1B,550.0,551.0,560.0,9.64,limiar_ajustado,0.20154088710740192,False,False,movimento,0.6
D1T1B,560.0,561.0,570.0,12.825,limiar_ajustado,0.3407511847134371,False,False,movimento,0.6
D1T1B,570.0,571.0,580.0,20.21,limiar_ajustado,0.4801771666604215,True,False,movimento,0.6
D1T1B,580.0,581.0,590.0,40.185,limiar_ajustado,0.9364820706419213,True,True,demanda_alta,0.6
D1T1B,590.0,591.0,600.0,5.6450000000000005,limiar_ajustado,0.9163051530771671,False,True,demanda_alta,0.6
D1T1B,600.0,601.0,610.0,0.425,limiar_ajustado,0.1175909825857287,False,False,movimento,0.6
D1T1B,610.0,611.0,620.0,2.3,limiar_ajustado,0.1368549001614625,False,False,frenagem,0.6
D1T1B,620.0,621.0,630.0,2.32,limiar_ajustado,0.03532493970096983,False,False,parado,0.6
D1T1B,630.0,631.0,640.0,2.3850000000000002,limiar_ajustado,0.029316344336449092,False,False,parado,0.6
D1T1B,640.0,641.0,650.0,2.575,limiar_ajustado,0.053672018656794156,False,False,parado,0.6
D1T1B,650.0,651.0,660.0,2.6499999999999995,limiar_ajustado,0.052189007676726726,False,False,parado,0.6
D1T1B,660.0,661.0,670.0,2.6849999999999996,limiar_ajustado,0.051081437111056734,False,False,parado,0.6
D1T1B,670.0,671.0,680.0,2.69,limiar_ajustado,0.04106442919424251,False,False,parado,0.6
D1T1B,680.0,681.0,690.0,2.65,limiar_ajustado,0.03897049950371087,False,False,parado,0.6
D1T1B,690.0,691.0,700.0,3.37,limiar_ajustado,0.05199516260128009,False,False,parado,0.6
D1T1B,700.0,701.0,710.0,9.055,limiar_ajustado,0.30751260334254343,False,False,movimento,0.6
D1T1B,710.0,711.0,720.0,6.119999999999999,limiar_ajustado,0.6140097934484241,False,True,movimento,0.6
D1T1B,720.0,721.0,730.0,2.57,limiar_ajustado,0.14948900003843765,False,False,movimento,0.6
D1T1B,730.0,731.0,740.0,10.895,limiar_ajustado,0.11617331393044107,False,False,frenagem,0.6
D1T1B,740.0,741.0,750.0,27.389999999999997,limiar_ajustado,0.6864537404227005,True,True,movimento,0.6
D1T1B,750.0,751.0,760.0,22.055,limiar_ajustado,0.820858959784431,True,True,demanda_alta,0.6
D1T1B,760.0,761.0,770.0,0.0,limiar_ajustado,0.3908812731456891,False,False,movimento,0.6
D1T1B,770.0,771.0,780.0,0.0,limiar_ajustado,0.027335754663330037,False,False,movimento,0.6
D1T1B,780.0,781.0,790.0,0.0,limiar_ajustado,0.040219011643741566,False,False,frenagem,0.6
D1T1B,790.0,791.0,800.0,14.660000000000002,limiar_ajustado,0.01771693091717482,False,False,movimento,0.6
D1T1B,800.0,801.0,810.0,9.13,limiar_ajustado,0.7060258605585045,False,True,movimento,0.6
D1T1B,810.0,811.0,820.0,1.0050000000000001,limiar_ajustado,0.10790542754581461,False,False,movimento,0.6
D1T1B,820.0,821.0,830.0,2.255,limiar_ajustado,0.2796443786751342,False,False,frenagem,0.6
D1T1B,830.0,831.0,840.0,4.265,limiar_ajustado,0.04226220831353724,False,False,parado,0.6
D1T1B,840.0,841.0,850.0,21.735000000000003,limiar_ajustado,0.7119278105012612,True,True,movimento,0.6
D1T1B,850.0,851.0,860.0,38.915000000000006,limiar_ajustado,0.8641278497715119,True,True,freio_fora_faixa,0.6
D1T1B,860.0,861.0,870.0,23.905,limiar_ajustado,0.7357008482530086,True,True,freio_fora_faixa,0.6
D1T1B,870.0,871.0,880.0,46.81,limiar_ajustado,0.9342114709509004,True,True,demanda_alta,0.6
D1T1B,880.0,881.0,890.0,44.864999999999995,limiar_ajustado,0.9002232261446718,True,True,demanda_alta,0.6
D1T1B,890.0,891.0,900.0,22.910000000000004,limiar_ajustado,0.9228821263188344,True,True,demanda_alta,0.6
D1T1B,900.0,901.0,910.0,0.0,limiar_ajustado,0.22544366530190557,False,False,freio_fora_faixa,0.6
D1T1B,910.0,911.0,920.0,16.845,limiar_ajustado,0.024149923559606705,True,False,freio_fora_faixa,0.6
D1T1B,920.0,921.0,930.0,30.24,limiar_ajustado,0.9155483927900185,True,True,freio_fora_faixa,0.6
D1T1B,930.0,931.0,940.0,28.814999999999998,limiar_ajustado,0.750765550485866,True,True,movimento,0.6
D1T1B,940.0,941.0,950.0,0.0,limiar_ajustado,0.20574472087081427,False,False,movimento,0.6
D1T1B,950.0,951.0,960.0,0.0,limiar_ajustado,0.0438516709399239,False,False,freio_fora_faixa,0.6
D1T1B,960.0,961.0,970.0,0.0,limiar_ajustado,0.049087124702591904,False,False,freio_fora_faixa,0.6
D1T1B,970.0,971.0,980.0,0.54,limiar_ajustado,0.04040243852770937,False,False,freio_fora_faixa,0.6
D1T1B,980.0,981.0,990.0,2.26,limiar_ajustado,0.15386487181335703,False,False,frenagem,0.6
D1T1B,990.0,991.0,1000.0,2.3200000000000003,limiar_ajustado,0.06554476499692889,False,False,frenagem,0.6
D1T1B,1000.0,1001.0,1010.0,15.934999999999999,limiar_ajustado,0.024165701141405375,False,False,parado,0.6
D1T1B,1010.0,1011.0,1020.0,34.735,limiar_ajustado,0.9099296296355646,True,True,freio_fora_faixa,0.6
D1T1B,1020.0,1021.0,1030.0,0.49000000000000005,limiar_ajustado,0.3692658200225485,False,False,freio_fora_faixa,0.6
D1T1B,1030.0,1031.0,1040.0,31.134999999999998,limiar_ajustado,0.11273053812611696,True,False,frenagem,0.6
D1T1B,1040.0,1041.0,1050.0,38.85,limiar_ajustado,0.9022742873545663,True,True,freio_fora_faixa,0.6
D1T1B,1050.0,1051.0,1060.0,52.85,limiar_ajustado,0.9293005149819638,True,True,demanda_alta,0.6
D1T1B,1060.0,1061.0,1070.0,19.425,limiar_ajustado,0.8714999632736635,True,True,demanda_alta,0.6
D1T1B,1070.0,1071.0,1080.0,3.29,limiar_ajustado,0.36748293735944304,False,False,freio_fora_faixa,0.6
D1T1B,1080.0,1081.0,1090.0,0.665,limiar_ajustado,0.10740939136303697,False,False,freio_fora_faixa,0.6
D1T1B,1090.0,1091.0,1100.0,29.52,limiar_ajustado,0.34827302884311157,True,False,movimento,0.6
D1T1B,1100.0,1101.0,1110.0,0.0,limiar_ajustado,0.23391033634388855,False,False,movimento,0.6
D1T1B,1110.0,1111.0,1120.0,0.0,limiar_ajustado,0.03527947570373605,False,False,frenagem,0.6
D1T1B,1120.0,1121.0,1130.0,0.0,limiar_ajustado,0.07045267222699014,False,False,frenagem,0.6
D1T1B,1130.0,1131.0,1140.0,1.13,limiar_ajustado,0.05460864406509657,False,False,frenagem,0.6
D1T1B,1140.0,1141.0,1150.0,2.505,limiar_ajustado,0.14411977611850188,False,False,movimento,0.6
D1T1B,1150.0,1151.0,1160.0,2.4949999999999997,limiar_ajustado,0.08824008032720039,False,False,frenagem,0.6
D1T1B,1160.0,1161.0,1170.0,2.3850000000000002,limiar_ajustado,0.06745466254311284,False,False,parado,0.6
D1T1B,1170.0,1171.0,1180.0,2.3350000000000004,limiar_ajustado,0.04426179288164924,False,False,parado,0.6
D1T1B,1180.0,1181.0,1190.0,2.6900000000000004,limiar_ajustado,0.03187603828407628,False,False,parado,0.6
D1T1B,1190.0,1191.0,1200.0,9.565,limiar_ajustado,0.3472430898558681,False,False,parado,0.6
D1T1B,1200.0,1201.0,1210.0,1.8199999999999998,limiar_ajustado,0.2349321236320549,False,False,movimento,0.6
D1T1B,1210.0,1211.0,1220.0,20.220000000000002,limiar_ajustado,0.2379407768904262,True,False,movimento,0.6
D1T1B,1220.0,1221.0,1230.0,18.86,limiar_ajustado,0.8336964656602431,True,True,demanda_alta,0.6
D1T1B,1230.0,1231.0,1240.0,26.240000000000002,limiar_ajustado,0.8220642583427223,True,True,demanda_alta,0.6
D1T1B,1240.0,1241.0,1250.0,9.540000000000001,limiar_ajustado,0.8453965677426153,False,True,demanda_alta,0.6
D1T1B,1250.0,1251.0,1260.0,0.0,limiar_ajustado,0.10012325202994438,False,False,movimento,0.6
D1T1B,1260.0,1261.0,1270.0,17.91,limiar_ajustado,0.022646813838693606,True,False,movimento,0.6
D1T1B,1270.0,1271.0,1280.0,22.33,limiar_ajustado,0.8171095885191028,True,True,movimento,0.6
D1T1B,1280.0,1281.0,1290.0,29.3,limiar_ajustado,0.8531077203747466,True,True,demanda_alta,0.6
D1T1B,1290.0,1291.0,1300.0,25.205000000000002,limiar_ajustado,0.5847937162164282,True,False,movimento,0.6
D1T1B,1300.0,1301.0,1310.0,21.0,limiar_ajustado,0.8765481044299199,True,True,demanda_alta,0.6
D1T1B,1310.0,1311.0,1320.0,26.915,limiar_ajustado,0.8839736328898417,True,True,demanda_alta,0.6
D1T1B,1320.0,1321.0,1330.0,41.940000000000005,limiar_ajustado,0.8701539512395733,True,True,demanda_alta,0.6
D1T1B,1330.0,1331.0,1340.0,48.755,limiar_ajustado,0.9434397074695098,True,True,demanda_alta,0.6
D1T1B,1340.0,1341.0,1350.0,24.189999999999998,limiar_ajustado,0.8755257524761281,True,True,demanda_alta,0.6
D1T1B,1350.0,1351.0,1360.0,19.175,limiar_ajustado,0.6431756053630747,True,True,freio_fora_faixa,0.6
D1T1B,1360.0,1361.0,1370.0,0.0,limiar_ajustado,0.20637764744259027,False,False,movimento,0.6
D1T1B,1370.0,1371.0,1380.0,0.0,limiar_ajustado,0.04608068058492462,False,False,movimento,0.6
D1T1B,1380.0,1381.0,1390.0,14.255,limiar_ajustado,0.05682835354414286,False,False,movimento,0.6
D1T1B,1390.0,1391.0,1400.0,3.6849999999999996,limiar_ajustado,0.9191846563634404,False,True,demanda_alta,0.6
D1T1B,1400.0,1401.0,1410.0,0.0,limiar_ajustado,0.09634775215567293,False,False,frenagem,0.6
D1T1B,1410.0,1411.0,1420.0,0.015,limiar_ajustado,0.15510225886651796,False,False,frenagem,0.6
D1T1B,1420.0,1421.0,1430.0,2.5699999999999994,limiar_ajustado,0.05159000735129077,False,False,freio_fora_faixa,0.6
D1T1B,1430.0,1431.0,1440.0,2.665,limiar_ajustado,0.06472748679554036,False,False,parado,0.6
D1T1B,1440.0,1441.0,1450.0,7.425000000000002,limiar_ajustado,0.2866271883092622,False,False,parado,0.6
D1T1B,1450.0,1451.0,1460.0,0.005,limiar_ajustado,0.30975480307852377,False,False,movimento,0.6
D1T1B,1460.0,1461.0,1470.0,0.0,limiar_ajustado,0.04705005556791627,False,False,frenagem,0.6
D1T1B,1470.0,1471.0,1480.0,0.0,limiar_ajustado,0.045604929188243694,False,False,frenagem,0.6
D1T1B,1480.0,1481.0,1490.0,0.0,limiar_ajustado,0.0419559055431037,False,False,frenagem,0.6
D1T1B,1490.0,1491.0,1500.0,0.0,limiar_ajustado,0.028897001615355303,False,False,frenagem,0.6
D1T1B,1500.0,1501.0,1510.0,0.0,limiar_ajustado,0.02029475888608751,False,False,frenagem,0.6
D1T1B,1510.0,1511.0,1520.0,0.0,limiar_ajustado,0.016305407620076023,False,False,frenagem,0.6
D1T1B,1520.0,1521.0,1530.0,12.565000000000001,limiar_ajustado,0.021858496596459064,False,False,freio_fora_faixa,0.6
D1T1B,1530.0,1531.0,1540.0,44.735,limiar_ajustado,0.9438238528531432,True,True,demanda_alta,0.6
D1T1B,1540.0,1541.0,1550.0,20.615,limiar_ajustado,0.8184105070513157,True,True,demanda_alta,0.6
D1T1B,1550.0,1551.0,1560.0,30.225,limiar_ajustado,0.4659247122735527,True,False,movimento,0.6
D1T1B,1560.0,1561.0,1570.0,57.335,limiar_ajustado,0.9064625540222813,True,True,demanda_alta,0.6
D1T1B,1570.0,1571.0,1580.0,45.6,limiar_ajustado,0.8148308396727654,True,True,demanda_alta,0.6
D1T1B,1580.0,1581.0,1590.0,13.065000000000001,limiar_ajustado,0.8925290570780473,False,True,demanda_alta,0.6
D1T1B,1590.0,1591.0,1600.0,0.0,limiar_ajustado,0.09770308329081454,False,False,movimento,0.6
D1T1B,1600.0,1601.0,1610.0,0.0,limiar_ajustado,0.031889215668120655,False,False,frenagem,0.6
D1T1B,1610.0,1611.0,1620.0,0.0,limiar_ajustado,0.04427108713972641,False,False,frenagem,0.6
D1T1B,1620.0,1621.0,1630.0,0.0,limiar_ajustado,0.01784426640408184,False,False,movimento,0.6
D1T1B,1630.0,1631.0,1640.0,0.0,limiar_ajustado,0.01683023953056716,False,False,frenagem,0.6
D1T1B,1640.0,1641.0,1650.0,0.0,limiar_ajustado,0.022159432839328985,False,False,frenagem,0.6
D1T1B,1650.0,1651.0,1660.0,0.0,limiar_ajustado,0.018904670872014542,False,False,freio_fora_faixa,0.6
D1T1B,1660.0,1661.0,1670.0,0.49000000000000005,limiar_ajustado,0.021239862238654258,False,False,frenagem,0.6
D1T1B,1670.0,1671.0,1680.0,33.690000000000005,limiar_ajustado,0.3596163212089173,True,False,movimento,0.6
D1T1B,1680.0,1681.0,1690.0,28.054999999999996,limiar_ajustado,0.79734883748382,True,True,demanda_alta,0.6
D1T1B,1690.0,1691.0,1700.0,28.595000000000006,limiar_ajustado,0.928674697409792,True,True,demanda_alta,0.6
D1T1B,1700.0,1701.0,1710.0,23.065,limiar_ajustado,0.8631037222533603,True,True,freio_fora_faixa,0.6
D1T1B,1710.0,1711.0,1720.0,8.290000000000001,limiar_ajustado,0.8921463335481882,False,True,freio_fora_faixa,0.6
D1T1B,1720.0,1721.0,1730.0,17.830000000000002,limiar_ajustado,0.13560234818254938,True,False,frenagem,0.6
D1T1B,1730.0,1731.0,1740.0,15.030000000000001,limiar_ajustado,0.9056054492415565,False,True,demanda_alta,0.6
D1T1B,1740.0,1741.0,1750.0,6.635,limiar_ajustado,0.37644181476864685,False,False,freio_fora_faixa,0.6
D1T1B,1750.0,1751.0,1760.0,3.1949999999999994,limiar_ajustado,0.21637385730727296,False,False,movimento,0.6
D1T1B,1760.0,1761.0,1770.0,2.65,limiar_ajustado,0.20643867655597717,False,False,freio_fora_faixa,0.6
D1T2,9.0,10.0,19.0,9.305000000000001,persistencia,0.5429277232687687,False,False,movimento,
D1T2,19.0,20.0,29.0,10.695000000000002,persistencia,0.24293934262621836,False,False,freio_fora_faixa,
D1T2,29.0,30.0,39.0,1.3250000000000002,persistencia,0.27005828551788197,False,False,freio_fora_faixa,
D1T2,39.0,40.0,49.0,7.364999999999999,persistencia,0.25157253307210586,False,False,freio_fora_faixa,
D1T2,49.0,50.0,59.0,2.76,persistencia,0.37831495980558366,False,False,movimento,
D1T2,59.0,60.0,69.0,2.675,persistencia,0.22291343255334448,False,False,frenagem,
D1T2,69.0,70.0,79.0,3.46,persistencia,0.1258701257568178,False,False,freio_fora_faixa,
D1T2,79.0,80.0,89.0,6.859999999999999,persistencia,0.511013886773468,False,False,freio_fora_faixa,
D1T2,89.0,90.0,99.0,1.565,persistencia,0.21512440513013645,False,False,movimento,
D1T2,99.0,100.0,109.0,8.47,persistencia,0.2534629587737816,False,False,frenagem,
D1T2,109.0,110.0,119.0,20.875,persistencia,0.7542443449660788,True,True,freio_fora_faixa,
D1T2,119.0,120.0,129.0,2.16,persistencia,0.7122570111397867,False,True,movimento,
D1T2,129.0,130.0,139.0,0.0,persistencia,0.22783618972863562,False,False,freio_fora_faixa,
D1T2,139.0,140.0,149.0,13.145,persistencia,0.04977060430976983,False,False,movimento,
D1T2,149.0,150.0,159.0,49.775000000000006,persistencia,0.89485524616518,True,True,demanda_alta,
D1T2,159.0,160.0,169.0,46.55,persistencia,0.9351496396232399,True,True,freio_fora_faixa,
D1T2,169.0,170.0,179.0,17.975,persistencia,0.8644647718910902,True,True,freio_fora_faixa,
D1T2,179.0,180.0,189.0,15.23,persistencia,0.3441005392868387,False,False,movimento,
D1T2,189.0,190.0,199.0,18.06,persistencia,0.7393625779427273,True,True,movimento,
D1T2,199.0,200.0,209.0,0.0,persistencia,0.1223602252460905,False,False,movimento,
D1T2,209.0,210.0,219.0,0.0,persistencia,0.025576761122375634,False,False,freio_fora_faixa,
D1T2,219.0,220.0,229.0,0.0,persistencia,0.06597592192192765,False,False,movimento,
D1T2,229.0,230.0,239.0,13.45,persistencia,0.05653659630584569,False,False,freio_fora_faixa,
D1T2,239.0,240.0,249.0,28.01,persistencia,0.8406539022632716,True,True,demanda_alta,
D1T2,249.0,250.0,259.0,31.055,persistencia,0.8768000610184954,True,True,freio_fora_faixa,
D1T2,259.0,260.0,269.0,29.25,persistencia,0.8662945986033006,True,True,demanda_alta,
D1T2,269.0,270.0,279.0,21.68,persistencia,0.8632785947920797,True,True,demanda_alta,
D1T2,279.0,280.0,289.0,1.86,persistencia,0.10460601074757933,False,False,movimento,
D1T2,289.0,290.0,299.0,9.639999999999999,persistencia,0.6556422514074876,False,False,freio_fora_faixa,
D1T2,299.0,300.0,309.0,3.6450000000000005,persistencia,0.14636819186880343,False,False,freio_fora_faixa,
D1T2,309.0,310.0,319.0,2.8550000000000004,persistencia,0.12429708841931748,False,False,parado,
D1T2,319.0,320.0,329.0,2.8600000000000003,persistencia,0.11037007822800117,False,False,parado,
D1T2,329.0,330.0,339.0,2.56,persistencia,0.08655052341360317,False,False,freio_fora_faixa,
D1T2,339.0,340.0,349.0,2.31,persistencia,0.09385072308183717,False,False,parado,
D1T2,349.0,350.0,359.0,5.574999999999999,persistencia,0.09724885854645673,False,False,parado,
D1T2,359.0,360.0,369.0,28.214999999999996,persistencia,0.8453575875019408,True,True,demanda_alta,
D1T2,369.0,370.0,379.0,30.415,persistencia,0.9271105476323127,True,True,demanda_alta,
D1T2,379.0,380.0,389.0,20.38,persistencia,0.8443745925955163,True,True,demanda_alta,
D1T2,389.0,390.0,399.0,13.915000000000001,persistencia,0.7005247804575319,False,False,freio_fora_faixa,
D1T2,399.0,400.0,409.0,0.0,persistencia,0.1553302425171872,False,False,movimento,
D1T2,409.0,410.0,419.0,0.53,persistencia,0.09856728632377161,False,False,movimento,
D1T2,419.0,420.0,429.0,23.830000000000002,persistencia,0.4738747080989523,True,False,freio_fora_faixa,
D1T2,429.0,430.0,439.0,16.009999999999998,persistencia,0.8563730461477355,False,True,demanda_alta,
D1T2,439.0,440.0,449.0,13.495,persistencia,0.6105212849637087,False,False,movimento,
D1T2,449.0,450.0,459.0,12.885,persistencia,0.5304899083086658,False,False,movimento,
D1T2,459.0,460.0,469.0,21.38,persistencia,0.28946504133253637,True,False,movimento,
D1T2,469.0,470.0,479.0,9.395,persistencia,0.8718258457515153,False,True,freio_fora_faixa,
D1T2,479.0,480.0,489.0,6.119999999999999,persistencia,0.626819346839074,False,False,freio_fora_faixa,
D1T2,489.0,490.0,499.0,0.0,persistencia,0.11001115116381331,False,False,frenagem,
D1T2,499.0,500.0,509.0,0.0,persistencia,0.09789293128217132,False,False,frenagem,
D1T2,509.0,510.0,519.0,2.72,persistencia,0.1452210184744429,False,False,movimento,
D1T2,519.0,520.0,529.0,0.0,persistencia,0.28616301319540105,False,False,movimento,
D1T2,529.0,530.0,539.0,7.955000000000001,persistencia,0.09936715852587728,False,False,movimento,
D1T2,539.0,540.0,549.0,5.069999999999999,persistencia,0.46452695025578145,False,False,movimento,
D1T2,549.0,550.0,559.0,0.0,persistencia,0.13337333604516838,False,False,movimento,
D1T2,559.0,560.0,569.0,0.0,persistencia,0.04866283682889931,False,False,movimento,
D1T2,569.0,570.0,579.0,2.5200000000000005,persistencia,0.20382538788674537,False,False,frenagem,
D1T2,579.0,580.0,589.0,15.15,persistencia,0.4955351312113249,False,False,movimento,
D1T2,589.0,590.0,599.0,1.6949999999999998,persistencia,0.41205217459970034,False,False,freio_fora_faixa,
D1T2,599.0,600.0,609.0,2.8000000000000003,persistencia,0.25824818592828674,False,False,frenagem,
D1T2,609.0,610.0,619.0,2.6350000000000002,persistencia,0.05387720668881614,False,False,parado,
D1T2,619.0,620.0,629.0,2.3400000000000003,persistencia,0.10554488231656987,False,False,parado,
D1T2,629.0,630.0,639.0,2.31,persistencia,0.06202387045926711,False,False,parado,
D1T2,639.0,640.0,649.0,9.665000000000001,persistencia,0.07330800267940886,False,False,parado,
D1T2,649.0,650.0,659.0,17.814999999999998,persistencia,0.7338553716442404,True,False,movimento,
D1T2,659.0,660.0,669.0,23.384999999999998,persistencia,0.8666416046495898,True,True,demanda_alta,
D1T2,669.0,670.0,679.0,16.565,persistencia,0.8608904757480108,False,True,demanda_alta,
D1T2,679.0,680.0,689.0,5.970000000000001,persistencia,0.3815416041551294,False,False,movimento,
D1T2,689.0,690.0,699.0,43.37,persistencia,0.7957403951110318,True,True,demanda_alta,
D1T2,699.0,700.0,709.0,42.78000000000001,persistencia,0.8984871028107735,True,True,demanda_alta,
D1T2,709.0,710.0,719.0,26.044999999999998,persistencia,0.8259152537737111,True,True,demanda_alta,
D1T2,719.0,720.0,729.0,8.690000000000001,persistencia,0.8167017411999482,False,True,demanda_alta,
D1T2,729.0,730.0,739.0,0.615,persistencia,0.11071288284320316,False,False,movimento,
D1T2,739.0,740.0,749.0,0.0,persistencia,0.2476615694128746,False,False,movimento,
D1T2,749.0,750.0,759.0,2.23,persistencia,0.14710401256202338,False,False,frenagem,
D1T2,759.0,760.0,769.0,2.755,persistencia,0.3360386543637338,False,False,parado,
D1T2,769.0,770.0,779.0,2.6550000000000002,persistencia,0.05866029800168888,False,False,parado,
D1T2,779.0,780.0,789.0,2.485,persistencia,0.07944851276911512,False,False,parado,
D1T2,789.0,790.0,799.0,3.1100000000000003,persistencia,0.07868345185321816,False,False,parado,
D1T2,799.0,800.0,809.0,0.02,persistencia,0.15456396653572863,False,False,movimento,
D1T2,809.0,810.0,819.0,0.0,persistencia,0.09444440938013932,False,False,movimento,
D1T2,819.0,820.0,829.0,5.77,persistencia,0.06548910192710475,False,False,movimento,
D1T2,829.0,830.0,839.0,3.185,persistencia,0.5052707361229029,False,False,movimento,
D1T2,839.0,840.0,849.0,4.289999999999999,persistencia,0.2708729714504824,False,False,movimento,
D1T2,849.0,850.0,859.0,5.140000000000001,persistencia,0.17912259485011395,False,False,movimento,
D1T2,859.0,860.0,869.0,5.05,persistencia,0.2738190041156996,False,False,movimento,
D1T2,869.0,870.0,879.0,4.425,persistencia,0.18919193797872388,False,False,movimento,
D1T2,879.0,880.0,889.0,20.714999999999996,persistencia,0.7202254254064111,True,False,freio_fora_faixa,
D1T2,889.0,890.0,899.0,21.285,persistencia,0.846629342343327,True,True,freio_fora_faixa,
D1T2,899.0,900.0,909.0,13.330000000000002,persistencia,0.7776528576188076,False,True,movimento,
D1T2,909.0,910.0,919.0,7.084999999999999,persistencia,0.24732264924512748,False,False,freio_fora_faixa,
D1T2,919.0,920.0,929.0,7.31,persistencia,0.22634151726683843,False,False,freio_fora_faixa,
D1T2,929.0,930.0,939.0,7.980000000000001,persistencia,0.2297071815909889,False,False,movimento,
D1T2,939.0,940.0,949.0,9.799999999999999,persistencia,0.19887767240582363,False,False,freio_fora_faixa,
D1T2,949.0,950.0,959.0,10.07,persistencia,0.30692078306969994,False,False,movimento,
D1T2,959.0,960.0,969.0,8.694999999999999,persistencia,0.20907494518656525,False,False,movimento,
D1T2,969.0,970.0,979.0,20.494999999999997,persistencia,0.8430570564841653,True,True,demanda_alta,
D1T2,979.0,980.0,989.0,14.464999999999998,persistencia,0.711602840919104,False,False,freio_fora_faixa,
D1T2,989.0,990.0,999.0,0.0,persistencia,0.12343355822591928,False,False,movimento,
D1T2,999.0,1000.0,1009.0,0.0,persistencia,0.06774475211414986,False,False,movimento,
D1T2,1009.0,1010.0,1019.0,0.0,persistencia,0.06776062513002289,False,False,movimento,
D1T2,1019.0,1020.0,1029.0,13.219999999999999,persistencia,0.14974295275270624,False,False,movimento,
D1T2,1029.0,1030.0,1039.0,4.96,persistencia,0.7429550781306833,False,True,freio_fora_faixa,
D1T2,1039.0,1040.0,1049.0,0.0,persistencia,0.1235380088100922,False,False,freio_fora_faixa,
D1T2,1049.0,1050.0,1059.0,0.0,persistencia,0.0747236586215724,False,False,movimento,
D1T2,1059.0,1060.0,1069.0,0.0,persistencia,0.10615505907154871,False,False,frenagem,
D1T2,1069.0,1070.0,1079.0,2.1149999999999998,persistencia,0.4134231955964529,False,False,movimento,
D1T2,1079.0,1080.0,1089.0,0.29500000000000004,persistencia,0.20929214844043764,False,False,movimento,
D1T2,1089.0,1090.0,1099.0,0.0,persistencia,0.3435865485734472,False,False,frenagem,
D1T2,1099.0,1100.0,1109.0,1.72,persistencia,0.10155013507223089,False,False,frenagem,
D1T2,1109.0,1110.0,1119.0,2.745,persistencia,0.3004224315310958,False,False,freio_fora_faixa,
D1T2,1119.0,1120.0,1129.0,2.715,persistencia,0.05677434149477079,False,False,parado,
D1T2,1129.0,1130.0,1139.0,14.59,persistencia,0.0634846140587019,False,False,parado,
D1T2,1139.0,1140.0,1149.0,22.550000000000004,persistencia,0.9043616411065208,True,True,freio_fora_faixa,
D1T2,1149.0,1150.0,1159.0,21.365000000000002,persistencia,0.5721988158885671,True,False,freio_fora_faixa,
D1T2,1159.0,1160.0,1169.0,7.470000000000001,persistencia,0.15117964048764754,False,False,movimento,
D1T2,1169.0,1170.0,1179.0,13.930000000000001,persistencia,0.6446953631910459,False,False,movimento,
D1T2,1179.0,1180.0,1189.0,10.925,persistencia,0.6948866154758013,False,True,demanda_alta,
D1T2,1189.0,1190.0,1199.0,1.9700000000000002,persistencia,0.18330359050087694,False,False,frenagem,
D1T2,1199.0,1200.0,1209.0,2.3550000000000004,persistencia,0.338131552816935,False,False,parado,
D1T2,1209.0,1210.0,1219.0,2.375,persistencia,0.10964549787257863,False,False,parado,
D1T2,1219.0,1220.0,1229.0,2.3150000000000004,persistencia,0.0636726929361608,False,False,parado,
D1T2,1229.0,1230.0,1239.0,5.549999999999999,persistencia,0.054239936481665224,False,False,parado,
D1T2,1239.0,1240.0,1249.0,17.665,persistencia,0.8811783734055483,True,True,demanda_alta,
D1T2,1249.0,1250.0,1259.0,0.275,persistencia,0.12837402639674797,False,False,movimento,
D1T2,1259.0,1260.0,1269.0,2.31,persistencia,0.1988139279391652,False,False,frenagem,
D1T2,1269.0,1270.0,1279.0,2.775,persistencia,0.09740951160643979,False,False,parado,
D1T2,1279.0,1280.0,1289.0,13.915000000000001,persistencia,0.5928507389005516,False,False,movimento,
D1T2,1289.0,1290.0,1299.0,2.54,persistencia,0.5526009983907771,False,False,movimento,
D1T2,1299.0,1300.0,1309.0,2.2849999999999997,persistencia,0.195700776836452,False,False,frenagem,
D1T2,1309.0,1310.0,1319.0,2.5100000000000002,persistencia,0.15798304473884983,False,False,parado,
D1T2,1319.0,1320.0,1329.0,2.6,persistencia,0.06429230105064014,False,False,parado,
D1T2,1329.0,1330.0,1339.0,2.915,persistencia,0.0543914428003633,False,False,parado,
D1T2,1339.0,1340.0,1349.0,4.835,persistencia,0.2661665870459513,False,False,parado,
D1T2,1349.0,1350.0,1359.0,19.6,persistencia,0.391807805314912,True,False,freio_fora_faixa,
D1T2,1359.0,1360.0,1369.0,4.8,persistencia,0.6983474696315439,False,False,freio_fora_faixa,
D1T2,1369.0,1370.0,1379.0,0.0,persistencia,0.12133136158080975,False,False,movimento,
D1T2,1379.0,1380.0,1389.0,8.0,persistencia,0.06708956770451706,False,False,movimento,
D1T2,1389.0,1390.0,1399.0,4.195,persistencia,0.5390957847773452,False,False,movimento,
D1T2,1399.0,1400.0,1409.0,0.0,persistencia,0.12974781497251262,False,False,movimento,
D1T2,1409.0,1410.0,1419.0,0.0,persistencia,0.07941537985502181,False,False,movimento,
D1T2,1419.0,1420.0,1429.0,1.4600000000000002,persistencia,0.12568595002838895,False,False,movimento,
D1T2,1429.0,1430.0,1439.0,2.295,persistencia,0.1886390947231921,False,False,frenagem,
D1T2,1439.0,1440.0,1449.0,2.3,persistencia,0.11651155906746721,False,False,parado,
D1T2,1449.0,1450.0,1459.0,2.3,persistencia,0.03998767653371457,False,False,parado,
D1T2,1459.0,1460.0,1469.0,4.74,persistencia,0.08995728437057755,False,False,parado,
D1T2,1469.0,1470.0,1479.0,14.715,persistencia,0.7948260003381599,False,False,freio_fora_faixa,
D1T2,1479.0,1480.0,1489.0,0.8300000000000001,persistencia,0.5146397858777576,False,False,freio_fora_faixa,
D1T2,1489.0,1490.0,1499.0,2.715,persistencia,0.232943973366974,False,False,movimento,
D1T2,1499.0,1500.0,1509.0,3.675,persistencia,0.11370097423227168,False,False,freio_fora_faixa,
D1T2,1509.0,1510.0,1519.0,3.6700000000000004,persistencia,0.11651564326301621,False,False,movimento,
D1T2,1519.0,1520.0,1529.0,4.4350000000000005,persistencia,0.21222780109080958,False,False,movimento,
D1T2,1529.0,1530.0,1539.0,8.344999999999999,persistencia,0.16445014549716133,False,False,freio_fora_faixa,
D1T2,1539.0,1540.0,1549.0,25.765000000000004,persistencia,0.8566533193860261,True,True,demanda_alta,
D1T2,1549.0,1550.0,1559.0,28.369999999999997,persistencia,0.8415788756470509,True,True,demanda_alta,
D1T2,1559.0,1560.0,1569.0,5.555000000000001,persistencia,0.6885141512530586,False,False,movimento,
D1T2,1569.0,1570.0,1579.0,0.55,persistencia,0.1407776911737537,False,False,frenagem,
D1T2,1579.0,1580.0,1589.0,3.5550000000000006,persistencia,0.20338264527508326,False,False,frenagem,
D1T2,1589.0,1590.0,1599.0,2.62,persistencia,0.14716862768430275,False,False,parado,
D1T2,1599.0,1600.0,1609.0,4.4399999999999995,persistencia,0.06755654591212272,False,False,parado,
D1T2,1609.0,1610.0,1619.0,21.410000000000004,persistencia,0.6297140355626271,True,False,movimento,
D1T2,1619.0,1620.0,1629.0,13.934999999999997,persistencia,0.8888357084681104,False,True,demanda_alta,
D1T2,1629.0,1630.0,1639.0,7.760000000000001,persistencia,0.11741076556237784,False,False,movimento,
D1T2,1639.0,1640.0,1649.0,6.455,persistencia,0.5745873708011918,False,False,freio_fora_faixa,
D1T2,1649.0,1650.0,1659.0,3.5100000000000002,persistencia,0.13954094309444512,False,False,movimento,
D1T2,1659.0,1660.0,1669.0,11.7,persistencia,0.5123725828523024,False,False,movimento,
D1T2,1669.0,1670.0,1679.0,8.73,persistencia,0.5655133476483765,False,False,freio_fora_faixa,
D1T2,1679.0,1680.0,1689.0,15.444999999999999,persistencia,0.2779753922709347,False,False,movimento,
D1T2,1689.0,1690.0,1699.0,24.36,persistencia,0.8775360976195317,True,True,freio_fora_faixa,
D1T2,1699.0,1700.0,1709.0,24.589999999999996,persistencia,0.743935050775145,True,False,movimento,
D1T2,1709.0,1710.0,1719.0,37.075,persistencia,0.8720705428812375,True,True,demanda_alta,
D1T2,1719.0,1720.0,1729.0,16.57,persistencia,0.6855718636607788,False,False,freio_fora_faixa,
D1T2,1729.0,1730.0,1739.0,15.935000000000002,persistencia,0.6532342415601421,False,False,movimento,
D1T2,1739.0,1740.0,1749.0,17.97,persistencia,0.7091842847799755,True,False,movimento,
D1T2,1749.0,1750.0,1759.0,18.39,persistencia,0.795474456214773,True,True,demanda_alta,
D1T2,1759.0,1760.0,1769.0,16.759999999999998,persistencia,0.3575799339628628,False,False,freio_fora_faixa,
D1T2,1769.0,1770.0,1779.0,12.559999999999999,persistencia,0.8084249303934429,False,True,demanda_alta,
D1T2,1779.0,1780.0,1789.0,1.19,persistencia,0.13699544250485135,False,False,movimento,
D1T2,1789.0,1790.0,1799.0,3.6349999999999993,persistencia,0.4820095049650563,False,False,movimento,
D1T2,1799.0,1800.0,1809.0,2.2600000000000002,persistencia,0.20441244541015396,False,False,frenagem,
D1T2,1809.0,1810.0,1819.0,2.2600000000000002,persistencia,0.16384165859205566,False,False,parado,
D1T2,1819.0,1820.0,1829.0,2.925,persistencia,0.0722536760639794,False,False,parado,
D1T2,1829.0,1830.0,1839.0,5.245,persistencia,0.19966357761257883,False,False,movimento,
D1T2,1839.0,1840.0,1849.0,6.1850000000000005,persistencia,0.12911817120811434,False,False,movimento,
D1T2,1849.0,1850.0,1859.0,26.794999999999998,persistencia,0.73478555239932,True,False,movimento,
D1T2,1859.0,1860.0,1869.0,40.08,persistencia,0.8778985920302114,True,True,demanda_alta,
D1T2,1869.0,1870.0,1879.0,44.650000000000006,persistencia,0.9091500279618718,True,True,demanda_alta,
D1T2,1879.0,1880.0,1889.0,19.000000000000004,persistencia,0.8407667356761556,True,True,demanda_alta,
D1T2,1889.0,1890.0,1899.0,27.235000000000003,persistencia,0.121545502020431,True,False,frenagem,
D1T2,1899.0,1900.0,1909.0,16.02,persistencia,0.2863838159377329,False,False,movimento,
D1T2,1909.0,1910.0,1919.0,22.24,persistencia,0.8976949089661683,True,True,freio_fora_faixa,
D1T2,1919.0,1920.0,1929.0,1.595,persistencia,0.370035948760825,False,False,movimento,
D1T2,1929.0,1930.0,1939.0,1.7399999999999998,persistencia,0.2884999986850671,False,False,frenagem,
D1T2,1939.0,1940.0,1949.0,4.29,persistencia,0.3517668947106436,False,False,freio_fora_faixa,
D1T2,1949.0,1950.0,1959.0,12.239999999999998,persistencia,0.20962518658633,False,False,movimento,
D1T2,1959.0,1960.0,1969.0,2.275,persistencia,0.3292985544822472,False,False,movimento,
D1T2,1969.0,1970.0,1979.0,2.3150000000000004,persistencia,0.17899784559139306,False,False,frenagem,
D1T2,1979.0,1980.0,1989.0,6.33,persistencia,0.07583924173107741,False,False,parado,
D1T2,1989.0,1990.0,1999.0,22.025,persistencia,0.8399908489449267,True,True,demanda_alta,
D1T2,1999.0,2000.0,2009.0,3.625,persistencia,0.7702896393560421,False,True,freio_fora_faixa,
D1T2,2009.0,2010.0,2019.0,17.805,persistencia,0.29950248785573413,True,False,movimento,
D1T2,2019.0,2020.0,2029.0,12.175,persistencia,0.8577290922592339,False,True,demanda_alta,
D1T2,2029.0,2030.0,2039.0,0.0,persistencia,0.10960344306914933,False,False,freio_fora_faixa,
D1T2,2039.0,2040.0,2049.0,0.0,persistencia,0.08390403428998311,False,False,movimento,
D1T2,2049.0,2050.0,2059.0,0.6749999999999999,persistencia,0.12621342240644978,False,False,freio_fora_faixa,
D1T2,2059.0,2060.0,2069.0,3.2399999999999998,persistencia,0.16610352878508405,False,False,freio_fora_faixa,
D1T2,2069.0,2070.0,2079.0,18.755000000000003,persistencia,0.30027427635338566,True,False,movimento,
D1T2,2079.0,2080.0,2089.0,25.805,persistencia,0.8447829278326674,True,True,demanda_alta,
D1T2,2089.0,2090.0,2099.0,28.214999999999996,persistencia,0.8308057514482868,True,True,demanda_alta,
D1T2,2099.0,2100.0,2109.0,11.194999999999999,persistencia,0.8595155437259091,False,True,demanda_alta,
D1T2,2109.0,2110.0,2119.0,0.8300000000000001,persistencia,0.10460409074619506,False,False,frenagem,
D1T2,2119.0,2120.0,2129.0,2.415,persistencia,0.2756661022624863,False,False,frenagem,
D1T2,2129.0,2130.0,2139.0,4.025,persistencia,0.07174624638435216,False,False,parado,
D1T2,2139.0,2140.0,2149.0,4.159999999999999,persistencia,0.5017539361443837,False,False,movimento,
D1T2,2149.0,2150.0,2159.0,18.44,persistencia,0.15775339001155547,True,False,movimento,
D1T2,2159.0,2160.0,2169.0,32.44499999999999,persistencia,0.7809034049115512,True,True,demanda_alta,
D1T2,2169.0,2170.0,2179.0,27.544999999999998,persistencia,0.8652650095299781,True,True,demanda_alta,
D1T2,2179.0,2180.0,2189.0,0.0,persistencia,0.16257362443480644,False,False,movimento,
D1T2,2189.0,2190.0,2199.0,0.0,persistencia,0.11028843729716828,False,False,movimento,
D1T2,2199.0,2200.0,2209.0,0.0,persistencia,0.0769749951750249,False,False,movimento,
D1T2,2209.0,2210.0,2219.0,10.065000000000001,persistencia,0.08027319979526343,False,False,movimento,
D1T2,2219.0,2220.0,2229.0,0.0,persistencia,0.09312605533753116,False,False,movimento,
D1T2,2229.0,2230.0,2239.0,0.0,persistencia,0.06159441614354236,False,False,frenagem,
D1T2,2239.0,2240.0,2249.0,0.175,persistencia,0.13172675884142232,False,False,frenagem,
D1T2,2249.0,2250.0,2259.0,2.3800000000000003,persistencia,0.26429542256156263,False,False,freio_fora_faixa,
D1T2,2259.0,2260.0,2269.0,2.3150000000000004,persistencia,0.153928167222716,False,False,parado,
D1T2,2269.0,2270.0,2279.0,3.78,persistencia,0.05660135328613751,False,False,freio_fora_faixa,
D1T2,2279.0,2280.0,2289.0,4.844999999999999,persistencia,0.15210312455215072,False,False,movimento,
D1T2,2289.0,2290.0,2299.0,7.919999999999999,persistencia,0.47542531165117263,False,False,movimento,
D1T2,2299.0,2300.0,2309.0,0.0,persistencia,0.1268691204813925,False,False,movimento,
D1T2,2309.0,2310.0,2319.0,5.61,persistencia,0.057396625077851524,False,False,movimento,
D1T2,2319.0,2320.0,2329.0,5.325,persistencia,0.2368218444900579,False,False,freio_fora_faixa,
D1T2,2329.0,2330.0,2339.0,2.3049999999999997,persistencia,0.239459149411682,False,False,movimento,
D1T2,2339.0,2340.0,2349.0,0.5700000000000001,persistencia,0.6903813114048001,False,False,movimento,
D1T2,2349.0,2350.0,2359.0,0.0,persistencia,0.14006940666170142,False,False,movimento,
D1T2,2359.0,2360.0,2369.0,0.0,persistencia,0.03327938203326598,False,False,movimento,
D1T2,2369.0,2370.0,2379.0,0.0,persistencia,0.09061022961896298,False,False,frenagem,
D1T2,2379.0,2380.0,2389.0,1.3599999999999999,persistencia,0.1312471275952443,False,False,frenagem,
D1T2,2389.0,2390.0,2399.0,2.295,persistencia,0.3019164861057613,False,False,freio_fora_faixa,
D1T2,2399.0,2400.0,2409.0,3.465,persistencia,0.05164114323986183,False,False,parado,
D1T2,2409.0,2410.0,2419.0,3.7449999999999997,persistencia,0.18662021144501775,False,False,movimento,
D1T2,2419.0,2420.0,2429.0,11.780000000000001,persistencia,0.11353022925941911,False,False,movimento,
D1T2,2429.0,2430.0,2439.0,6.9399999999999995,persistencia,0.761070826619289,False,True,movimento,
D1T2,2439.0,2440.0,2449.0,2.78,persistencia,0.23706028259753192,False,False,movimento,
D1T2,2449.0,2450.0,2459.0,22.46,persistencia,0.14424511953083602,True,False,frenagem,
D1T2,2459.0,2460.0,2469.0,5.7,persistencia,0.8784710816441479,False,True,demanda_alta,
D1T2,2469.0,2470.0,2479.0,0.0,persistencia,0.14120311471827032,False,False,freio_fora_faixa,
D1T2,2479.0,2480.0,2489.0,0.045,persistencia,0.14484559489090854,False,False,movimento,
D1T2,2489.0,2490.0,2499.0,2.25,persistencia,0.1334730456395713,False,False,movimento,
D1T2,2499.0,2500.0,2509.0,2.62,persistencia,0.19010430315880267,False,False,movimento,
D1T2,2509.0,2510.0,2519.0,2.3150000000000004,persistencia,0.09677040994346141,False,False,frenagem,
D1T2,2519.0,2520.0,2529.0,2.465,persistencia,0.08320118423401845,False,False,parado,
D1T2,2529.0,2530.0,2539.0,2.6,persistencia,0.05134705566440601,False,False,parado,
D1T2,2539.0,2540.0,2549.0,7.1850000000000005,persistencia,0.0536269744322364,False,False,freio_fora_faixa,
D1T2,2549.0,2550.0,2559.0,9.955,persistencia,0.4586299961627948,False,False,freio_fora_faixa,
D1T2,2559.0,2560.0,2569.0,4.565,persistencia,0.18231992076936693,False,False,movimento,
D1T2,2569.0,2570.0,2579.0,4.279999999999999,persistencia,0.1819857536238802,False,False,freio_fora_faixa,
D1T2,2579.0,2580.0,2589.0,7.815,persistencia,0.4871153102885759,False,False,movimento,
D1T2,2589.0,2590.0,2599.0,16.220000000000002,persistencia,0.2569406612109874,False,False,movimento,
D1T2,2599.0,2600.0,2609.0,12.16,persistencia,0.6362598859112925,False,False,freio_fora_faixa,
D1T2,2609.0,2610.0,2619.0,23.265,persistencia,0.5369746524199037,True,False,movimento,
D1T2,2619.0,2620.0,2629.0,32.585,persistencia,0.9228220496300825,True,True,demanda_alta,
D1T2,2629.0,2630.0,2639.0,0.0,persistencia,0.15080621031998714,False,False,movimento,
D1T2,2639.0,2640.0,2649.0,1.35,persistencia,0.12055423681493008,False,False,freio_fora_faixa,
D1T2,2649.0,2650.0,2659.0,2.3,persistencia,0.2550012420687833,False,False,frenagem,
D1T2,2659.0,2660.0,2669.0,2.2699999999999996,persistencia,0.04478610800713266,False,False,parado,
D1T2,2669.0,2670.0,2679.0,2.25,persistencia,0.05245140774141269,False,False,parado,
D1T2,2679.0,2680.0,2689.0,2.255,persistencia,0.05014696408269806,False,False,parado,
D1T2,2689.0,2690.0,2699.0,2.2199999999999998,persistencia,0.058103142914274555,False,False,parado,
D1T2,2699.0,2700.0,2709.0,2.2649999999999997,persistencia,0.050102448213781396,False,False,parado,
D1T2,2709.0,2710.0,2719.0,2.2449999999999997,persistencia,0.057111180018470126,False,False,freio_fora_faixa,
D1T2,2719.0,2720.0,2729.0,4.425,persistencia,0.05464198452814793,False,False,freio_fora_faixa,
D1T2,2729.0,2730.0,2739.0,9.530000000000001,persistencia,0.6566247176813618,False,False,freio_fora_faixa,
D1T2,2739.0,2740.0,2749.0,2.41,persistencia,0.1459602701008989,False,False,movimento,
D1T2,2749.0,2750.0,2759.0,3.465,persistencia,0.16064800337933374,False,False,movimento,
D1T2,2759.0,2760.0,2769.0,3.725,persistencia,0.08205630236260728,False,False,freio_fora_faixa,
D1T2,2769.0,2770.0,2779.0,15.720000000000002,persistencia,0.0772565654921462,False,False,freio_fora_faixa,
D1T2,2779.0,2780.0,2789.0,21.990000000000002,persistencia,0.8090887614805712,True,True,demanda_alta,
D1T2,2789.0,2790.0,2799.0,10.504999999999999,persistencia,0.8331190525581798,False,True,demanda_alta,
D1T2,2799.0,2800.0,2809.0,0.0,persistencia,0.1128184935078693,False,False,movimento,
D1T2,2809.0,2810.0,2819.0,0.0,persistencia,0.06584401746850072,False,False,movimento,
D1T2,2819.0,2820.0,2829.0,3.38,persistencia,0.0699476379182876,False,False,freio_fora_faixa,
D1T2,2829.0,2830.0,2839.0,8.66,persistencia,0.7465862457362457,False,False,freio_fora_faixa,
D1T2,2839.0,2840.0,2849.0,0.025,persistencia,0.13500562386387718,False,False,movimento,
D1T2,2849.0,2850.0,2859.0,2.2399999999999998,persistencia,0.09061652583948915,False,False,frenagem,
D1T2,2859.0,2860.0,2869.0,2.2600000000000002,persistencia,0.08915177299131831,False,False,parado,
D1T2,2869.0,2870.0,2879.0,11.64,persistencia,0.05564305405840868,False,False,parado,
D1T2,2879.0,2880.0,2889.0,32.07,persistencia,0.8561476390497905,True,True,demanda_alta,
D1T2,2889.0,2890.0,2899.0,30.189999999999998,persistencia,0.7453549557648678,True,True,demanda_alta,
D1T2,2899.0,2900.0,2909.0,38.80499999999999,persistencia,0.8056316779861211,True,True,demanda_alta,
D1T2,2909.0,2910.0,2919.0,46.275000000000006,persistencia,0.9400248629983757,True,True,demanda_alta,
D1T2,2919.0,2920.0,2929.0,35.615,persistencia,0.8913363460814501,True,True,demanda_alta,
D1T2,2929.0,2930.0,2939.0,17.935000000000002,persistencia,0.8377567380726841,True,True,demanda_alta,
D1T2,2939.0,2940.0,2949.0,12.294999999999998,persistencia,0.2681184491329561,False,False,movimento,
D1T2,2949.0,2950.0,2959.0,31.229999999999997,persistencia,0.8599585034596842,True,True,demanda_alta,
D1T2,2959.0,2960.0,2969.0,10.7,persistencia,0.8442522867662088,False,True,movimento,
D1T2,2969.0,2970.0,2979.0,0.0,persistencia,0.18038440038876657,False,False,movimento,
D1T2,2979.0,2980.0,2989.0,0.0,persistencia,0.10002128477613531,False,False,movimento,
D1T2,2989.0,2990.0,2999.0,0.0,persistencia,0.12235565097151234,False,False,movimento,
D1T2,2999.0,3000.0,3009.0,0.26,persistencia,0.1546220928618311,False,False,freio_fora_faixa,
D1T2,3009.0,3010.0,3019.0,2.95,persistencia,0.18138797674025653,False,False,frenagem,
D1T2,3019.0,3020.0,3029.0,2.77,persistencia,0.08641478066342977,False,False,freio_fora_faixa,
D1T2,3029.0,3030.0,3039.0,9.415000000000001,persistencia,0.047856216138126344,False,False,frenagem,
D1T2,3039.0,3040.0,3049.0,19.240000000000002,persistencia,0.828612721274939,True,True,demanda_alta,
D1T2,3049.0,3050.0,3059.0,7.734999999999999,persistencia,0.6335659787286768,False,True,demanda_alta,
D1T2,3059.0,3060.0,3069.0,9.87,persistencia,0.34657152403710256,False,False,movimento,
D1T2,3069.0,3070.0,3079.0,26.125,persistencia,0.5801076337771233,True,False,movimento,
D1T2,3079.0,3080.0,3089.0,46.025000000000006,persistencia,0.9402537013376688,True,True,freio_fora_faixa,
D1T2,3089.0,3090.0,3099.0,45.82,persistencia,0.8993313967224623,True,True,demanda_alta,
D1T2,3099.0,3100.0,3109.0,22.714999999999996,persistencia,0.8848714303081845,True,True,demanda_alta,
D1T2,3109.0,3110.0,3119.0,0.0,persistencia,0.15957368626388635,False,False,movimento,
D1T2,3119.0,3120.0,3129.0,8.650000000000002,persistencia,0.13804854761732513,False,False,freio_fora_faixa,
D1T2,3129.0,3130.0,3139.0,0.0,persistencia,0.2280862572730841,False,False,movimento,
D1T2,3139.0,3140.0,3149.0,0.0,persistencia,0.09353019418059372,False,False,movimento,
D1T2,3149.0,3150.0,3159.0,0.0,persistencia,0.23182729944303732,False,False,frenagem,
D1T2,3159.0,3160.0,3169.0,0.905,persistencia,0.10206733607120654,False,False,movimento,
D1T2,3169.0,3170.0,3179.0,2.3550000000000004,persistencia,0.207403025323758,False,False,frenagem,
D1T2,3179.0,3180.0,3189.0,2.3400000000000007,persistencia,0.07338761157044758,False,False,parado,
D1T2,3189.0,3190.0,3199.0,5.055,persistencia,0.049081157581349004,False,False,parado,
D1T2,3199.0,3200.0,3209.0,4.985,persistencia,0.7713960111253167,False,False,movimento,
D1T2,3209.0,3210.0,3219.0,11.929999999999998,persistencia,0.2664558672990586,False,False,movimento,
D1T2,3219.0,3220.0,3229.0,23.155,persistencia,0.2706236001975485,True,False,movimento,
D1T2,3229.0,3230.0,3239.0,35.85,persistencia,0.8460571645007063,True,True,demanda_alta,
D1T2,3239.0,3240.0,3249.0,31.015000000000004,persistencia,0.8673540274984639,True,True,demanda_alta,
D1T2,3249.0,3250.0,3259.0,36.325,persistencia,0.8589602295303258,True,True,demanda_alta,
D1T2,3259.0,3260.0,3269.0,41.47,persistencia,0.9219703570756529,True,True,demanda_alta,
D1T2,3269.0,3270.0,3279.0,0.0,persistencia,0.18175035865213846,False,False,movimento,
D1T2,3279.0,3280.0,3289.0,16.355,persistencia,0.2214862021587984,False,False,movimento,
D1T2,3289.0,3290.0,3299.0,26.825,persistencia,0.8598393822658005,True,True,demanda_alta,
D1T2,3299.0,3300.0,3309.0,9.145,persistencia,0.9025492914109968,False,True,demanda_alta,
D1T2,3309.0,3310.0,3319.0,2.8449999999999998,persistencia,0.19797887025210603,False,False,frenagem,
D1T2,3319.0,3320.0,3329.0,2.9349999999999996,persistencia,0.08445479981494623,False,False,freio_fora_faixa,
D1T2,3329.0,3330.0,3339.0,2.7150000000000003,persistencia,0.0755390486985224,False,False,parado,
D1T2,3339.0,3340.0,3349.0,2.45,persistencia,0.10141695920384301,False,False,parado,
D1T2,3349.0,3350.0,3359.0,16.475,persistencia,0.0708151221404786,False,False,freio_fora_faixa,
D1T2,3359.0,3360.0,3369.0,43.41,persistencia,0.9288019645129044,True,True,demanda_alta,
D1T2,3369.0,3370.0,3379.0,46.769999999999996,persistencia,0.9039128937422026,True,True,freio_fora_faixa,
D1T2,3379.0,3380.0,3389.0,16.48,persistencia,0.8994064144629054,False,True,freio_fora_faixa,
D1T2,3389.0,3390.0,3399.0,6.93,persistencia,0.2760184760776574,False,False,movimento,
D1T2,3399.0,3400.0,3409.0,0.0,persistencia,0.13536000107310403,False,False,freio_fora_faixa,
D1T2,3409.0,3410.0,3419.0,0.0,persistencia,0.08648895715793457,False,False,frenagem,
D1T2,3419.0,3420.0,3429.0,0.0,persistencia,0.11245598119323741,False,False,movimento,
D1T2,3429.0,3430.0,3439.0,0.0,persistencia,0.16647436545416167,False,False,movimento,
D1T2,3439.0,3440.0,3449.0,0.18,persistencia,0.11451831281855368,False,False,freio_fora_faixa,
D1T2,3449.0,3450.0,3459.0,2.545,persistencia,0.16575132695526854,False,False,movimento,
D1T2,3459.0,3460.0,3469.0,3.0,persistencia,0.08371145894986039,False,False,movimento,
D1T2,3469.0,3470.0,3479.0,2.91,persistencia,0.10923290847760624,False,False,freio_fora_faixa,
D1T2,3479.0,3480.0,3489.0,2.38,persistencia,0.06297007003183352,False,False,movimento,
D1T2,3489.0,3490.0,3499.0,2.325,persistencia,0.08489682700882309,False,False,frenagem,
D1T2,3499.0,3500.0,3509.0,3.19,persistencia,0.07136484516011321,False,False,parado,
D1T2,3509.0,3510.0,3519.0,3.525,persistencia,0.2769350004134642,False,False,movimento,
D1T2,3519.0,3520.0,3529.0,0.42000000000000004,persistencia,0.19042941300865404,False,False,movimento,
D1T2,3529.0,3530.0,3539.0,2.2900000000000005,persistencia,0.22609230979196518,False,False,frenagem,
D1T2,3539.0,3540.0,3549.0,3.525,persistencia,0.08961206703284647,False,False,parado,
D1T2,3549.0,3550.0,3559.0,1.8450000000000002,persistencia,0.4616748085047416,False,False,freio_fora_faixa,
D1T2,3559.0,3560.0,3569.0,0.0,persistencia,0.19864686385959193,False,False,freio_fora_faixa,
D1T2,3569.0,3570.0,3579.0,0.0,persistencia,0.05516987618472366,False,False,movimento,
D1T2,3579.0,3580.0,3589.0,0.0,persistencia,0.05069454028185937,False,False,movimento,
D1T2,3589.0,3590.0,3599.0,0.0,persistencia,0.04855168313900224,False,False,movimento,
D1T2,3599.0,3600.0,3609.0,0.0,persistencia,0.06912064185370476,False,False,movimento,
D1T2,3609.0,3610.0,3619.0,0.0,persistencia,0.08920446911673631,False,False,frenagem,
D1T2,3619.0,3620.0,3629.0,1.7,persistencia,0.06341482576119085,False,False,freio_fora_faixa,
D1T2,3629.0,3630.0,3639.0,2.3449999999999998,persistencia,0.21038422910975899,False,False,frenagem,
D1T2,3639.0,3640.0,3649.0,2.66,persistencia,0.10642731464750695,False,False,freio_fora_faixa,
D1T2,3649.0,3650.0,3659.0,20.450000000000003,persistencia,0.6067985077823316,True,False,movimento,
D1T2,3659.0,3660.0,3669.0,15.495000000000001,persistencia,0.5550879830005992,False,False,movimento,
D1T2,3669.0,3670.0,3679.0,16.54,persistencia,0.24484246996662506,False,False,movimento,
D1T2,3679.0,3680.0,3689.0,35.074999999999996,persistencia,0.8313086128414787,True,True,demanda_alta,
D1T2,3689.0,3690.0,3699.0,48.095000000000006,persistencia,0.9281973280444155,True,True,demanda_alta,
D1T2,3699.0,3700.0,3709.0,44.13,persistencia,0.9265335839226112,True,True,demanda_alta,
D1T2,3709.0,3710.0,3719.0,40.065,persistencia,0.8285384113058797,True,True,demanda_alta,
D1T2,3719.0,3720.0,3729.0,5.984999999999999,persistencia,0.8508047511412714,False,True,demanda_alta,
D1T2,3729.0,3730.0,3739.0,0.0,persistencia,0.1368744795894626,False,False,movimento,
D1T2,3739.0,3740.0,3749.0,0.0,persistencia,0.14977210230739296,False,False,movimento,
D1T2,3749.0,3750.0,3759.0,0.0,persistencia,0.08522373441240816,False,False,movimento,
D1T2,3759.0,3760.0,3769.0,0.0,persistencia,0.09754513802085672,False,False,freio_fora_faixa,
D1T2,3769.0,3770.0,3779.0,0.0,persistencia,0.1453309312687945,False,False,frenagem,
D1T2,3779.0,3780.0,3789.0,0.2,persistencia,0.1384609656270462,False,False,movimento,
D1T2,3789.0,3790.0,3799.0,25.24,persistencia,0.2608323714706794,True,False,freio_fora_faixa,
D1T2,3799.0,3800.0,3809.0,31.45,persistencia,0.9483405438084189,True,True,demanda_alta,
D1T2,3809.0,3810.0,3819.0,28.589999999999996,persistencia,0.8125385509395961,True,True,demanda_alta,
D1T2,3819.0,3820.0,3829.0,20.995,persistencia,0.7990036294192943,True,True,demanda_alta,
D1T2,3829.0,3830.0,3839.0,19.105,persistencia,0.7716783473474922,True,True,demanda_alta,
D1T2,3839.0,3840.0,3849.0,5.77,persistencia,0.7482426794404915,False,True,movimento,
D1T2,3849.0,3850.0,3859.0,23.05,persistencia,0.44381317837080947,True,False,freio_fora_faixa,
D1T2,3859.0,3860.0,3869.0,16.635,persistencia,0.912863836502437,False,True,freio_fora_faixa,
D1T2,9.0,10.0,19.0,9.305000000000001,limiar_050,0.5429277232687687,False,True,movimento,0.5
D1T2,19.0,20.0,29.0,10.695000000000002,limiar_050,0.24293934262621836,False,False,freio_fora_faixa,0.5
D1T2,29.0,30.0,39.0,1.3250000000000002,limiar_050,0.27005828551788197,False,False,freio_fora_faixa,0.5
D1T2,39.0,40.0,49.0,7.364999999999999,limiar_050,0.25157253307210586,False,False,freio_fora_faixa,0.5
D1T2,49.0,50.0,59.0,2.76,limiar_050,0.37831495980558366,False,False,movimento,0.5
D1T2,59.0,60.0,69.0,2.675,limiar_050,0.22291343255334448,False,False,frenagem,0.5
D1T2,69.0,70.0,79.0,3.46,limiar_050,0.1258701257568178,False,False,freio_fora_faixa,0.5
D1T2,79.0,80.0,89.0,6.859999999999999,limiar_050,0.511013886773468,False,True,freio_fora_faixa,0.5
D1T2,89.0,90.0,99.0,1.565,limiar_050,0.21512440513013645,False,False,movimento,0.5
D1T2,99.0,100.0,109.0,8.47,limiar_050,0.2534629587737816,False,False,frenagem,0.5
D1T2,109.0,110.0,119.0,20.875,limiar_050,0.7542443449660788,True,True,freio_fora_faixa,0.5
D1T2,119.0,120.0,129.0,2.16,limiar_050,0.7122570111397867,False,True,movimento,0.5
D1T2,129.0,130.0,139.0,0.0,limiar_050,0.22783618972863562,False,False,freio_fora_faixa,0.5
D1T2,139.0,140.0,149.0,13.145,limiar_050,0.04977060430976983,False,False,movimento,0.5
D1T2,149.0,150.0,159.0,49.775000000000006,limiar_050,0.89485524616518,True,True,demanda_alta,0.5
D1T2,159.0,160.0,169.0,46.55,limiar_050,0.9351496396232399,True,True,freio_fora_faixa,0.5
D1T2,169.0,170.0,179.0,17.975,limiar_050,0.8644647718910902,True,True,freio_fora_faixa,0.5
D1T2,179.0,180.0,189.0,15.23,limiar_050,0.3441005392868387,False,False,movimento,0.5
D1T2,189.0,190.0,199.0,18.06,limiar_050,0.7393625779427273,True,True,movimento,0.5
D1T2,199.0,200.0,209.0,0.0,limiar_050,0.1223602252460905,False,False,movimento,0.5
D1T2,209.0,210.0,219.0,0.0,limiar_050,0.025576761122375634,False,False,freio_fora_faixa,0.5
D1T2,219.0,220.0,229.0,0.0,limiar_050,0.06597592192192765,False,False,movimento,0.5
D1T2,229.0,230.0,239.0,13.45,limiar_050,0.05653659630584569,False,False,freio_fora_faixa,0.5
D1T2,239.0,240.0,249.0,28.01,limiar_050,0.8406539022632716,True,True,demanda_alta,0.5
D1T2,249.0,250.0,259.0,31.055,limiar_050,0.8768000610184954,True,True,freio_fora_faixa,0.5
D1T2,259.0,260.0,269.0,29.25,limiar_050,0.8662945986033006,True,True,demanda_alta,0.5
D1T2,269.0,270.0,279.0,21.68,limiar_050,0.8632785947920797,True,True,demanda_alta,0.5
D1T2,279.0,280.0,289.0,1.86,limiar_050,0.10460601074757933,False,False,movimento,0.5
D1T2,289.0,290.0,299.0,9.639999999999999,limiar_050,0.6556422514074876,False,True,freio_fora_faixa,0.5
D1T2,299.0,300.0,309.0,3.6450000000000005,limiar_050,0.14636819186880343,False,False,freio_fora_faixa,0.5
D1T2,309.0,310.0,319.0,2.8550000000000004,limiar_050,0.12429708841931748,False,False,parado,0.5
D1T2,319.0,320.0,329.0,2.8600000000000003,limiar_050,0.11037007822800117,False,False,parado,0.5
D1T2,329.0,330.0,339.0,2.56,limiar_050,0.08655052341360317,False,False,freio_fora_faixa,0.5
D1T2,339.0,340.0,349.0,2.31,limiar_050,0.09385072308183717,False,False,parado,0.5
D1T2,349.0,350.0,359.0,5.574999999999999,limiar_050,0.09724885854645673,False,False,parado,0.5
D1T2,359.0,360.0,369.0,28.214999999999996,limiar_050,0.8453575875019408,True,True,demanda_alta,0.5
D1T2,369.0,370.0,379.0,30.415,limiar_050,0.9271105476323127,True,True,demanda_alta,0.5
D1T2,379.0,380.0,389.0,20.38,limiar_050,0.8443745925955163,True,True,demanda_alta,0.5
D1T2,389.0,390.0,399.0,13.915000000000001,limiar_050,0.7005247804575319,False,True,freio_fora_faixa,0.5
D1T2,399.0,400.0,409.0,0.0,limiar_050,0.1553302425171872,False,False,movimento,0.5
D1T2,409.0,410.0,419.0,0.53,limiar_050,0.09856728632377161,False,False,movimento,0.5
D1T2,419.0,420.0,429.0,23.830000000000002,limiar_050,0.4738747080989523,True,False,freio_fora_faixa,0.5
D1T2,429.0,430.0,439.0,16.009999999999998,limiar_050,0.8563730461477355,False,True,demanda_alta,0.5
D1T2,439.0,440.0,449.0,13.495,limiar_050,0.6105212849637087,False,True,movimento,0.5
D1T2,449.0,450.0,459.0,12.885,limiar_050,0.5304899083086658,False,True,movimento,0.5
D1T2,459.0,460.0,469.0,21.38,limiar_050,0.28946504133253637,True,False,movimento,0.5
D1T2,469.0,470.0,479.0,9.395,limiar_050,0.8718258457515153,False,True,freio_fora_faixa,0.5
D1T2,479.0,480.0,489.0,6.119999999999999,limiar_050,0.626819346839074,False,True,freio_fora_faixa,0.5
D1T2,489.0,490.0,499.0,0.0,limiar_050,0.11001115116381331,False,False,frenagem,0.5
D1T2,499.0,500.0,509.0,0.0,limiar_050,0.09789293128217132,False,False,frenagem,0.5
D1T2,509.0,510.0,519.0,2.72,limiar_050,0.1452210184744429,False,False,movimento,0.5
D1T2,519.0,520.0,529.0,0.0,limiar_050,0.28616301319540105,False,False,movimento,0.5
D1T2,529.0,530.0,539.0,7.955000000000001,limiar_050,0.09936715852587728,False,False,movimento,0.5
D1T2,539.0,540.0,549.0,5.069999999999999,limiar_050,0.46452695025578145,False,False,movimento,0.5
D1T2,549.0,550.0,559.0,0.0,limiar_050,0.13337333604516838,False,False,movimento,0.5
D1T2,559.0,560.0,569.0,0.0,limiar_050,0.04866283682889931,False,False,movimento,0.5
D1T2,569.0,570.0,579.0,2.5200000000000005,limiar_050,0.20382538788674537,False,False,frenagem,0.5
D1T2,579.0,580.0,589.0,15.15,limiar_050,0.4955351312113249,False,False,movimento,0.5
D1T2,589.0,590.0,599.0,1.6949999999999998,limiar_050,0.41205217459970034,False,False,freio_fora_faixa,0.5
D1T2,599.0,600.0,609.0,2.8000000000000003,limiar_050,0.25824818592828674,False,False,frenagem,0.5
D1T2,609.0,610.0,619.0,2.6350000000000002,limiar_050,0.05387720668881614,False,False,parado,0.5
D1T2,619.0,620.0,629.0,2.3400000000000003,limiar_050,0.10554488231656987,False,False,parado,0.5
D1T2,629.0,630.0,639.0,2.31,limiar_050,0.06202387045926711,False,False,parado,0.5
D1T2,639.0,640.0,649.0,9.665000000000001,limiar_050,0.07330800267940886,False,False,parado,0.5
D1T2,649.0,650.0,659.0,17.814999999999998,limiar_050,0.7338553716442404,True,True,movimento,0.5
D1T2,659.0,660.0,669.0,23.384999999999998,limiar_050,0.8666416046495898,True,True,demanda_alta,0.5
D1T2,669.0,670.0,679.0,16.565,limiar_050,0.8608904757480108,False,True,demanda_alta,0.5
D1T2,679.0,680.0,689.0,5.970000000000001,limiar_050,0.3815416041551294,False,False,movimento,0.5
D1T2,689.0,690.0,699.0,43.37,limiar_050,0.7957403951110318,True,True,demanda_alta,0.5
D1T2,699.0,700.0,709.0,42.78000000000001,limiar_050,0.8984871028107735,True,True,demanda_alta,0.5
D1T2,709.0,710.0,719.0,26.044999999999998,limiar_050,0.8259152537737111,True,True,demanda_alta,0.5
D1T2,719.0,720.0,729.0,8.690000000000001,limiar_050,0.8167017411999482,False,True,demanda_alta,0.5
D1T2,729.0,730.0,739.0,0.615,limiar_050,0.11071288284320316,False,False,movimento,0.5
D1T2,739.0,740.0,749.0,0.0,limiar_050,0.2476615694128746,False,False,movimento,0.5
D1T2,749.0,750.0,759.0,2.23,limiar_050,0.14710401256202338,False,False,frenagem,0.5
D1T2,759.0,760.0,769.0,2.755,limiar_050,0.3360386543637338,False,False,parado,0.5
D1T2,769.0,770.0,779.0,2.6550000000000002,limiar_050,0.05866029800168888,False,False,parado,0.5
D1T2,779.0,780.0,789.0,2.485,limiar_050,0.07944851276911512,False,False,parado,0.5
D1T2,789.0,790.0,799.0,3.1100000000000003,limiar_050,0.07868345185321816,False,False,parado,0.5
D1T2,799.0,800.0,809.0,0.02,limiar_050,0.15456396653572863,False,False,movimento,0.5
D1T2,809.0,810.0,819.0,0.0,limiar_050,0.09444440938013932,False,False,movimento,0.5
D1T2,819.0,820.0,829.0,5.77,limiar_050,0.06548910192710475,False,False,movimento,0.5
D1T2,829.0,830.0,839.0,3.185,limiar_050,0.5052707361229029,False,True,movimento,0.5
D1T2,839.0,840.0,849.0,4.289999999999999,limiar_050,0.2708729714504824,False,False,movimento,0.5
D1T2,849.0,850.0,859.0,5.140000000000001,limiar_050,0.17912259485011395,False,False,movimento,0.5
D1T2,859.0,860.0,869.0,5.05,limiar_050,0.2738190041156996,False,False,movimento,0.5
D1T2,869.0,870.0,879.0,4.425,limiar_050,0.18919193797872388,False,False,movimento,0.5
D1T2,879.0,880.0,889.0,20.714999999999996,limiar_050,0.7202254254064111,True,True,freio_fora_faixa,0.5
D1T2,889.0,890.0,899.0,21.285,limiar_050,0.846629342343327,True,True,freio_fora_faixa,0.5
D1T2,899.0,900.0,909.0,13.330000000000002,limiar_050,0.7776528576188076,False,True,movimento,0.5
D1T2,909.0,910.0,919.0,7.084999999999999,limiar_050,0.24732264924512748,False,False,freio_fora_faixa,0.5
D1T2,919.0,920.0,929.0,7.31,limiar_050,0.22634151726683843,False,False,freio_fora_faixa,0.5
D1T2,929.0,930.0,939.0,7.980000000000001,limiar_050,0.2297071815909889,False,False,movimento,0.5
D1T2,939.0,940.0,949.0,9.799999999999999,limiar_050,0.19887767240582363,False,False,freio_fora_faixa,0.5
D1T2,949.0,950.0,959.0,10.07,limiar_050,0.30692078306969994,False,False,movimento,0.5
D1T2,959.0,960.0,969.0,8.694999999999999,limiar_050,0.20907494518656525,False,False,movimento,0.5
D1T2,969.0,970.0,979.0,20.494999999999997,limiar_050,0.8430570564841653,True,True,demanda_alta,0.5
D1T2,979.0,980.0,989.0,14.464999999999998,limiar_050,0.711602840919104,False,True,freio_fora_faixa,0.5
D1T2,989.0,990.0,999.0,0.0,limiar_050,0.12343355822591928,False,False,movimento,0.5
D1T2,999.0,1000.0,1009.0,0.0,limiar_050,0.06774475211414986,False,False,movimento,0.5
D1T2,1009.0,1010.0,1019.0,0.0,limiar_050,0.06776062513002289,False,False,movimento,0.5
D1T2,1019.0,1020.0,1029.0,13.219999999999999,limiar_050,0.14974295275270624,False,False,movimento,0.5
D1T2,1029.0,1030.0,1039.0,4.96,limiar_050,0.7429550781306833,False,True,freio_fora_faixa,0.5
D1T2,1039.0,1040.0,1049.0,0.0,limiar_050,0.1235380088100922,False,False,freio_fora_faixa,0.5
D1T2,1049.0,1050.0,1059.0,0.0,limiar_050,0.0747236586215724,False,False,movimento,0.5
D1T2,1059.0,1060.0,1069.0,0.0,limiar_050,0.10615505907154871,False,False,frenagem,0.5
D1T2,1069.0,1070.0,1079.0,2.1149999999999998,limiar_050,0.4134231955964529,False,False,movimento,0.5
D1T2,1079.0,1080.0,1089.0,0.29500000000000004,limiar_050,0.20929214844043764,False,False,movimento,0.5
D1T2,1089.0,1090.0,1099.0,0.0,limiar_050,0.3435865485734472,False,False,frenagem,0.5
D1T2,1099.0,1100.0,1109.0,1.72,limiar_050,0.10155013507223089,False,False,frenagem,0.5
D1T2,1109.0,1110.0,1119.0,2.745,limiar_050,0.3004224315310958,False,False,freio_fora_faixa,0.5
D1T2,1119.0,1120.0,1129.0,2.715,limiar_050,0.05677434149477079,False,False,parado,0.5
D1T2,1129.0,1130.0,1139.0,14.59,limiar_050,0.0634846140587019,False,False,parado,0.5
D1T2,1139.0,1140.0,1149.0,22.550000000000004,limiar_050,0.9043616411065208,True,True,freio_fora_faixa,0.5
D1T2,1149.0,1150.0,1159.0,21.365000000000002,limiar_050,0.5721988158885671,True,True,freio_fora_faixa,0.5
D1T2,1159.0,1160.0,1169.0,7.470000000000001,limiar_050,0.15117964048764754,False,False,movimento,0.5
D1T2,1169.0,1170.0,1179.0,13.930000000000001,limiar_050,0.6446953631910459,False,True,movimento,0.5
D1T2,1179.0,1180.0,1189.0,10.925,limiar_050,0.6948866154758013,False,True,demanda_alta,0.5
D1T2,1189.0,1190.0,1199.0,1.9700000000000002,limiar_050,0.18330359050087694,False,False,frenagem,0.5
D1T2,1199.0,1200.0,1209.0,2.3550000000000004,limiar_050,0.338131552816935,False,False,parado,0.5
D1T2,1209.0,1210.0,1219.0,2.375,limiar_050,0.10964549787257863,False,False,parado,0.5
D1T2,1219.0,1220.0,1229.0,2.3150000000000004,limiar_050,0.0636726929361608,False,False,parado,0.5
D1T2,1229.0,1230.0,1239.0,5.549999999999999,limiar_050,0.054239936481665224,False,False,parado,0.5
D1T2,1239.0,1240.0,1249.0,17.665,limiar_050,0.8811783734055483,True,True,demanda_alta,0.5
D1T2,1249.0,1250.0,1259.0,0.275,limiar_050,0.12837402639674797,False,False,movimento,0.5
D1T2,1259.0,1260.0,1269.0,2.31,limiar_050,0.1988139279391652,False,False,frenagem,0.5
D1T2,1269.0,1270.0,1279.0,2.775,limiar_050,0.09740951160643979,False,False,parado,0.5
D1T2,1279.0,1280.0,1289.0,13.915000000000001,limiar_050,0.5928507389005516,False,True,movimento,0.5
D1T2,1289.0,1290.0,1299.0,2.54,limiar_050,0.5526009983907771,False,True,movimento,0.5
D1T2,1299.0,1300.0,1309.0,2.2849999999999997,limiar_050,0.195700776836452,False,False,frenagem,0.5
D1T2,1309.0,1310.0,1319.0,2.5100000000000002,limiar_050,0.15798304473884983,False,False,parado,0.5
D1T2,1319.0,1320.0,1329.0,2.6,limiar_050,0.06429230105064014,False,False,parado,0.5
D1T2,1329.0,1330.0,1339.0,2.915,limiar_050,0.0543914428003633,False,False,parado,0.5
D1T2,1339.0,1340.0,1349.0,4.835,limiar_050,0.2661665870459513,False,False,parado,0.5
D1T2,1349.0,1350.0,1359.0,19.6,limiar_050,0.391807805314912,True,False,freio_fora_faixa,0.5
D1T2,1359.0,1360.0,1369.0,4.8,limiar_050,0.6983474696315439,False,True,freio_fora_faixa,0.5
D1T2,1369.0,1370.0,1379.0,0.0,limiar_050,0.12133136158080975,False,False,movimento,0.5
D1T2,1379.0,1380.0,1389.0,8.0,limiar_050,0.06708956770451706,False,False,movimento,0.5
D1T2,1389.0,1390.0,1399.0,4.195,limiar_050,0.5390957847773452,False,True,movimento,0.5
D1T2,1399.0,1400.0,1409.0,0.0,limiar_050,0.12974781497251262,False,False,movimento,0.5
D1T2,1409.0,1410.0,1419.0,0.0,limiar_050,0.07941537985502181,False,False,movimento,0.5
D1T2,1419.0,1420.0,1429.0,1.4600000000000002,limiar_050,0.12568595002838895,False,False,movimento,0.5
D1T2,1429.0,1430.0,1439.0,2.295,limiar_050,0.1886390947231921,False,False,frenagem,0.5
D1T2,1439.0,1440.0,1449.0,2.3,limiar_050,0.11651155906746721,False,False,parado,0.5
D1T2,1449.0,1450.0,1459.0,2.3,limiar_050,0.03998767653371457,False,False,parado,0.5
D1T2,1459.0,1460.0,1469.0,4.74,limiar_050,0.08995728437057755,False,False,parado,0.5
D1T2,1469.0,1470.0,1479.0,14.715,limiar_050,0.7948260003381599,False,True,freio_fora_faixa,0.5
D1T2,1479.0,1480.0,1489.0,0.8300000000000001,limiar_050,0.5146397858777576,False,True,freio_fora_faixa,0.5
D1T2,1489.0,1490.0,1499.0,2.715,limiar_050,0.232943973366974,False,False,movimento,0.5
D1T2,1499.0,1500.0,1509.0,3.675,limiar_050,0.11370097423227168,False,False,freio_fora_faixa,0.5
D1T2,1509.0,1510.0,1519.0,3.6700000000000004,limiar_050,0.11651564326301621,False,False,movimento,0.5
D1T2,1519.0,1520.0,1529.0,4.4350000000000005,limiar_050,0.21222780109080958,False,False,movimento,0.5
D1T2,1529.0,1530.0,1539.0,8.344999999999999,limiar_050,0.16445014549716133,False,False,freio_fora_faixa,0.5
D1T2,1539.0,1540.0,1549.0,25.765000000000004,limiar_050,0.8566533193860261,True,True,demanda_alta,0.5
D1T2,1549.0,1550.0,1559.0,28.369999999999997,limiar_050,0.8415788756470509,True,True,demanda_alta,0.5
D1T2,1559.0,1560.0,1569.0,5.555000000000001,limiar_050,0.6885141512530586,False,True,movimento,0.5
D1T2,1569.0,1570.0,1579.0,0.55,limiar_050,0.1407776911737537,False,False,frenagem,0.5
D1T2,1579.0,1580.0,1589.0,3.5550000000000006,limiar_050,0.20338264527508326,False,False,frenagem,0.5
D1T2,1589.0,1590.0,1599.0,2.62,limiar_050,0.14716862768430275,False,False,parado,0.5
D1T2,1599.0,1600.0,1609.0,4.4399999999999995,limiar_050,0.06755654591212272,False,False,parado,0.5
D1T2,1609.0,1610.0,1619.0,21.410000000000004,limiar_050,0.6297140355626271,True,True,movimento,0.5
D1T2,1619.0,1620.0,1629.0,13.934999999999997,limiar_050,0.8888357084681104,False,True,demanda_alta,0.5
D1T2,1629.0,1630.0,1639.0,7.760000000000001,limiar_050,0.11741076556237784,False,False,movimento,0.5
D1T2,1639.0,1640.0,1649.0,6.455,limiar_050,0.5745873708011918,False,True,freio_fora_faixa,0.5
D1T2,1649.0,1650.0,1659.0,3.5100000000000002,limiar_050,0.13954094309444512,False,False,movimento,0.5
D1T2,1659.0,1660.0,1669.0,11.7,limiar_050,0.5123725828523024,False,True,movimento,0.5
D1T2,1669.0,1670.0,1679.0,8.73,limiar_050,0.5655133476483765,False,True,freio_fora_faixa,0.5
D1T2,1679.0,1680.0,1689.0,15.444999999999999,limiar_050,0.2779753922709347,False,False,movimento,0.5
D1T2,1689.0,1690.0,1699.0,24.36,limiar_050,0.8775360976195317,True,True,freio_fora_faixa,0.5
D1T2,1699.0,1700.0,1709.0,24.589999999999996,limiar_050,0.743935050775145,True,True,movimento,0.5
D1T2,1709.0,1710.0,1719.0,37.075,limiar_050,0.8720705428812375,True,True,demanda_alta,0.5
D1T2,1719.0,1720.0,1729.0,16.57,limiar_050,0.6855718636607788,False,True,freio_fora_faixa,0.5
D1T2,1729.0,1730.0,1739.0,15.935000000000002,limiar_050,0.6532342415601421,False,True,movimento,0.5
D1T2,1739.0,1740.0,1749.0,17.97,limiar_050,0.7091842847799755,True,True,movimento,0.5
D1T2,1749.0,1750.0,1759.0,18.39,limiar_050,0.795474456214773,True,True,demanda_alta,0.5
D1T2,1759.0,1760.0,1769.0,16.759999999999998,limiar_050,0.3575799339628628,False,False,freio_fora_faixa,0.5
D1T2,1769.0,1770.0,1779.0,12.559999999999999,limiar_050,0.8084249303934429,False,True,demanda_alta,0.5
D1T2,1779.0,1780.0,1789.0,1.19,limiar_050,0.13699544250485135,False,False,movimento,0.5
D1T2,1789.0,1790.0,1799.0,3.6349999999999993,limiar_050,0.4820095049650563,False,False,movimento,0.5
D1T2,1799.0,1800.0,1809.0,2.2600000000000002,limiar_050,0.20441244541015396,False,False,frenagem,0.5
D1T2,1809.0,1810.0,1819.0,2.2600000000000002,limiar_050,0.16384165859205566,False,False,parado,0.5
D1T2,1819.0,1820.0,1829.0,2.925,limiar_050,0.0722536760639794,False,False,parado,0.5
D1T2,1829.0,1830.0,1839.0,5.245,limiar_050,0.19966357761257883,False,False,movimento,0.5
D1T2,1839.0,1840.0,1849.0,6.1850000000000005,limiar_050,0.12911817120811434,False,False,movimento,0.5
D1T2,1849.0,1850.0,1859.0,26.794999999999998,limiar_050,0.73478555239932,True,True,movimento,0.5
D1T2,1859.0,1860.0,1869.0,40.08,limiar_050,0.8778985920302114,True,True,demanda_alta,0.5
D1T2,1869.0,1870.0,1879.0,44.650000000000006,limiar_050,0.9091500279618718,True,True,demanda_alta,0.5
D1T2,1879.0,1880.0,1889.0,19.000000000000004,limiar_050,0.8407667356761556,True,True,demanda_alta,0.5
D1T2,1889.0,1890.0,1899.0,27.235000000000003,limiar_050,0.121545502020431,True,False,frenagem,0.5
D1T2,1899.0,1900.0,1909.0,16.02,limiar_050,0.2863838159377329,False,False,movimento,0.5
D1T2,1909.0,1910.0,1919.0,22.24,limiar_050,0.8976949089661683,True,True,freio_fora_faixa,0.5
D1T2,1919.0,1920.0,1929.0,1.595,limiar_050,0.370035948760825,False,False,movimento,0.5
D1T2,1929.0,1930.0,1939.0,1.7399999999999998,limiar_050,0.2884999986850671,False,False,frenagem,0.5
D1T2,1939.0,1940.0,1949.0,4.29,limiar_050,0.3517668947106436,False,False,freio_fora_faixa,0.5
D1T2,1949.0,1950.0,1959.0,12.239999999999998,limiar_050,0.20962518658633,False,False,movimento,0.5
D1T2,1959.0,1960.0,1969.0,2.275,limiar_050,0.3292985544822472,False,False,movimento,0.5
D1T2,1969.0,1970.0,1979.0,2.3150000000000004,limiar_050,0.17899784559139306,False,False,frenagem,0.5
D1T2,1979.0,1980.0,1989.0,6.33,limiar_050,0.07583924173107741,False,False,parado,0.5
D1T2,1989.0,1990.0,1999.0,22.025,limiar_050,0.8399908489449267,True,True,demanda_alta,0.5
D1T2,1999.0,2000.0,2009.0,3.625,limiar_050,0.7702896393560421,False,True,freio_fora_faixa,0.5
D1T2,2009.0,2010.0,2019.0,17.805,limiar_050,0.29950248785573413,True,False,movimento,0.5
D1T2,2019.0,2020.0,2029.0,12.175,limiar_050,0.8577290922592339,False,True,demanda_alta,0.5
D1T2,2029.0,2030.0,2039.0,0.0,limiar_050,0.10960344306914933,False,False,freio_fora_faixa,0.5
D1T2,2039.0,2040.0,2049.0,0.0,limiar_050,0.08390403428998311,False,False,movimento,0.5
D1T2,2049.0,2050.0,2059.0,0.6749999999999999,limiar_050,0.12621342240644978,False,False,freio_fora_faixa,0.5
D1T2,2059.0,2060.0,2069.0,3.2399999999999998,limiar_050,0.16610352878508405,False,False,freio_fora_faixa,0.5
D1T2,2069.0,2070.0,2079.0,18.755000000000003,limiar_050,0.30027427635338566,True,False,movimento,0.5
D1T2,2079.0,2080.0,2089.0,25.805,limiar_050,0.8447829278326674,True,True,demanda_alta,0.5
D1T2,2089.0,2090.0,2099.0,28.214999999999996,limiar_050,0.8308057514482868,True,True,demanda_alta,0.5
D1T2,2099.0,2100.0,2109.0,11.194999999999999,limiar_050,0.8595155437259091,False,True,demanda_alta,0.5
D1T2,2109.0,2110.0,2119.0,0.8300000000000001,limiar_050,0.10460409074619506,False,False,frenagem,0.5
D1T2,2119.0,2120.0,2129.0,2.415,limiar_050,0.2756661022624863,False,False,frenagem,0.5
D1T2,2129.0,2130.0,2139.0,4.025,limiar_050,0.07174624638435216,False,False,parado,0.5
D1T2,2139.0,2140.0,2149.0,4.159999999999999,limiar_050,0.5017539361443837,False,True,movimento,0.5
D1T2,2149.0,2150.0,2159.0,18.44,limiar_050,0.15775339001155547,True,False,movimento,0.5
D1T2,2159.0,2160.0,2169.0,32.44499999999999,limiar_050,0.7809034049115512,True,True,demanda_alta,0.5
D1T2,2169.0,2170.0,2179.0,27.544999999999998,limiar_050,0.8652650095299781,True,True,demanda_alta,0.5
D1T2,2179.0,2180.0,2189.0,0.0,limiar_050,0.16257362443480644,False,False,movimento,0.5
D1T2,2189.0,2190.0,2199.0,0.0,limiar_050,0.11028843729716828,False,False,movimento,0.5
D1T2,2199.0,2200.0,2209.0,0.0,limiar_050,0.0769749951750249,False,False,movimento,0.5
D1T2,2209.0,2210.0,2219.0,10.065000000000001,limiar_050,0.08027319979526343,False,False,movimento,0.5
D1T2,2219.0,2220.0,2229.0,0.0,limiar_050,0.09312605533753116,False,False,movimento,0.5
D1T2,2229.0,2230.0,2239.0,0.0,limiar_050,0.06159441614354236,False,False,frenagem,0.5
D1T2,2239.0,2240.0,2249.0,0.175,limiar_050,0.13172675884142232,False,False,frenagem,0.5
D1T2,2249.0,2250.0,2259.0,2.3800000000000003,limiar_050,0.26429542256156263,False,False,freio_fora_faixa,0.5
D1T2,2259.0,2260.0,2269.0,2.3150000000000004,limiar_050,0.153928167222716,False,False,parado,0.5
D1T2,2269.0,2270.0,2279.0,3.78,limiar_050,0.05660135328613751,False,False,freio_fora_faixa,0.5
D1T2,2279.0,2280.0,2289.0,4.844999999999999,limiar_050,0.15210312455215072,False,False,movimento,0.5
D1T2,2289.0,2290.0,2299.0,7.919999999999999,limiar_050,0.47542531165117263,False,False,movimento,0.5
D1T2,2299.0,2300.0,2309.0,0.0,limiar_050,0.1268691204813925,False,False,movimento,0.5
D1T2,2309.0,2310.0,2319.0,5.61,limiar_050,0.057396625077851524,False,False,movimento,0.5
D1T2,2319.0,2320.0,2329.0,5.325,limiar_050,0.2368218444900579,False,False,freio_fora_faixa,0.5
D1T2,2329.0,2330.0,2339.0,2.3049999999999997,limiar_050,0.239459149411682,False,False,movimento,0.5
D1T2,2339.0,2340.0,2349.0,0.5700000000000001,limiar_050,0.6903813114048001,False,True,movimento,0.5
D1T2,2349.0,2350.0,2359.0,0.0,limiar_050,0.14006940666170142,False,False,movimento,0.5
D1T2,2359.0,2360.0,2369.0,0.0,limiar_050,0.03327938203326598,False,False,movimento,0.5
D1T2,2369.0,2370.0,2379.0,0.0,limiar_050,0.09061022961896298,False,False,frenagem,0.5
D1T2,2379.0,2380.0,2389.0,1.3599999999999999,limiar_050,0.1312471275952443,False,False,frenagem,0.5
D1T2,2389.0,2390.0,2399.0,2.295,limiar_050,0.3019164861057613,False,False,freio_fora_faixa,0.5
D1T2,2399.0,2400.0,2409.0,3.465,limiar_050,0.05164114323986183,False,False,parado,0.5
D1T2,2409.0,2410.0,2419.0,3.7449999999999997,limiar_050,0.18662021144501775,False,False,movimento,0.5
D1T2,2419.0,2420.0,2429.0,11.780000000000001,limiar_050,0.11353022925941911,False,False,movimento,0.5
D1T2,2429.0,2430.0,2439.0,6.9399999999999995,limiar_050,0.761070826619289,False,True,movimento,0.5
D1T2,2439.0,2440.0,2449.0,2.78,limiar_050,0.23706028259753192,False,False,movimento,0.5
D1T2,2449.0,2450.0,2459.0,22.46,limiar_050,0.14424511953083602,True,False,frenagem,0.5
D1T2,2459.0,2460.0,2469.0,5.7,limiar_050,0.8784710816441479,False,True,demanda_alta,0.5
D1T2,2469.0,2470.0,2479.0,0.0,limiar_050,0.14120311471827032,False,False,freio_fora_faixa,0.5
D1T2,2479.0,2480.0,2489.0,0.045,limiar_050,0.14484559489090854,False,False,movimento,0.5
D1T2,2489.0,2490.0,2499.0,2.25,limiar_050,0.1334730456395713,False,False,movimento,0.5
D1T2,2499.0,2500.0,2509.0,2.62,limiar_050,0.19010430315880267,False,False,movimento,0.5
D1T2,2509.0,2510.0,2519.0,2.3150000000000004,limiar_050,0.09677040994346141,False,False,frenagem,0.5
D1T2,2519.0,2520.0,2529.0,2.465,limiar_050,0.08320118423401845,False,False,parado,0.5
D1T2,2529.0,2530.0,2539.0,2.6,limiar_050,0.05134705566440601,False,False,parado,0.5
D1T2,2539.0,2540.0,2549.0,7.1850000000000005,limiar_050,0.0536269744322364,False,False,freio_fora_faixa,0.5
D1T2,2549.0,2550.0,2559.0,9.955,limiar_050,0.4586299961627948,False,False,freio_fora_faixa,0.5
D1T2,2559.0,2560.0,2569.0,4.565,limiar_050,0.18231992076936693,False,False,movimento,0.5
D1T2,2569.0,2570.0,2579.0,4.279999999999999,limiar_050,0.1819857536238802,False,False,freio_fora_faixa,0.5
D1T2,2579.0,2580.0,2589.0,7.815,limiar_050,0.4871153102885759,False,False,movimento,0.5
D1T2,2589.0,2590.0,2599.0,16.220000000000002,limiar_050,0.2569406612109874,False,False,movimento,0.5
D1T2,2599.0,2600.0,2609.0,12.16,limiar_050,0.6362598859112925,False,True,freio_fora_faixa,0.5
D1T2,2609.0,2610.0,2619.0,23.265,limiar_050,0.5369746524199037,True,True,movimento,0.5
D1T2,2619.0,2620.0,2629.0,32.585,limiar_050,0.9228220496300825,True,True,demanda_alta,0.5
D1T2,2629.0,2630.0,2639.0,0.0,limiar_050,0.15080621031998714,False,False,movimento,0.5
D1T2,2639.0,2640.0,2649.0,1.35,limiar_050,0.12055423681493008,False,False,freio_fora_faixa,0.5
D1T2,2649.0,2650.0,2659.0,2.3,limiar_050,0.2550012420687833,False,False,frenagem,0.5
D1T2,2659.0,2660.0,2669.0,2.2699999999999996,limiar_050,0.04478610800713266,False,False,parado,0.5
D1T2,2669.0,2670.0,2679.0,2.25,limiar_050,0.05245140774141269,False,False,parado,0.5
D1T2,2679.0,2680.0,2689.0,2.255,limiar_050,0.05014696408269806,False,False,parado,0.5
D1T2,2689.0,2690.0,2699.0,2.2199999999999998,limiar_050,0.058103142914274555,False,False,parado,0.5
D1T2,2699.0,2700.0,2709.0,2.2649999999999997,limiar_050,0.050102448213781396,False,False,parado,0.5
D1T2,2709.0,2710.0,2719.0,2.2449999999999997,limiar_050,0.057111180018470126,False,False,freio_fora_faixa,0.5
D1T2,2719.0,2720.0,2729.0,4.425,limiar_050,0.05464198452814793,False,False,freio_fora_faixa,0.5
D1T2,2729.0,2730.0,2739.0,9.530000000000001,limiar_050,0.6566247176813618,False,True,freio_fora_faixa,0.5
D1T2,2739.0,2740.0,2749.0,2.41,limiar_050,0.1459602701008989,False,False,movimento,0.5
D1T2,2749.0,2750.0,2759.0,3.465,limiar_050,0.16064800337933374,False,False,movimento,0.5
D1T2,2759.0,2760.0,2769.0,3.725,limiar_050,0.08205630236260728,False,False,freio_fora_faixa,0.5
D1T2,2769.0,2770.0,2779.0,15.720000000000002,limiar_050,0.0772565654921462,False,False,freio_fora_faixa,0.5
D1T2,2779.0,2780.0,2789.0,21.990000000000002,limiar_050,0.8090887614805712,True,True,demanda_alta,0.5
D1T2,2789.0,2790.0,2799.0,10.504999999999999,limiar_050,0.8331190525581798,False,True,demanda_alta,0.5
D1T2,2799.0,2800.0,2809.0,0.0,limiar_050,0.1128184935078693,False,False,movimento,0.5
D1T2,2809.0,2810.0,2819.0,0.0,limiar_050,0.06584401746850072,False,False,movimento,0.5
D1T2,2819.0,2820.0,2829.0,3.38,limiar_050,0.0699476379182876,False,False,freio_fora_faixa,0.5
D1T2,2829.0,2830.0,2839.0,8.66,limiar_050,0.7465862457362457,False,True,freio_fora_faixa,0.5
D1T2,2839.0,2840.0,2849.0,0.025,limiar_050,0.13500562386387718,False,False,movimento,0.5
D1T2,2849.0,2850.0,2859.0,2.2399999999999998,limiar_050,0.09061652583948915,False,False,frenagem,0.5
D1T2,2859.0,2860.0,2869.0,2.2600000000000002,limiar_050,0.08915177299131831,False,False,parado,0.5
D1T2,2869.0,2870.0,2879.0,11.64,limiar_050,0.05564305405840868,False,False,parado,0.5
D1T2,2879.0,2880.0,2889.0,32.07,limiar_050,0.8561476390497905,True,True,demanda_alta,0.5
D1T2,2889.0,2890.0,2899.0,30.189999999999998,limiar_050,0.7453549557648678,True,True,demanda_alta,0.5
D1T2,2899.0,2900.0,2909.0,38.80499999999999,limiar_050,0.8056316779861211,True,True,demanda_alta,0.5
D1T2,2909.0,2910.0,2919.0,46.275000000000006,limiar_050,0.9400248629983757,True,True,demanda_alta,0.5
D1T2,2919.0,2920.0,2929.0,35.615,limiar_050,0.8913363460814501,True,True,demanda_alta,0.5
D1T2,2929.0,2930.0,2939.0,17.935000000000002,limiar_050,0.8377567380726841,True,True,demanda_alta,0.5
D1T2,2939.0,2940.0,2949.0,12.294999999999998,limiar_050,0.2681184491329561,False,False,movimento,0.5
D1T2,2949.0,2950.0,2959.0,31.229999999999997,limiar_050,0.8599585034596842,True,True,demanda_alta,0.5
D1T2,2959.0,2960.0,2969.0,10.7,limiar_050,0.8442522867662088,False,True,movimento,0.5
D1T2,2969.0,2970.0,2979.0,0.0,limiar_050,0.18038440038876657,False,False,movimento,0.5
D1T2,2979.0,2980.0,2989.0,0.0,limiar_050,0.10002128477613531,False,False,movimento,0.5
D1T2,2989.0,2990.0,2999.0,0.0,limiar_050,0.12235565097151234,False,False,movimento,0.5
D1T2,2999.0,3000.0,3009.0,0.26,limiar_050,0.1546220928618311,False,False,freio_fora_faixa,0.5
D1T2,3009.0,3010.0,3019.0,2.95,limiar_050,0.18138797674025653,False,False,frenagem,0.5
D1T2,3019.0,3020.0,3029.0,2.77,limiar_050,0.08641478066342977,False,False,freio_fora_faixa,0.5
D1T2,3029.0,3030.0,3039.0,9.415000000000001,limiar_050,0.047856216138126344,False,False,frenagem,0.5
D1T2,3039.0,3040.0,3049.0,19.240000000000002,limiar_050,0.828612721274939,True,True,demanda_alta,0.5
D1T2,3049.0,3050.0,3059.0,7.734999999999999,limiar_050,0.6335659787286768,False,True,demanda_alta,0.5
D1T2,3059.0,3060.0,3069.0,9.87,limiar_050,0.34657152403710256,False,False,movimento,0.5
D1T2,3069.0,3070.0,3079.0,26.125,limiar_050,0.5801076337771233,True,True,movimento,0.5
D1T2,3079.0,3080.0,3089.0,46.025000000000006,limiar_050,0.9402537013376688,True,True,freio_fora_faixa,0.5
D1T2,3089.0,3090.0,3099.0,45.82,limiar_050,0.8993313967224623,True,True,demanda_alta,0.5
D1T2,3099.0,3100.0,3109.0,22.714999999999996,limiar_050,0.8848714303081845,True,True,demanda_alta,0.5
D1T2,3109.0,3110.0,3119.0,0.0,limiar_050,0.15957368626388635,False,False,movimento,0.5
D1T2,3119.0,3120.0,3129.0,8.650000000000002,limiar_050,0.13804854761732513,False,False,freio_fora_faixa,0.5
D1T2,3129.0,3130.0,3139.0,0.0,limiar_050,0.2280862572730841,False,False,movimento,0.5
D1T2,3139.0,3140.0,3149.0,0.0,limiar_050,0.09353019418059372,False,False,movimento,0.5
D1T2,3149.0,3150.0,3159.0,0.0,limiar_050,0.23182729944303732,False,False,frenagem,0.5
D1T2,3159.0,3160.0,3169.0,0.905,limiar_050,0.10206733607120654,False,False,movimento,0.5
D1T2,3169.0,3170.0,3179.0,2.3550000000000004,limiar_050,0.207403025323758,False,False,frenagem,0.5
D1T2,3179.0,3180.0,3189.0,2.3400000000000007,limiar_050,0.07338761157044758,False,False,parado,0.5
D1T2,3189.0,3190.0,3199.0,5.055,limiar_050,0.049081157581349004,False,False,parado,0.5
D1T2,3199.0,3200.0,3209.0,4.985,limiar_050,0.7713960111253167,False,True,movimento,0.5
D1T2,3209.0,3210.0,3219.0,11.929999999999998,limiar_050,0.2664558672990586,False,False,movimento,0.5
D1T2,3219.0,3220.0,3229.0,23.155,limiar_050,0.2706236001975485,True,False,movimento,0.5
D1T2,3229.0,3230.0,3239.0,35.85,limiar_050,0.8460571645007063,True,True,demanda_alta,0.5
D1T2,3239.0,3240.0,3249.0,31.015000000000004,limiar_050,0.8673540274984639,True,True,demanda_alta,0.5
D1T2,3249.0,3250.0,3259.0,36.325,limiar_050,0.8589602295303258,True,True,demanda_alta,0.5
D1T2,3259.0,3260.0,3269.0,41.47,limiar_050,0.9219703570756529,True,True,demanda_alta,0.5
D1T2,3269.0,3270.0,3279.0,0.0,limiar_050,0.18175035865213846,False,False,movimento,0.5
D1T2,3279.0,3280.0,3289.0,16.355,limiar_050,0.2214862021587984,False,False,movimento,0.5
D1T2,3289.0,3290.0,3299.0,26.825,limiar_050,0.8598393822658005,True,True,demanda_alta,0.5
D1T2,3299.0,3300.0,3309.0,9.145,limiar_050,0.9025492914109968,False,True,demanda_alta,0.5
D1T2,3309.0,3310.0,3319.0,2.8449999999999998,limiar_050,0.19797887025210603,False,False,frenagem,0.5
D1T2,3319.0,3320.0,3329.0,2.9349999999999996,limiar_050,0.08445479981494623,False,False,freio_fora_faixa,0.5
D1T2,3329.0,3330.0,3339.0,2.7150000000000003,limiar_050,0.0755390486985224,False,False,parado,0.5
D1T2,3339.0,3340.0,3349.0,2.45,limiar_050,0.10141695920384301,False,False,parado,0.5
D1T2,3349.0,3350.0,3359.0,16.475,limiar_050,0.0708151221404786,False,False,freio_fora_faixa,0.5
D1T2,3359.0,3360.0,3369.0,43.41,limiar_050,0.9288019645129044,True,True,demanda_alta,0.5
D1T2,3369.0,3370.0,3379.0,46.769999999999996,limiar_050,0.9039128937422026,True,True,freio_fora_faixa,0.5
D1T2,3379.0,3380.0,3389.0,16.48,limiar_050,0.8994064144629054,False,True,freio_fora_faixa,0.5
D1T2,3389.0,3390.0,3399.0,6.93,limiar_050,0.2760184760776574,False,False,movimento,0.5
D1T2,3399.0,3400.0,3409.0,0.0,limiar_050,0.13536000107310403,False,False,freio_fora_faixa,0.5
D1T2,3409.0,3410.0,3419.0,0.0,limiar_050,0.08648895715793457,False,False,frenagem,0.5
D1T2,3419.0,3420.0,3429.0,0.0,limiar_050,0.11245598119323741,False,False,movimento,0.5
D1T2,3429.0,3430.0,3439.0,0.0,limiar_050,0.16647436545416167,False,False,movimento,0.5
D1T2,3439.0,3440.0,3449.0,0.18,limiar_050,0.11451831281855368,False,False,freio_fora_faixa,0.5
D1T2,3449.0,3450.0,3459.0,2.545,limiar_050,0.16575132695526854,False,False,movimento,0.5
D1T2,3459.0,3460.0,3469.0,3.0,limiar_050,0.08371145894986039,False,False,movimento,0.5
D1T2,3469.0,3470.0,3479.0,2.91,limiar_050,0.10923290847760624,False,False,freio_fora_faixa,0.5
D1T2,3479.0,3480.0,3489.0,2.38,limiar_050,0.06297007003183352,False,False,movimento,0.5
D1T2,3489.0,3490.0,3499.0,2.325,limiar_050,0.08489682700882309,False,False,frenagem,0.5
D1T2,3499.0,3500.0,3509.0,3.19,limiar_050,0.07136484516011321,False,False,parado,0.5
D1T2,3509.0,3510.0,3519.0,3.525,limiar_050,0.2769350004134642,False,False,movimento,0.5
D1T2,3519.0,3520.0,3529.0,0.42000000000000004,limiar_050,0.19042941300865404,False,False,movimento,0.5
D1T2,3529.0,3530.0,3539.0,2.2900000000000005,limiar_050,0.22609230979196518,False,False,frenagem,0.5
D1T2,3539.0,3540.0,3549.0,3.525,limiar_050,0.08961206703284647,False,False,parado,0.5
D1T2,3549.0,3550.0,3559.0,1.8450000000000002,limiar_050,0.4616748085047416,False,False,freio_fora_faixa,0.5
D1T2,3559.0,3560.0,3569.0,0.0,limiar_050,0.19864686385959193,False,False,freio_fora_faixa,0.5
D1T2,3569.0,3570.0,3579.0,0.0,limiar_050,0.05516987618472366,False,False,movimento,0.5
D1T2,3579.0,3580.0,3589.0,0.0,limiar_050,0.05069454028185937,False,False,movimento,0.5
D1T2,3589.0,3590.0,3599.0,0.0,limiar_050,0.04855168313900224,False,False,movimento,0.5
D1T2,3599.0,3600.0,3609.0,0.0,limiar_050,0.06912064185370476,False,False,movimento,0.5
D1T2,3609.0,3610.0,3619.0,0.0,limiar_050,0.08920446911673631,False,False,frenagem,0.5
D1T2,3619.0,3620.0,3629.0,1.7,limiar_050,0.06341482576119085,False,False,freio_fora_faixa,0.5
D1T2,3629.0,3630.0,3639.0,2.3449999999999998,limiar_050,0.21038422910975899,False,False,frenagem,0.5
D1T2,3639.0,3640.0,3649.0,2.66,limiar_050,0.10642731464750695,False,False,freio_fora_faixa,0.5
D1T2,3649.0,3650.0,3659.0,20.450000000000003,limiar_050,0.6067985077823316,True,True,movimento,0.5
D1T2,3659.0,3660.0,3669.0,15.495000000000001,limiar_050,0.5550879830005992,False,True,movimento,0.5
D1T2,3669.0,3670.0,3679.0,16.54,limiar_050,0.24484246996662506,False,False,movimento,0.5
D1T2,3679.0,3680.0,3689.0,35.074999999999996,limiar_050,0.8313086128414787,True,True,demanda_alta,0.5
D1T2,3689.0,3690.0,3699.0,48.095000000000006,limiar_050,0.9281973280444155,True,True,demanda_alta,0.5
D1T2,3699.0,3700.0,3709.0,44.13,limiar_050,0.9265335839226112,True,True,demanda_alta,0.5
D1T2,3709.0,3710.0,3719.0,40.065,limiar_050,0.8285384113058797,True,True,demanda_alta,0.5
D1T2,3719.0,3720.0,3729.0,5.984999999999999,limiar_050,0.8508047511412714,False,True,demanda_alta,0.5
D1T2,3729.0,3730.0,3739.0,0.0,limiar_050,0.1368744795894626,False,False,movimento,0.5
D1T2,3739.0,3740.0,3749.0,0.0,limiar_050,0.14977210230739296,False,False,movimento,0.5
D1T2,3749.0,3750.0,3759.0,0.0,limiar_050,0.08522373441240816,False,False,movimento,0.5
D1T2,3759.0,3760.0,3769.0,0.0,limiar_050,0.09754513802085672,False,False,freio_fora_faixa,0.5
D1T2,3769.0,3770.0,3779.0,0.0,limiar_050,0.1453309312687945,False,False,frenagem,0.5
D1T2,3779.0,3780.0,3789.0,0.2,limiar_050,0.1384609656270462,False,False,movimento,0.5
D1T2,3789.0,3790.0,3799.0,25.24,limiar_050,0.2608323714706794,True,False,freio_fora_faixa,0.5
D1T2,3799.0,3800.0,3809.0,31.45,limiar_050,0.9483405438084189,True,True,demanda_alta,0.5
D1T2,3809.0,3810.0,3819.0,28.589999999999996,limiar_050,0.8125385509395961,True,True,demanda_alta,0.5
D1T2,3819.0,3820.0,3829.0,20.995,limiar_050,0.7990036294192943,True,True,demanda_alta,0.5
D1T2,3829.0,3830.0,3839.0,19.105,limiar_050,0.7716783473474922,True,True,demanda_alta,0.5
D1T2,3839.0,3840.0,3849.0,5.77,limiar_050,0.7482426794404915,False,True,movimento,0.5
D1T2,3849.0,3850.0,3859.0,23.05,limiar_050,0.44381317837080947,True,False,freio_fora_faixa,0.5
D1T2,3859.0,3860.0,3869.0,16.635,limiar_050,0.912863836502437,False,True,freio_fora_faixa,0.5
D1T2,9.0,10.0,19.0,9.305000000000001,limiar_ajustado,0.5429277232687687,False,False,movimento,0.65
D1T2,19.0,20.0,29.0,10.695000000000002,limiar_ajustado,0.24293934262621836,False,False,freio_fora_faixa,0.65
D1T2,29.0,30.0,39.0,1.3250000000000002,limiar_ajustado,0.27005828551788197,False,False,freio_fora_faixa,0.65
D1T2,39.0,40.0,49.0,7.364999999999999,limiar_ajustado,0.25157253307210586,False,False,freio_fora_faixa,0.65
D1T2,49.0,50.0,59.0,2.76,limiar_ajustado,0.37831495980558366,False,False,movimento,0.65
D1T2,59.0,60.0,69.0,2.675,limiar_ajustado,0.22291343255334448,False,False,frenagem,0.65
D1T2,69.0,70.0,79.0,3.46,limiar_ajustado,0.1258701257568178,False,False,freio_fora_faixa,0.65
D1T2,79.0,80.0,89.0,6.859999999999999,limiar_ajustado,0.511013886773468,False,False,freio_fora_faixa,0.65
D1T2,89.0,90.0,99.0,1.565,limiar_ajustado,0.21512440513013645,False,False,movimento,0.65
D1T2,99.0,100.0,109.0,8.47,limiar_ajustado,0.2534629587737816,False,False,frenagem,0.65
D1T2,109.0,110.0,119.0,20.875,limiar_ajustado,0.7542443449660788,True,True,freio_fora_faixa,0.65
D1T2,119.0,120.0,129.0,2.16,limiar_ajustado,0.7122570111397867,False,True,movimento,0.65
D1T2,129.0,130.0,139.0,0.0,limiar_ajustado,0.22783618972863562,False,False,freio_fora_faixa,0.65
D1T2,139.0,140.0,149.0,13.145,limiar_ajustado,0.04977060430976983,False,False,movimento,0.65
D1T2,149.0,150.0,159.0,49.775000000000006,limiar_ajustado,0.89485524616518,True,True,demanda_alta,0.65
D1T2,159.0,160.0,169.0,46.55,limiar_ajustado,0.9351496396232399,True,True,freio_fora_faixa,0.65
D1T2,169.0,170.0,179.0,17.975,limiar_ajustado,0.8644647718910902,True,True,freio_fora_faixa,0.65
D1T2,179.0,180.0,189.0,15.23,limiar_ajustado,0.3441005392868387,False,False,movimento,0.65
D1T2,189.0,190.0,199.0,18.06,limiar_ajustado,0.7393625779427273,True,True,movimento,0.65
D1T2,199.0,200.0,209.0,0.0,limiar_ajustado,0.1223602252460905,False,False,movimento,0.65
D1T2,209.0,210.0,219.0,0.0,limiar_ajustado,0.025576761122375634,False,False,freio_fora_faixa,0.65
D1T2,219.0,220.0,229.0,0.0,limiar_ajustado,0.06597592192192765,False,False,movimento,0.65
D1T2,229.0,230.0,239.0,13.45,limiar_ajustado,0.05653659630584569,False,False,freio_fora_faixa,0.65
D1T2,239.0,240.0,249.0,28.01,limiar_ajustado,0.8406539022632716,True,True,demanda_alta,0.65
D1T2,249.0,250.0,259.0,31.055,limiar_ajustado,0.8768000610184954,True,True,freio_fora_faixa,0.65
D1T2,259.0,260.0,269.0,29.25,limiar_ajustado,0.8662945986033006,True,True,demanda_alta,0.65
D1T2,269.0,270.0,279.0,21.68,limiar_ajustado,0.8632785947920797,True,True,demanda_alta,0.65
D1T2,279.0,280.0,289.0,1.86,limiar_ajustado,0.10460601074757933,False,False,movimento,0.65
D1T2,289.0,290.0,299.0,9.639999999999999,limiar_ajustado,0.6556422514074876,False,True,freio_fora_faixa,0.65
D1T2,299.0,300.0,309.0,3.6450000000000005,limiar_ajustado,0.14636819186880343,False,False,freio_fora_faixa,0.65
D1T2,309.0,310.0,319.0,2.8550000000000004,limiar_ajustado,0.12429708841931748,False,False,parado,0.65
D1T2,319.0,320.0,329.0,2.8600000000000003,limiar_ajustado,0.11037007822800117,False,False,parado,0.65
D1T2,329.0,330.0,339.0,2.56,limiar_ajustado,0.08655052341360317,False,False,freio_fora_faixa,0.65
D1T2,339.0,340.0,349.0,2.31,limiar_ajustado,0.09385072308183717,False,False,parado,0.65
D1T2,349.0,350.0,359.0,5.574999999999999,limiar_ajustado,0.09724885854645673,False,False,parado,0.65
D1T2,359.0,360.0,369.0,28.214999999999996,limiar_ajustado,0.8453575875019408,True,True,demanda_alta,0.65
D1T2,369.0,370.0,379.0,30.415,limiar_ajustado,0.9271105476323127,True,True,demanda_alta,0.65
D1T2,379.0,380.0,389.0,20.38,limiar_ajustado,0.8443745925955163,True,True,demanda_alta,0.65
D1T2,389.0,390.0,399.0,13.915000000000001,limiar_ajustado,0.7005247804575319,False,True,freio_fora_faixa,0.65
D1T2,399.0,400.0,409.0,0.0,limiar_ajustado,0.1553302425171872,False,False,movimento,0.65
D1T2,409.0,410.0,419.0,0.53,limiar_ajustado,0.09856728632377161,False,False,movimento,0.65
D1T2,419.0,420.0,429.0,23.830000000000002,limiar_ajustado,0.4738747080989523,True,False,freio_fora_faixa,0.65
D1T2,429.0,430.0,439.0,16.009999999999998,limiar_ajustado,0.8563730461477355,False,True,demanda_alta,0.65
D1T2,439.0,440.0,449.0,13.495,limiar_ajustado,0.6105212849637087,False,False,movimento,0.65
D1T2,449.0,450.0,459.0,12.885,limiar_ajustado,0.5304899083086658,False,False,movimento,0.65
D1T2,459.0,460.0,469.0,21.38,limiar_ajustado,0.28946504133253637,True,False,movimento,0.65
D1T2,469.0,470.0,479.0,9.395,limiar_ajustado,0.8718258457515153,False,True,freio_fora_faixa,0.65
D1T2,479.0,480.0,489.0,6.119999999999999,limiar_ajustado,0.626819346839074,False,False,freio_fora_faixa,0.65
D1T2,489.0,490.0,499.0,0.0,limiar_ajustado,0.11001115116381331,False,False,frenagem,0.65
D1T2,499.0,500.0,509.0,0.0,limiar_ajustado,0.09789293128217132,False,False,frenagem,0.65
D1T2,509.0,510.0,519.0,2.72,limiar_ajustado,0.1452210184744429,False,False,movimento,0.65
D1T2,519.0,520.0,529.0,0.0,limiar_ajustado,0.28616301319540105,False,False,movimento,0.65
D1T2,529.0,530.0,539.0,7.955000000000001,limiar_ajustado,0.09936715852587728,False,False,movimento,0.65
D1T2,539.0,540.0,549.0,5.069999999999999,limiar_ajustado,0.46452695025578145,False,False,movimento,0.65
D1T2,549.0,550.0,559.0,0.0,limiar_ajustado,0.13337333604516838,False,False,movimento,0.65
D1T2,559.0,560.0,569.0,0.0,limiar_ajustado,0.04866283682889931,False,False,movimento,0.65
D1T2,569.0,570.0,579.0,2.5200000000000005,limiar_ajustado,0.20382538788674537,False,False,frenagem,0.65
D1T2,579.0,580.0,589.0,15.15,limiar_ajustado,0.4955351312113249,False,False,movimento,0.65
D1T2,589.0,590.0,599.0,1.6949999999999998,limiar_ajustado,0.41205217459970034,False,False,freio_fora_faixa,0.65
D1T2,599.0,600.0,609.0,2.8000000000000003,limiar_ajustado,0.25824818592828674,False,False,frenagem,0.65
D1T2,609.0,610.0,619.0,2.6350000000000002,limiar_ajustado,0.05387720668881614,False,False,parado,0.65
D1T2,619.0,620.0,629.0,2.3400000000000003,limiar_ajustado,0.10554488231656987,False,False,parado,0.65
D1T2,629.0,630.0,639.0,2.31,limiar_ajustado,0.06202387045926711,False,False,parado,0.65
D1T2,639.0,640.0,649.0,9.665000000000001,limiar_ajustado,0.07330800267940886,False,False,parado,0.65
D1T2,649.0,650.0,659.0,17.814999999999998,limiar_ajustado,0.7338553716442404,True,True,movimento,0.65
D1T2,659.0,660.0,669.0,23.384999999999998,limiar_ajustado,0.8666416046495898,True,True,demanda_alta,0.65
D1T2,669.0,670.0,679.0,16.565,limiar_ajustado,0.8608904757480108,False,True,demanda_alta,0.65
D1T2,679.0,680.0,689.0,5.970000000000001,limiar_ajustado,0.3815416041551294,False,False,movimento,0.65
D1T2,689.0,690.0,699.0,43.37,limiar_ajustado,0.7957403951110318,True,True,demanda_alta,0.65
D1T2,699.0,700.0,709.0,42.78000000000001,limiar_ajustado,0.8984871028107735,True,True,demanda_alta,0.65
D1T2,709.0,710.0,719.0,26.044999999999998,limiar_ajustado,0.8259152537737111,True,True,demanda_alta,0.65
D1T2,719.0,720.0,729.0,8.690000000000001,limiar_ajustado,0.8167017411999482,False,True,demanda_alta,0.65
D1T2,729.0,730.0,739.0,0.615,limiar_ajustado,0.11071288284320316,False,False,movimento,0.65
D1T2,739.0,740.0,749.0,0.0,limiar_ajustado,0.2476615694128746,False,False,movimento,0.65
D1T2,749.0,750.0,759.0,2.23,limiar_ajustado,0.14710401256202338,False,False,frenagem,0.65
D1T2,759.0,760.0,769.0,2.755,limiar_ajustado,0.3360386543637338,False,False,parado,0.65
D1T2,769.0,770.0,779.0,2.6550000000000002,limiar_ajustado,0.05866029800168888,False,False,parado,0.65
D1T2,779.0,780.0,789.0,2.485,limiar_ajustado,0.07944851276911512,False,False,parado,0.65
D1T2,789.0,790.0,799.0,3.1100000000000003,limiar_ajustado,0.07868345185321816,False,False,parado,0.65
D1T2,799.0,800.0,809.0,0.02,limiar_ajustado,0.15456396653572863,False,False,movimento,0.65
D1T2,809.0,810.0,819.0,0.0,limiar_ajustado,0.09444440938013932,False,False,movimento,0.65
D1T2,819.0,820.0,829.0,5.77,limiar_ajustado,0.06548910192710475,False,False,movimento,0.65
D1T2,829.0,830.0,839.0,3.185,limiar_ajustado,0.5052707361229029,False,False,movimento,0.65
D1T2,839.0,840.0,849.0,4.289999999999999,limiar_ajustado,0.2708729714504824,False,False,movimento,0.65
D1T2,849.0,850.0,859.0,5.140000000000001,limiar_ajustado,0.17912259485011395,False,False,movimento,0.65
D1T2,859.0,860.0,869.0,5.05,limiar_ajustado,0.2738190041156996,False,False,movimento,0.65
D1T2,869.0,870.0,879.0,4.425,limiar_ajustado,0.18919193797872388,False,False,movimento,0.65
D1T2,879.0,880.0,889.0,20.714999999999996,limiar_ajustado,0.7202254254064111,True,True,freio_fora_faixa,0.65
D1T2,889.0,890.0,899.0,21.285,limiar_ajustado,0.846629342343327,True,True,freio_fora_faixa,0.65
D1T2,899.0,900.0,909.0,13.330000000000002,limiar_ajustado,0.7776528576188076,False,True,movimento,0.65
D1T2,909.0,910.0,919.0,7.084999999999999,limiar_ajustado,0.24732264924512748,False,False,freio_fora_faixa,0.65
D1T2,919.0,920.0,929.0,7.31,limiar_ajustado,0.22634151726683843,False,False,freio_fora_faixa,0.65
D1T2,929.0,930.0,939.0,7.980000000000001,limiar_ajustado,0.2297071815909889,False,False,movimento,0.65
D1T2,939.0,940.0,949.0,9.799999999999999,limiar_ajustado,0.19887767240582363,False,False,freio_fora_faixa,0.65
D1T2,949.0,950.0,959.0,10.07,limiar_ajustado,0.30692078306969994,False,False,movimento,0.65
D1T2,959.0,960.0,969.0,8.694999999999999,limiar_ajustado,0.20907494518656525,False,False,movimento,0.65
D1T2,969.0,970.0,979.0,20.494999999999997,limiar_ajustado,0.8430570564841653,True,True,demanda_alta,0.65
D1T2,979.0,980.0,989.0,14.464999999999998,limiar_ajustado,0.711602840919104,False,True,freio_fora_faixa,0.65
D1T2,989.0,990.0,999.0,0.0,limiar_ajustado,0.12343355822591928,False,False,movimento,0.65
D1T2,999.0,1000.0,1009.0,0.0,limiar_ajustado,0.06774475211414986,False,False,movimento,0.65
D1T2,1009.0,1010.0,1019.0,0.0,limiar_ajustado,0.06776062513002289,False,False,movimento,0.65
D1T2,1019.0,1020.0,1029.0,13.219999999999999,limiar_ajustado,0.14974295275270624,False,False,movimento,0.65
D1T2,1029.0,1030.0,1039.0,4.96,limiar_ajustado,0.7429550781306833,False,True,freio_fora_faixa,0.65
D1T2,1039.0,1040.0,1049.0,0.0,limiar_ajustado,0.1235380088100922,False,False,freio_fora_faixa,0.65
D1T2,1049.0,1050.0,1059.0,0.0,limiar_ajustado,0.0747236586215724,False,False,movimento,0.65
D1T2,1059.0,1060.0,1069.0,0.0,limiar_ajustado,0.10615505907154871,False,False,frenagem,0.65
D1T2,1069.0,1070.0,1079.0,2.1149999999999998,limiar_ajustado,0.4134231955964529,False,False,movimento,0.65
D1T2,1079.0,1080.0,1089.0,0.29500000000000004,limiar_ajustado,0.20929214844043764,False,False,movimento,0.65
D1T2,1089.0,1090.0,1099.0,0.0,limiar_ajustado,0.3435865485734472,False,False,frenagem,0.65
D1T2,1099.0,1100.0,1109.0,1.72,limiar_ajustado,0.10155013507223089,False,False,frenagem,0.65
D1T2,1109.0,1110.0,1119.0,2.745,limiar_ajustado,0.3004224315310958,False,False,freio_fora_faixa,0.65
D1T2,1119.0,1120.0,1129.0,2.715,limiar_ajustado,0.05677434149477079,False,False,parado,0.65
D1T2,1129.0,1130.0,1139.0,14.59,limiar_ajustado,0.0634846140587019,False,False,parado,0.65
D1T2,1139.0,1140.0,1149.0,22.550000000000004,limiar_ajustado,0.9043616411065208,True,True,freio_fora_faixa,0.65
D1T2,1149.0,1150.0,1159.0,21.365000000000002,limiar_ajustado,0.5721988158885671,True,False,freio_fora_faixa,0.65
D1T2,1159.0,1160.0,1169.0,7.470000000000001,limiar_ajustado,0.15117964048764754,False,False,movimento,0.65
D1T2,1169.0,1170.0,1179.0,13.930000000000001,limiar_ajustado,0.6446953631910459,False,False,movimento,0.65
D1T2,1179.0,1180.0,1189.0,10.925,limiar_ajustado,0.6948866154758013,False,True,demanda_alta,0.65
D1T2,1189.0,1190.0,1199.0,1.9700000000000002,limiar_ajustado,0.18330359050087694,False,False,frenagem,0.65
D1T2,1199.0,1200.0,1209.0,2.3550000000000004,limiar_ajustado,0.338131552816935,False,False,parado,0.65
D1T2,1209.0,1210.0,1219.0,2.375,limiar_ajustado,0.10964549787257863,False,False,parado,0.65
D1T2,1219.0,1220.0,1229.0,2.3150000000000004,limiar_ajustado,0.0636726929361608,False,False,parado,0.65
D1T2,1229.0,1230.0,1239.0,5.549999999999999,limiar_ajustado,0.054239936481665224,False,False,parado,0.65
D1T2,1239.0,1240.0,1249.0,17.665,limiar_ajustado,0.8811783734055483,True,True,demanda_alta,0.65
D1T2,1249.0,1250.0,1259.0,0.275,limiar_ajustado,0.12837402639674797,False,False,movimento,0.65
D1T2,1259.0,1260.0,1269.0,2.31,limiar_ajustado,0.1988139279391652,False,False,frenagem,0.65
D1T2,1269.0,1270.0,1279.0,2.775,limiar_ajustado,0.09740951160643979,False,False,parado,0.65
D1T2,1279.0,1280.0,1289.0,13.915000000000001,limiar_ajustado,0.5928507389005516,False,False,movimento,0.65
D1T2,1289.0,1290.0,1299.0,2.54,limiar_ajustado,0.5526009983907771,False,False,movimento,0.65
D1T2,1299.0,1300.0,1309.0,2.2849999999999997,limiar_ajustado,0.195700776836452,False,False,frenagem,0.65
D1T2,1309.0,1310.0,1319.0,2.5100000000000002,limiar_ajustado,0.15798304473884983,False,False,parado,0.65
D1T2,1319.0,1320.0,1329.0,2.6,limiar_ajustado,0.06429230105064014,False,False,parado,0.65
D1T2,1329.0,1330.0,1339.0,2.915,limiar_ajustado,0.0543914428003633,False,False,parado,0.65
D1T2,1339.0,1340.0,1349.0,4.835,limiar_ajustado,0.2661665870459513,False,False,parado,0.65
D1T2,1349.0,1350.0,1359.0,19.6,limiar_ajustado,0.391807805314912,True,False,freio_fora_faixa,0.65
D1T2,1359.0,1360.0,1369.0,4.8,limiar_ajustado,0.6983474696315439,False,True,freio_fora_faixa,0.65
D1T2,1369.0,1370.0,1379.0,0.0,limiar_ajustado,0.12133136158080975,False,False,movimento,0.65
D1T2,1379.0,1380.0,1389.0,8.0,limiar_ajustado,0.06708956770451706,False,False,movimento,0.65
D1T2,1389.0,1390.0,1399.0,4.195,limiar_ajustado,0.5390957847773452,False,False,movimento,0.65
D1T2,1399.0,1400.0,1409.0,0.0,limiar_ajustado,0.12974781497251262,False,False,movimento,0.65
D1T2,1409.0,1410.0,1419.0,0.0,limiar_ajustado,0.07941537985502181,False,False,movimento,0.65
D1T2,1419.0,1420.0,1429.0,1.4600000000000002,limiar_ajustado,0.12568595002838895,False,False,movimento,0.65
D1T2,1429.0,1430.0,1439.0,2.295,limiar_ajustado,0.1886390947231921,False,False,frenagem,0.65
D1T2,1439.0,1440.0,1449.0,2.3,limiar_ajustado,0.11651155906746721,False,False,parado,0.65
D1T2,1449.0,1450.0,1459.0,2.3,limiar_ajustado,0.03998767653371457,False,False,parado,0.65
D1T2,1459.0,1460.0,1469.0,4.74,limiar_ajustado,0.08995728437057755,False,False,parado,0.65
D1T2,1469.0,1470.0,1479.0,14.715,limiar_ajustado,0.7948260003381599,False,True,freio_fora_faixa,0.65
D1T2,1479.0,1480.0,1489.0,0.8300000000000001,limiar_ajustado,0.5146397858777576,False,False,freio_fora_faixa,0.65
D1T2,1489.0,1490.0,1499.0,2.715,limiar_ajustado,0.232943973366974,False,False,movimento,0.65
D1T2,1499.0,1500.0,1509.0,3.675,limiar_ajustado,0.11370097423227168,False,False,freio_fora_faixa,0.65
D1T2,1509.0,1510.0,1519.0,3.6700000000000004,limiar_ajustado,0.11651564326301621,False,False,movimento,0.65
D1T2,1519.0,1520.0,1529.0,4.4350000000000005,limiar_ajustado,0.21222780109080958,False,False,movimento,0.65
D1T2,1529.0,1530.0,1539.0,8.344999999999999,limiar_ajustado,0.16445014549716133,False,False,freio_fora_faixa,0.65
D1T2,1539.0,1540.0,1549.0,25.765000000000004,limiar_ajustado,0.8566533193860261,True,True,demanda_alta,0.65
D1T2,1549.0,1550.0,1559.0,28.369999999999997,limiar_ajustado,0.8415788756470509,True,True,demanda_alta,0.65
D1T2,1559.0,1560.0,1569.0,5.555000000000001,limiar_ajustado,0.6885141512530586,False,True,movimento,0.65
D1T2,1569.0,1570.0,1579.0,0.55,limiar_ajustado,0.1407776911737537,False,False,frenagem,0.65
D1T2,1579.0,1580.0,1589.0,3.5550000000000006,limiar_ajustado,0.20338264527508326,False,False,frenagem,0.65
D1T2,1589.0,1590.0,1599.0,2.62,limiar_ajustado,0.14716862768430275,False,False,parado,0.65
D1T2,1599.0,1600.0,1609.0,4.4399999999999995,limiar_ajustado,0.06755654591212272,False,False,parado,0.65
D1T2,1609.0,1610.0,1619.0,21.410000000000004,limiar_ajustado,0.6297140355626271,True,False,movimento,0.65
D1T2,1619.0,1620.0,1629.0,13.934999999999997,limiar_ajustado,0.8888357084681104,False,True,demanda_alta,0.65
D1T2,1629.0,1630.0,1639.0,7.760000000000001,limiar_ajustado,0.11741076556237784,False,False,movimento,0.65
D1T2,1639.0,1640.0,1649.0,6.455,limiar_ajustado,0.5745873708011918,False,False,freio_fora_faixa,0.65
D1T2,1649.0,1650.0,1659.0,3.5100000000000002,limiar_ajustado,0.13954094309444512,False,False,movimento,0.65
D1T2,1659.0,1660.0,1669.0,11.7,limiar_ajustado,0.5123725828523024,False,False,movimento,0.65
D1T2,1669.0,1670.0,1679.0,8.73,limiar_ajustado,0.5655133476483765,False,False,freio_fora_faixa,0.65
D1T2,1679.0,1680.0,1689.0,15.444999999999999,limiar_ajustado,0.2779753922709347,False,False,movimento,0.65
D1T2,1689.0,1690.0,1699.0,24.36,limiar_ajustado,0.8775360976195317,True,True,freio_fora_faixa,0.65
D1T2,1699.0,1700.0,1709.0,24.589999999999996,limiar_ajustado,0.743935050775145,True,True,movimento,0.65
D1T2,1709.0,1710.0,1719.0,37.075,limiar_ajustado,0.8720705428812375,True,True,demanda_alta,0.65
D1T2,1719.0,1720.0,1729.0,16.57,limiar_ajustado,0.6855718636607788,False,True,freio_fora_faixa,0.65
D1T2,1729.0,1730.0,1739.0,15.935000000000002,limiar_ajustado,0.6532342415601421,False,True,movimento,0.65
D1T2,1739.0,1740.0,1749.0,17.97,limiar_ajustado,0.7091842847799755,True,True,movimento,0.65
D1T2,1749.0,1750.0,1759.0,18.39,limiar_ajustado,0.795474456214773,True,True,demanda_alta,0.65
D1T2,1759.0,1760.0,1769.0,16.759999999999998,limiar_ajustado,0.3575799339628628,False,False,freio_fora_faixa,0.65
D1T2,1769.0,1770.0,1779.0,12.559999999999999,limiar_ajustado,0.8084249303934429,False,True,demanda_alta,0.65
D1T2,1779.0,1780.0,1789.0,1.19,limiar_ajustado,0.13699544250485135,False,False,movimento,0.65
D1T2,1789.0,1790.0,1799.0,3.6349999999999993,limiar_ajustado,0.4820095049650563,False,False,movimento,0.65
D1T2,1799.0,1800.0,1809.0,2.2600000000000002,limiar_ajustado,0.20441244541015396,False,False,frenagem,0.65
D1T2,1809.0,1810.0,1819.0,2.2600000000000002,limiar_ajustado,0.16384165859205566,False,False,parado,0.65
D1T2,1819.0,1820.0,1829.0,2.925,limiar_ajustado,0.0722536760639794,False,False,parado,0.65
D1T2,1829.0,1830.0,1839.0,5.245,limiar_ajustado,0.19966357761257883,False,False,movimento,0.65
D1T2,1839.0,1840.0,1849.0,6.1850000000000005,limiar_ajustado,0.12911817120811434,False,False,movimento,0.65
D1T2,1849.0,1850.0,1859.0,26.794999999999998,limiar_ajustado,0.73478555239932,True,True,movimento,0.65
D1T2,1859.0,1860.0,1869.0,40.08,limiar_ajustado,0.8778985920302114,True,True,demanda_alta,0.65
D1T2,1869.0,1870.0,1879.0,44.650000000000006,limiar_ajustado,0.9091500279618718,True,True,demanda_alta,0.65
D1T2,1879.0,1880.0,1889.0,19.000000000000004,limiar_ajustado,0.8407667356761556,True,True,demanda_alta,0.65
D1T2,1889.0,1890.0,1899.0,27.235000000000003,limiar_ajustado,0.121545502020431,True,False,frenagem,0.65
D1T2,1899.0,1900.0,1909.0,16.02,limiar_ajustado,0.2863838159377329,False,False,movimento,0.65
D1T2,1909.0,1910.0,1919.0,22.24,limiar_ajustado,0.8976949089661683,True,True,freio_fora_faixa,0.65
D1T2,1919.0,1920.0,1929.0,1.595,limiar_ajustado,0.370035948760825,False,False,movimento,0.65
D1T2,1929.0,1930.0,1939.0,1.7399999999999998,limiar_ajustado,0.2884999986850671,False,False,frenagem,0.65
D1T2,1939.0,1940.0,1949.0,4.29,limiar_ajustado,0.3517668947106436,False,False,freio_fora_faixa,0.65
D1T2,1949.0,1950.0,1959.0,12.239999999999998,limiar_ajustado,0.20962518658633,False,False,movimento,0.65
D1T2,1959.0,1960.0,1969.0,2.275,limiar_ajustado,0.3292985544822472,False,False,movimento,0.65
D1T2,1969.0,1970.0,1979.0,2.3150000000000004,limiar_ajustado,0.17899784559139306,False,False,frenagem,0.65
D1T2,1979.0,1980.0,1989.0,6.33,limiar_ajustado,0.07583924173107741,False,False,parado,0.65
D1T2,1989.0,1990.0,1999.0,22.025,limiar_ajustado,0.8399908489449267,True,True,demanda_alta,0.65
D1T2,1999.0,2000.0,2009.0,3.625,limiar_ajustado,0.7702896393560421,False,True,freio_fora_faixa,0.65
D1T2,2009.0,2010.0,2019.0,17.805,limiar_ajustado,0.29950248785573413,True,False,movimento,0.65
D1T2,2019.0,2020.0,2029.0,12.175,limiar_ajustado,0.8577290922592339,False,True,demanda_alta,0.65
D1T2,2029.0,2030.0,2039.0,0.0,limiar_ajustado,0.10960344306914933,False,False,freio_fora_faixa,0.65
D1T2,2039.0,2040.0,2049.0,0.0,limiar_ajustado,0.08390403428998311,False,False,movimento,0.65
D1T2,2049.0,2050.0,2059.0,0.6749999999999999,limiar_ajustado,0.12621342240644978,False,False,freio_fora_faixa,0.65
D1T2,2059.0,2060.0,2069.0,3.2399999999999998,limiar_ajustado,0.16610352878508405,False,False,freio_fora_faixa,0.65
D1T2,2069.0,2070.0,2079.0,18.755000000000003,limiar_ajustado,0.30027427635338566,True,False,movimento,0.65
D1T2,2079.0,2080.0,2089.0,25.805,limiar_ajustado,0.8447829278326674,True,True,demanda_alta,0.65
D1T2,2089.0,2090.0,2099.0,28.214999999999996,limiar_ajustado,0.8308057514482868,True,True,demanda_alta,0.65
D1T2,2099.0,2100.0,2109.0,11.194999999999999,limiar_ajustado,0.8595155437259091,False,True,demanda_alta,0.65
D1T2,2109.0,2110.0,2119.0,0.8300000000000001,limiar_ajustado,0.10460409074619506,False,False,frenagem,0.65
D1T2,2119.0,2120.0,2129.0,2.415,limiar_ajustado,0.2756661022624863,False,False,frenagem,0.65
D1T2,2129.0,2130.0,2139.0,4.025,limiar_ajustado,0.07174624638435216,False,False,parado,0.65
D1T2,2139.0,2140.0,2149.0,4.159999999999999,limiar_ajustado,0.5017539361443837,False,False,movimento,0.65
D1T2,2149.0,2150.0,2159.0,18.44,limiar_ajustado,0.15775339001155547,True,False,movimento,0.65
D1T2,2159.0,2160.0,2169.0,32.44499999999999,limiar_ajustado,0.7809034049115512,True,True,demanda_alta,0.65
D1T2,2169.0,2170.0,2179.0,27.544999999999998,limiar_ajustado,0.8652650095299781,True,True,demanda_alta,0.65
D1T2,2179.0,2180.0,2189.0,0.0,limiar_ajustado,0.16257362443480644,False,False,movimento,0.65
D1T2,2189.0,2190.0,2199.0,0.0,limiar_ajustado,0.11028843729716828,False,False,movimento,0.65
D1T2,2199.0,2200.0,2209.0,0.0,limiar_ajustado,0.0769749951750249,False,False,movimento,0.65
D1T2,2209.0,2210.0,2219.0,10.065000000000001,limiar_ajustado,0.08027319979526343,False,False,movimento,0.65
D1T2,2219.0,2220.0,2229.0,0.0,limiar_ajustado,0.09312605533753116,False,False,movimento,0.65
D1T2,2229.0,2230.0,2239.0,0.0,limiar_ajustado,0.06159441614354236,False,False,frenagem,0.65
D1T2,2239.0,2240.0,2249.0,0.175,limiar_ajustado,0.13172675884142232,False,False,frenagem,0.65
D1T2,2249.0,2250.0,2259.0,2.3800000000000003,limiar_ajustado,0.26429542256156263,False,False,freio_fora_faixa,0.65
D1T2,2259.0,2260.0,2269.0,2.3150000000000004,limiar_ajustado,0.153928167222716,False,False,parado,0.65
D1T2,2269.0,2270.0,2279.0,3.78,limiar_ajustado,0.05660135328613751,False,False,freio_fora_faixa,0.65
D1T2,2279.0,2280.0,2289.0,4.844999999999999,limiar_ajustado,0.15210312455215072,False,False,movimento,0.65
D1T2,2289.0,2290.0,2299.0,7.919999999999999,limiar_ajustado,0.47542531165117263,False,False,movimento,0.65
D1T2,2299.0,2300.0,2309.0,0.0,limiar_ajustado,0.1268691204813925,False,False,movimento,0.65
D1T2,2309.0,2310.0,2319.0,5.61,limiar_ajustado,0.057396625077851524,False,False,movimento,0.65
D1T2,2319.0,2320.0,2329.0,5.325,limiar_ajustado,0.2368218444900579,False,False,freio_fora_faixa,0.65
D1T2,2329.0,2330.0,2339.0,2.3049999999999997,limiar_ajustado,0.239459149411682,False,False,movimento,0.65
D1T2,2339.0,2340.0,2349.0,0.5700000000000001,limiar_ajustado,0.6903813114048001,False,True,movimento,0.65
D1T2,2349.0,2350.0,2359.0,0.0,limiar_ajustado,0.14006940666170142,False,False,movimento,0.65
D1T2,2359.0,2360.0,2369.0,0.0,limiar_ajustado,0.03327938203326598,False,False,movimento,0.65
D1T2,2369.0,2370.0,2379.0,0.0,limiar_ajustado,0.09061022961896298,False,False,frenagem,0.65
D1T2,2379.0,2380.0,2389.0,1.3599999999999999,limiar_ajustado,0.1312471275952443,False,False,frenagem,0.65
D1T2,2389.0,2390.0,2399.0,2.295,limiar_ajustado,0.3019164861057613,False,False,freio_fora_faixa,0.65
D1T2,2399.0,2400.0,2409.0,3.465,limiar_ajustado,0.05164114323986183,False,False,parado,0.65
D1T2,2409.0,2410.0,2419.0,3.7449999999999997,limiar_ajustado,0.18662021144501775,False,False,movimento,0.65
D1T2,2419.0,2420.0,2429.0,11.780000000000001,limiar_ajustado,0.11353022925941911,False,False,movimento,0.65
D1T2,2429.0,2430.0,2439.0,6.9399999999999995,limiar_ajustado,0.761070826619289,False,True,movimento,0.65
D1T2,2439.0,2440.0,2449.0,2.78,limiar_ajustado,0.23706028259753192,False,False,movimento,0.65
D1T2,2449.0,2450.0,2459.0,22.46,limiar_ajustado,0.14424511953083602,True,False,frenagem,0.65
D1T2,2459.0,2460.0,2469.0,5.7,limiar_ajustado,0.8784710816441479,False,True,demanda_alta,0.65
D1T2,2469.0,2470.0,2479.0,0.0,limiar_ajustado,0.14120311471827032,False,False,freio_fora_faixa,0.65
D1T2,2479.0,2480.0,2489.0,0.045,limiar_ajustado,0.14484559489090854,False,False,movimento,0.65
D1T2,2489.0,2490.0,2499.0,2.25,limiar_ajustado,0.1334730456395713,False,False,movimento,0.65
D1T2,2499.0,2500.0,2509.0,2.62,limiar_ajustado,0.19010430315880267,False,False,movimento,0.65
D1T2,2509.0,2510.0,2519.0,2.3150000000000004,limiar_ajustado,0.09677040994346141,False,False,frenagem,0.65
D1T2,2519.0,2520.0,2529.0,2.465,limiar_ajustado,0.08320118423401845,False,False,parado,0.65
D1T2,2529.0,2530.0,2539.0,2.6,limiar_ajustado,0.05134705566440601,False,False,parado,0.65
D1T2,2539.0,2540.0,2549.0,7.1850000000000005,limiar_ajustado,0.0536269744322364,False,False,freio_fora_faixa,0.65
D1T2,2549.0,2550.0,2559.0,9.955,limiar_ajustado,0.4586299961627948,False,False,freio_fora_faixa,0.65
D1T2,2559.0,2560.0,2569.0,4.565,limiar_ajustado,0.18231992076936693,False,False,movimento,0.65
D1T2,2569.0,2570.0,2579.0,4.279999999999999,limiar_ajustado,0.1819857536238802,False,False,freio_fora_faixa,0.65
D1T2,2579.0,2580.0,2589.0,7.815,limiar_ajustado,0.4871153102885759,False,False,movimento,0.65
D1T2,2589.0,2590.0,2599.0,16.220000000000002,limiar_ajustado,0.2569406612109874,False,False,movimento,0.65
D1T2,2599.0,2600.0,2609.0,12.16,limiar_ajustado,0.6362598859112925,False,False,freio_fora_faixa,0.65
D1T2,2609.0,2610.0,2619.0,23.265,limiar_ajustado,0.5369746524199037,True,False,movimento,0.65
D1T2,2619.0,2620.0,2629.0,32.585,limiar_ajustado,0.9228220496300825,True,True,demanda_alta,0.65
D1T2,2629.0,2630.0,2639.0,0.0,limiar_ajustado,0.15080621031998714,False,False,movimento,0.65
D1T2,2639.0,2640.0,2649.0,1.35,limiar_ajustado,0.12055423681493008,False,False,freio_fora_faixa,0.65
D1T2,2649.0,2650.0,2659.0,2.3,limiar_ajustado,0.2550012420687833,False,False,frenagem,0.65
D1T2,2659.0,2660.0,2669.0,2.2699999999999996,limiar_ajustado,0.04478610800713266,False,False,parado,0.65
D1T2,2669.0,2670.0,2679.0,2.25,limiar_ajustado,0.05245140774141269,False,False,parado,0.65
D1T2,2679.0,2680.0,2689.0,2.255,limiar_ajustado,0.05014696408269806,False,False,parado,0.65
D1T2,2689.0,2690.0,2699.0,2.2199999999999998,limiar_ajustado,0.058103142914274555,False,False,parado,0.65
D1T2,2699.0,2700.0,2709.0,2.2649999999999997,limiar_ajustado,0.050102448213781396,False,False,parado,0.65
D1T2,2709.0,2710.0,2719.0,2.2449999999999997,limiar_ajustado,0.057111180018470126,False,False,freio_fora_faixa,0.65
D1T2,2719.0,2720.0,2729.0,4.425,limiar_ajustado,0.05464198452814793,False,False,freio_fora_faixa,0.65
D1T2,2729.0,2730.0,2739.0,9.530000000000001,limiar_ajustado,0.6566247176813618,False,True,freio_fora_faixa,0.65
D1T2,2739.0,2740.0,2749.0,2.41,limiar_ajustado,0.1459602701008989,False,False,movimento,0.65
D1T2,2749.0,2750.0,2759.0,3.465,limiar_ajustado,0.16064800337933374,False,False,movimento,0.65
D1T2,2759.0,2760.0,2769.0,3.725,limiar_ajustado,0.08205630236260728,False,False,freio_fora_faixa,0.65
D1T2,2769.0,2770.0,2779.0,15.720000000000002,limiar_ajustado,0.0772565654921462,False,False,freio_fora_faixa,0.65
D1T2,2779.0,2780.0,2789.0,21.990000000000002,limiar_ajustado,0.8090887614805712,True,True,demanda_alta,0.65
D1T2,2789.0,2790.0,2799.0,10.504999999999999,limiar_ajustado,0.8331190525581798,False,True,demanda_alta,0.65
D1T2,2799.0,2800.0,2809.0,0.0,limiar_ajustado,0.1128184935078693,False,False,movimento,0.65
D1T2,2809.0,2810.0,2819.0,0.0,limiar_ajustado,0.06584401746850072,False,False,movimento,0.65
D1T2,2819.0,2820.0,2829.0,3.38,limiar_ajustado,0.0699476379182876,False,False,freio_fora_faixa,0.65
D1T2,2829.0,2830.0,2839.0,8.66,limiar_ajustado,0.7465862457362457,False,True,freio_fora_faixa,0.65
D1T2,2839.0,2840.0,2849.0,0.025,limiar_ajustado,0.13500562386387718,False,False,movimento,0.65
D1T2,2849.0,2850.0,2859.0,2.2399999999999998,limiar_ajustado,0.09061652583948915,False,False,frenagem,0.65
D1T2,2859.0,2860.0,2869.0,2.2600000000000002,limiar_ajustado,0.08915177299131831,False,False,parado,0.65
D1T2,2869.0,2870.0,2879.0,11.64,limiar_ajustado,0.05564305405840868,False,False,parado,0.65
D1T2,2879.0,2880.0,2889.0,32.07,limiar_ajustado,0.8561476390497905,True,True,demanda_alta,0.65
D1T2,2889.0,2890.0,2899.0,30.189999999999998,limiar_ajustado,0.7453549557648678,True,True,demanda_alta,0.65
D1T2,2899.0,2900.0,2909.0,38.80499999999999,limiar_ajustado,0.8056316779861211,True,True,demanda_alta,0.65
D1T2,2909.0,2910.0,2919.0,46.275000000000006,limiar_ajustado,0.9400248629983757,True,True,demanda_alta,0.65
D1T2,2919.0,2920.0,2929.0,35.615,limiar_ajustado,0.8913363460814501,True,True,demanda_alta,0.65
D1T2,2929.0,2930.0,2939.0,17.935000000000002,limiar_ajustado,0.8377567380726841,True,True,demanda_alta,0.65
D1T2,2939.0,2940.0,2949.0,12.294999999999998,limiar_ajustado,0.2681184491329561,False,False,movimento,0.65
D1T2,2949.0,2950.0,2959.0,31.229999999999997,limiar_ajustado,0.8599585034596842,True,True,demanda_alta,0.65
D1T2,2959.0,2960.0,2969.0,10.7,limiar_ajustado,0.8442522867662088,False,True,movimento,0.65
D1T2,2969.0,2970.0,2979.0,0.0,limiar_ajustado,0.18038440038876657,False,False,movimento,0.65
D1T2,2979.0,2980.0,2989.0,0.0,limiar_ajustado,0.10002128477613531,False,False,movimento,0.65
D1T2,2989.0,2990.0,2999.0,0.0,limiar_ajustado,0.12235565097151234,False,False,movimento,0.65
D1T2,2999.0,3000.0,3009.0,0.26,limiar_ajustado,0.1546220928618311,False,False,freio_fora_faixa,0.65
D1T2,3009.0,3010.0,3019.0,2.95,limiar_ajustado,0.18138797674025653,False,False,frenagem,0.65
D1T2,3019.0,3020.0,3029.0,2.77,limiar_ajustado,0.08641478066342977,False,False,freio_fora_faixa,0.65
D1T2,3029.0,3030.0,3039.0,9.415000000000001,limiar_ajustado,0.047856216138126344,False,False,frenagem,0.65
D1T2,3039.0,3040.0,3049.0,19.240000000000002,limiar_ajustado,0.828612721274939,True,True,demanda_alta,0.65
D1T2,3049.0,3050.0,3059.0,7.734999999999999,limiar_ajustado,0.6335659787286768,False,False,demanda_alta,0.65
D1T2,3059.0,3060.0,3069.0,9.87,limiar_ajustado,0.34657152403710256,False,False,movimento,0.65
D1T2,3069.0,3070.0,3079.0,26.125,limiar_ajustado,0.5801076337771233,True,False,movimento,0.65
D1T2,3079.0,3080.0,3089.0,46.025000000000006,limiar_ajustado,0.9402537013376688,True,True,freio_fora_faixa,0.65
D1T2,3089.0,3090.0,3099.0,45.82,limiar_ajustado,0.8993313967224623,True,True,demanda_alta,0.65
D1T2,3099.0,3100.0,3109.0,22.714999999999996,limiar_ajustado,0.8848714303081845,True,True,demanda_alta,0.65
D1T2,3109.0,3110.0,3119.0,0.0,limiar_ajustado,0.15957368626388635,False,False,movimento,0.65
D1T2,3119.0,3120.0,3129.0,8.650000000000002,limiar_ajustado,0.13804854761732513,False,False,freio_fora_faixa,0.65
D1T2,3129.0,3130.0,3139.0,0.0,limiar_ajustado,0.2280862572730841,False,False,movimento,0.65
D1T2,3139.0,3140.0,3149.0,0.0,limiar_ajustado,0.09353019418059372,False,False,movimento,0.65
D1T2,3149.0,3150.0,3159.0,0.0,limiar_ajustado,0.23182729944303732,False,False,frenagem,0.65
D1T2,3159.0,3160.0,3169.0,0.905,limiar_ajustado,0.10206733607120654,False,False,movimento,0.65
D1T2,3169.0,3170.0,3179.0,2.3550000000000004,limiar_ajustado,0.207403025323758,False,False,frenagem,0.65
D1T2,3179.0,3180.0,3189.0,2.3400000000000007,limiar_ajustado,0.07338761157044758,False,False,parado,0.65
D1T2,3189.0,3190.0,3199.0,5.055,limiar_ajustado,0.049081157581349004,False,False,parado,0.65
D1T2,3199.0,3200.0,3209.0,4.985,limiar_ajustado,0.7713960111253167,False,True,movimento,0.65
D1T2,3209.0,3210.0,3219.0,11.929999999999998,limiar_ajustado,0.2664558672990586,False,False,movimento,0.65
D1T2,3219.0,3220.0,3229.0,23.155,limiar_ajustado,0.2706236001975485,True,False,movimento,0.65
D1T2,3229.0,3230.0,3239.0,35.85,limiar_ajustado,0.8460571645007063,True,True,demanda_alta,0.65
D1T2,3239.0,3240.0,3249.0,31.015000000000004,limiar_ajustado,0.8673540274984639,True,True,demanda_alta,0.65
D1T2,3249.0,3250.0,3259.0,36.325,limiar_ajustado,0.8589602295303258,True,True,demanda_alta,0.65
D1T2,3259.0,3260.0,3269.0,41.47,limiar_ajustado,0.9219703570756529,True,True,demanda_alta,0.65
D1T2,3269.0,3270.0,3279.0,0.0,limiar_ajustado,0.18175035865213846,False,False,movimento,0.65
D1T2,3279.0,3280.0,3289.0,16.355,limiar_ajustado,0.2214862021587984,False,False,movimento,0.65
D1T2,3289.0,3290.0,3299.0,26.825,limiar_ajustado,0.8598393822658005,True,True,demanda_alta,0.65
D1T2,3299.0,3300.0,3309.0,9.145,limiar_ajustado,0.9025492914109968,False,True,demanda_alta,0.65
D1T2,3309.0,3310.0,3319.0,2.8449999999999998,limiar_ajustado,0.19797887025210603,False,False,frenagem,0.65
D1T2,3319.0,3320.0,3329.0,2.9349999999999996,limiar_ajustado,0.08445479981494623,False,False,freio_fora_faixa,0.65
D1T2,3329.0,3330.0,3339.0,2.7150000000000003,limiar_ajustado,0.0755390486985224,False,False,parado,0.65
D1T2,3339.0,3340.0,3349.0,2.45,limiar_ajustado,0.10141695920384301,False,False,parado,0.65
D1T2,3349.0,3350.0,3359.0,16.475,limiar_ajustado,0.0708151221404786,False,False,freio_fora_faixa,0.65
D1T2,3359.0,3360.0,3369.0,43.41,limiar_ajustado,0.9288019645129044,True,True,demanda_alta,0.65
D1T2,3369.0,3370.0,3379.0,46.769999999999996,limiar_ajustado,0.9039128937422026,True,True,freio_fora_faixa,0.65
D1T2,3379.0,3380.0,3389.0,16.48,limiar_ajustado,0.8994064144629054,False,True,freio_fora_faixa,0.65
D1T2,3389.0,3390.0,3399.0,6.93,limiar_ajustado,0.2760184760776574,False,False,movimento,0.65
D1T2,3399.0,3400.0,3409.0,0.0,limiar_ajustado,0.13536000107310403,False,False,freio_fora_faixa,0.65
D1T2,3409.0,3410.0,3419.0,0.0,limiar_ajustado,0.08648895715793457,False,False,frenagem,0.65
D1T2,3419.0,3420.0,3429.0,0.0,limiar_ajustado,0.11245598119323741,False,False,movimento,0.65
D1T2,3429.0,3430.0,3439.0,0.0,limiar_ajustado,0.16647436545416167,False,False,movimento,0.65
D1T2,3439.0,3440.0,3449.0,0.18,limiar_ajustado,0.11451831281855368,False,False,freio_fora_faixa,0.65
D1T2,3449.0,3450.0,3459.0,2.545,limiar_ajustado,0.16575132695526854,False,False,movimento,0.65
D1T2,3459.0,3460.0,3469.0,3.0,limiar_ajustado,0.08371145894986039,False,False,movimento,0.65
D1T2,3469.0,3470.0,3479.0,2.91,limiar_ajustado,0.10923290847760624,False,False,freio_fora_faixa,0.65
D1T2,3479.0,3480.0,3489.0,2.38,limiar_ajustado,0.06297007003183352,False,False,movimento,0.65
D1T2,3489.0,3490.0,3499.0,2.325,limiar_ajustado,0.08489682700882309,False,False,frenagem,0.65
D1T2,3499.0,3500.0,3509.0,3.19,limiar_ajustado,0.07136484516011321,False,False,parado,0.65
D1T2,3509.0,3510.0,3519.0,3.525,limiar_ajustado,0.2769350004134642,False,False,movimento,0.65
D1T2,3519.0,3520.0,3529.0,0.42000000000000004,limiar_ajustado,0.19042941300865404,False,False,movimento,0.65
D1T2,3529.0,3530.0,3539.0,2.2900000000000005,limiar_ajustado,0.22609230979196518,False,False,frenagem,0.65
D1T2,3539.0,3540.0,3549.0,3.525,limiar_ajustado,0.08961206703284647,False,False,parado,0.65
D1T2,3549.0,3550.0,3559.0,1.8450000000000002,limiar_ajustado,0.4616748085047416,False,False,freio_fora_faixa,0.65
D1T2,3559.0,3560.0,3569.0,0.0,limiar_ajustado,0.19864686385959193,False,False,freio_fora_faixa,0.65
D1T2,3569.0,3570.0,3579.0,0.0,limiar_ajustado,0.05516987618472366,False,False,movimento,0.65
D1T2,3579.0,3580.0,3589.0,0.0,limiar_ajustado,0.05069454028185937,False,False,movimento,0.65
D1T2,3589.0,3590.0,3599.0,0.0,limiar_ajustado,0.04855168313900224,False,False,movimento,0.65
D1T2,3599.0,3600.0,3609.0,0.0,limiar_ajustado,0.06912064185370476,False,False,movimento,0.65
D1T2,3609.0,3610.0,3619.0,0.0,limiar_ajustado,0.08920446911673631,False,False,frenagem,0.65
D1T2,3619.0,3620.0,3629.0,1.7,limiar_ajustado,0.06341482576119085,False,False,freio_fora_faixa,0.65
D1T2,3629.0,3630.0,3639.0,2.3449999999999998,limiar_ajustado,0.21038422910975899,False,False,frenagem,0.65
D1T2,3639.0,3640.0,3649.0,2.66,limiar_ajustado,0.10642731464750695,False,False,freio_fora_faixa,0.65
D1T2,3649.0,3650.0,3659.0,20.450000000000003,limiar_ajustado,0.6067985077823316,True,False,movimento,0.65
D1T2,3659.0,3660.0,3669.0,15.495000000000001,limiar_ajustado,0.5550879830005992,False,False,movimento,0.65
D1T2,3669.0,3670.0,3679.0,16.54,limiar_ajustado,0.24484246996662506,False,False,movimento,0.65
D1T2,3679.0,3680.0,3689.0,35.074999999999996,limiar_ajustado,0.8313086128414787,True,True,demanda_alta,0.65
D1T2,3689.0,3690.0,3699.0,48.095000000000006,limiar_ajustado,0.9281973280444155,True,True,demanda_alta,0.65
D1T2,3699.0,3700.0,3709.0,44.13,limiar_ajustado,0.9265335839226112,True,True,demanda_alta,0.65
D1T2,3709.0,3710.0,3719.0,40.065,limiar_ajustado,0.8285384113058797,True,True,demanda_alta,0.65
D1T2,3719.0,3720.0,3729.0,5.984999999999999,limiar_ajustado,0.8508047511412714,False,True,demanda_alta,0.65
D1T2,3729.0,3730.0,3739.0,0.0,limiar_ajustado,0.1368744795894626,False,False,movimento,0.65
D1T2,3739.0,3740.0,3749.0,0.0,limiar_ajustado,0.14977210230739296,False,False,movimento,0.65
D1T2,3749.0,3750.0,3759.0,0.0,limiar_ajustado,0.08522373441240816,False,False,movimento,0.65
D1T2,3759.0,3760.0,3769.0,0.0,limiar_ajustado,0.09754513802085672,False,False,freio_fora_faixa,0.65
D1T2,3769.0,3770.0,3779.0,0.0,limiar_ajustado,0.1453309312687945,False,False,frenagem,0.65
D1T2,3779.0,3780.0,3789.0,0.2,limiar_ajustado,0.1384609656270462,False,False,movimento,0.65
D1T2,3789.0,3790.0,3799.0,25.24,limiar_ajustado,0.2608323714706794,True,False,freio_fora_faixa,0.65
D1T2,3799.0,3800.0,3809.0,31.45,limiar_ajustado,0.9483405438084189,True,True,demanda_alta,0.65
D1T2,3809.0,3810.0,3819.0,28.589999999999996,limiar_ajustado,0.8125385509395961,True,True,demanda_alta,0.65
D1T2,3819.0,3820.0,3829.0,20.995,limiar_ajustado,0.7990036294192943,True,True,demanda_alta,0.65
D1T2,3829.0,3830.0,3839.0,19.105,limiar_ajustado,0.7716783473474922,True,True,demanda_alta,0.65
D1T2,3839.0,3840.0,3849.0,5.77,limiar_ajustado,0.7482426794404915,False,True,movimento,0.65
D1T2,3849.0,3850.0,3859.0,23.05,limiar_ajustado,0.44381317837080947,True,False,freio_fora_faixa,0.65
D1T2,3859.0,3860.0,3869.0,16.635,limiar_ajustado,0.912863836502437,False,True,freio_fora_faixa,0.65
D2T1,10.0,11.0,20.0,5.195,persistencia,0.49952944880317035,False,False,movimento,
D2T1,20.0,21.0,30.0,2.585,persistencia,0.17003077325513705,False,False,freio_fora_faixa,
D2T1,30.0,31.0,40.0,8.495000000000001,persistencia,0.04701369260123979,False,False,frenagem,
D2T1,40.0,41.0,50.0,14.575,persistencia,0.7436808094171928,False,False,movimento,
D2T1,50.0,51.0,60.0,24.79,persistencia,0.8311828255758233,True,True,demanda_alta,
D2T1,60.0,61.0,70.0,5.895,persistencia,0.8344525919414975,False,True,demanda_alta,
D2T1,70.0,71.0,80.0,0.30999999999999994,persistencia,0.12122519551793606,False,False,movimento,
D2T1,80.0,81.0,90.0,25.735000000000003,persistencia,0.19634509236128764,True,False,movimento,
D2T1,90.0,91.0,100.0,17.46,persistencia,0.8922727225214736,True,True,demanda_alta,
D2T1,100.0,101.0,110.0,5.7299999999999995,persistencia,0.20927230251001244,False,False,movimento,
D2T1,110.0,111.0,120.0,32.835,persistencia,0.8137905428612922,True,True,demanda_alta,
D2T1,120.0,121.0,130.0,2.6,persistencia,0.866345964379087,False,True,demanda_alta,
D2T1,130.0,131.0,140.0,0.0,persistencia,0.1719034632860971,False,False,movimento,
D2T1,140.0,141.0,150.0,0.0,persistencia,0.10179671941360217,False,False,freio_fora_faixa,
D2T1,150.0,151.0,160.0,0.0,persistencia,0.07649300388431067,False,False,frenagem,
D2T1,160.0,161.0,170.0,0.0,persistencia,0.08941302631567803,False,False,frenagem,
D2T1,170.0,171.0,180.0,0.0,persistencia,0.08738479199116872,False,False,frenagem,
D2T1,180.0,181.0,190.0,0.16999999999999998,persistencia,0.07717075292333658,False,False,frenagem,
D2T1,190.0,191.0,200.0,2.8599999999999994,persistencia,0.09346589111406906,False,False,freio_fora_faixa,
D2T1,200.0,201.0,210.0,9.389999999999999,persistencia,0.5426254148387425,False,False,movimento,
D2T1,210.0,211.0,220.0,0.575,persistencia,0.13483773041725203,False,False,movimento,
D2T1,220.0,221.0,230.0,10.17,persistencia,0.24819070485464326,False,False,freio_fora_faixa,
D2T1,230.0,231.0,240.0,28.875,persistencia,0.9160245107454072,True,True,freio_fora_faixa,
D2T1,240.0,241.0,250.0,4.325,persistencia,0.8038440451409515,False,True,demanda_alta,
D2T1,250.0,251.0,260.0,0.0,persistencia,0.15827224909102625,False,False,movimento,
D2T1,260.0,261.0,270.0,0.0,persistencia,0.07674886819814353,False,False,freio_fora_faixa,
D2T1,270.0,271.0,280.0,9.535,persistencia,0.10065857226534641,False,False,movimento,
D2T1,280.0,281.0,290.0,17.335,persistencia,0.5599716989872041,True,False,movimento,
D2T1,290.0,291.0,300.0,17.455,persistencia,0.6651266444356553,True,True,freio_fora_faixa,
D2T1,300.0,301.0,310.0,24.825000000000003,persistencia,0.56869953209374,True,False,freio_fora_faixa,
D2T1,310.0,311.0,320.0,26.330000000000002,persistencia,0.7964884030391332,True,True,demanda_alta,
D2T1,320.0,321.0,330.0,25.96,persistencia,0.8276465440788461,True,True,demanda_alta,
D2T1,330.0,331.0,340.0,25.044999999999998,persistencia,0.7907959680249762,True,True,freio_fora_faixa,
D2T1,340.0,341.0,350.0,17.17,persistencia,0.693555189741831,True,True,demanda_alta,
D2T1,350.0,351.0,360.0,0.0,persistencia,0.21607554792578615,False,False,freio_fora_faixa,
D2T1,360.0,361.0,370.0,1.825,persistencia,0.09430814559622201,False,False,frenagem,
D2T1,370.0,371.0,380.0,19.949999999999996,persistencia,0.10652109635136632,True,False,parado,
D2T1,380.0,381.0,390.0,32.255,persistencia,0.8556025939138504,True,True,freio_fora_faixa,
D2T1,390.0,391.0,400.0,24.43,persistencia,0.8658407471031598,True,True,demanda_alta,
D2T1,400.0,401.0,410.0,16.41,persistencia,0.6906401987907864,True,True,demanda_alta,
D2T1,410.0,411.0,420.0,9.35,persistencia,0.4839851784019104,False,False,freio_fora_faixa,
D2T1,420.0,421.0,430.0,15.0,persistencia,0.37619820147081806,False,False,movimento,
D2T1,430.0,431.0,440.0,20.535000000000004,persistencia,0.6560199246473889,True,True,demanda_alta,
D2T1,440.0,441.0,450.0,18.229999999999997,persistencia,0.6264682869263314,True,True,movimento,
D2T1,450.0,451.0,460.0,18.615000000000002,persistencia,0.6459630959146869,True,True,demanda_alta,
D2T1,460.0,461.0,470.0,16.955000000000002,persistencia,0.6258861261840112,True,True,movimento,
D2T1,470.0,471.0,480.0,14.529999999999998,persistencia,0.5809057934171213,False,True,freio_fora_faixa,
D2T1,480.0,481.0,490.0,7.55,persistencia,0.5622414468592535,False,False,freio_fora_faixa,
D2T1,490.0,491.0,500.0,0.0,persistencia,0.15775931886086134,False,False,movimento,
D2T1,500.0,501.0,510.0,0.0,persistencia,0.13233412609358014,False,False,freio_fora_faixa,
D2T1,510.0,511.0,520.0,0.0,persistencia,0.22332623226678516,False,False,frenagem,
D2T1,520.0,521.0,530.0,2.275,persistencia,0.29251727057143806,False,False,frenagem,
D2T1,530.0,531.0,540.0,2.3550000000000004,persistencia,0.11296891299928616,False,False,parado,
D2T1,540.0,541.0,550.0,2.345,persistencia,0.1052475065870053,False,False,parado,
D2T1,550.0,551.0,560.0,6.16,persistencia,0.1932377714751564,False,False,parado,
D2T1,560.0,561.0,570.0,20.975,persistencia,0.5811514700171369,True,False,movimento,
D2T1,570.0,571.0,580.0,10.875,persistencia,0.8226652168213995,False,True,freio_fora_faixa,
D2T1,580.0,581.0,590.0,0.0,persistencia,0.14841613911063636,False,False,movimento,
D2T1,590.0,591.0,600.0,0.0,persistencia,0.08668360906898931,False,False,freio_fora_faixa,
D2T1,600.0,601.0,610.0,0.0,persistencia,0.07840100873550078,False,False,movimento,
D2T1,610.0,611.0,620.0,0.0,persistencia,0.07645100873550077,False,False,movimento,
D2T1,620.0,621.0,630.0,0.0,persistencia,0.08517319240232263,False,False,freio_fora_faixa,
D2T1,630.0,631.0,640.0,0.0,persistencia,0.07486543417627656,False,False,frenagem,
D2T1,640.0,641.0,650.0,0.0,persistencia,0.07839203581001525,False,False,frenagem,
D2T1,650.0,651.0,660.0,0.0,persistencia,0.07551175816925117,False,False,freio_fora_faixa,
D2T1,660.0,661.0,670.0,0.0,persistencia,0.1132335680793487,False,False,freio_fora_faixa,
D2T1,670.0,671.0,680.0,0.0,persistencia,0.08874199942763455,False,False,movimento,
D2T1,680.0,681.0,690.0,9.469999999999999,persistencia,0.0769649954813343,False,False,movimento,
D2T1,690.0,691.0,700.0,8.175,persistencia,0.5111515254304004,False,False,freio_fora_faixa,
D2T1,700.0,701.0,710.0,0.0,persistencia,0.11573087922319913,False,False,freio_fora_faixa,
D2T1,710.0,711.0,720.0,1.5950000000000002,persistencia,0.1251568857950766,False,False,frenagem,
D2T1,720.0,721.0,730.0,17.215,persistencia,0.12035231071131143,True,False,freio_fora_faixa,
D2T1,730.0,731.0,740.0,30.4,persistencia,0.8126698271008889,True,True,demanda_alta,
D2T1,740.0,741.0,750.0,6.659999999999999,persistencia,0.8895059584728446,False,True,demanda_alta,
D2T1,750.0,751.0,760.0,1.6149999999999998,persistencia,0.13909116953509273,False,False,freio_fora_faixa,
D2T1,760.0,761.0,770.0,3.6349999999999993,persistencia,0.45924698652807855,False,False,freio_fora_faixa,
D2T1,770.0,771.0,780.0,0.11499999999999999,persistencia,0.1316448903231285,False,False,freio_fora_faixa,
D2T1,780.0,781.0,790.0,2.435,persistencia,0.06679871976999671,False,False,movimento,
D2T1,790.0,791.0,800.0,2.82,persistencia,0.08543998339489053,False,False,movimento,
D2T1,800.0,801.0,810.0,4.034999999999999,persistencia,0.050332475981611155,False,False,movimento,
D2T1,810.0,811.0,820.0,20.624999999999996,persistencia,0.674635369853637,True,False,movimento,
D2T1,820.0,821.0,830.0,7.875,persistencia,0.6926284518623876,False,True,freio_fora_faixa,
D2T1,830.0,831.0,840.0,0.0,persistencia,0.11171228366165456,False,False,movimento,
D2T1,840.0,841.0,850.0,0.0,persistencia,0.09277458553214499,False,False,freio_fora_faixa,
D2T1,850.0,851.0,860.0,1.78,persistencia,0.08051638038786307,False,False,movimento,
D2T1,860.0,861.0,870.0,2.255,persistencia,0.11376439054719338,False,False,parado,
D2T1,870.0,871.0,880.0,2.21,persistencia,0.0716003363017647,False,False,freio_fora_faixa,
D2T1,880.0,881.0,890.0,4.029999999999999,persistencia,0.05449174557326323,False,False,parado,
D2T1,890.0,891.0,900.0,2.1550000000000002,persistencia,0.23716598285966467,False,False,freio_fora_faixa,
D2T1,900.0,901.0,910.0,2.1599999999999997,persistencia,0.04135670579905613,False,False,frenagem,
D2T1,910.0,911.0,920.0,8.684999999999999,persistencia,0.04096240332590395,False,False,parado,
D2T1,920.0,921.0,930.0,22.55,persistencia,0.8244067836897926,True,True,demanda_alta,
D2T1,930.0,931.0,940.0,11.690000000000001,persistencia,0.8442989053381557,False,True,demanda_alta,
D2T1,940.0,941.0,950.0,15.309999999999999,persistencia,0.11474742497744847,False,False,movimento,
D2T1,950.0,951.0,960.0,29.565000000000005,persistencia,0.8793961818578402,True,True,demanda_alta,
D2T1,960.0,961.0,970.0,12.375,persistencia,0.8970553288168478,False,True,demanda_alta,
D2T1,970.0,971.0,980.0,0.0,persistencia,0.1898934055265891,False,False,movimento,
D2T1,980.0,981.0,990.0,0.0,persistencia,0.10464208166961893,False,False,movimento,
D2T1,990.0,991.0,1000.0,0.525,persistencia,0.06686709960237104,False,False,movimento,
D2T1,1000.0,1001.0,1010.0,8.265,persistencia,0.5124618963424975,False,False,movimento,
D2T1,1010.0,1011.0,1020.0,12.19,persistencia,0.3316349842517166,False,False,movimento,
D2T1,1020.0,1021.0,1030.0,16.395,persistencia,0.5740629183488035,True,False,movimento,
D2T1,1030.0,1031.0,1040.0,15.38,persistencia,0.6418705210807609,False,True,movimento,
D2T1,1040.0,1041.0,1050.0,14.375,persistencia,0.8777610722740864,False,True,demanda_alta,
D2T1,1050.0,1051.0,1060.0,0.0,persistencia,0.1332488477649143,False,False,movimento,
D2T1,1060.0,1061.0,1070.0,1.5400000000000003,persistencia,0.0941192617665048,False,False,frenagem,
D2T1,1070.0,1071.0,1080.0,17.060000000000002,persistencia,0.15661999334802046,True,False,parado,
D2T1,1080.0,1081.0,1090.0,32.775,persistencia,0.8661074942101125,True,True,demanda_alta,
D2T1,1090.0,1091.0,1100.0,31.370000000000005,persistencia,0.8864207669413406,True,True,demanda_alta,
D2T1,1100.0,1101.0,1110.0,31.105,persistencia,0.8850071351895216,True,True,demanda_alta,
D2T1,1110.0,1111.0,1120.0,31.275,persistencia,0.6878818737439464,True,True,movimento,
D2T1,1120.0,1121.0,1130.0,35.47,persistencia,0.8753620303408677,True,True,demanda_alta,
D2T1,1130.0,1131.0,1140.0,22.455000000000002,persistencia,0.8757750382877759,True,True,demanda_alta,
D2T1,1140.0,1141.0,1150.0,11.72,persistencia,0.6106178559710321,False,True,movimento,
D2T1,1150.0,1151.0,1160.0,4.4799999999999995,persistencia,0.42348855896264204,False,False,movimento,
D2T1,1160.0,1161.0,1170.0,12.440000000000001,persistencia,0.16372027189811889,False,False,movimento,
D2T1,1170.0,1171.0,1180.0,16.32,persistencia,0.6572556919666535,True,True,movimento,
D2T1,1180.0,1181.0,1190.0,11.639999999999997,persistencia,0.5344310235277971,False,False,movimento,
D2T1,1190.0,1191.0,1200.0,20.580000000000002,persistencia,0.5769856096741738,True,False,movimento,
D2T1,1200.0,1201.0,1210.0,22.974999999999998,persistencia,0.6522106808485566,True,True,demanda_alta,
D2T1,1210.0,1211.0,1220.0,22.220000000000002,persistencia,0.7925309381406541,True,True,demanda_alta,
D2T1,1220.0,1221.0,1230.0,23.15,persistencia,0.7674428380516273,True,True,demanda_alta,
D2T1,1230.0,1231.0,1240.0,26.72,persistencia,0.8226643516490497,True,True,demanda_alta,
D2T1,1240.0,1241.0,1250.0,42.12499999999999,persistencia,0.9146687417410027,True,True,demanda_alta,
D2T1,1250.0,1251.0,1260.0,44.715,persistencia,0.913564386325706,True,True,demanda_alta,
D2T1,1260.0,1261.0,1270.0,35.34499999999999,persistencia,0.8902894886437192,True,True,demanda_alta,
D2T1,1270.0,1271.0,1280.0,32.49,persistencia,0.8833512086275532,True,True,demanda_alta,
D2T1,1280.0,1281.0,1290.0,25.29,persistencia,0.6542934007642017,True,False,movimento,
D2T1,1290.0,1291.0,1300.0,28.609999999999996,persistencia,0.8880615982518146,True,True,demanda_alta,
D2T1,1300.0,1301.0,1310.0,8.684999999999999,persistencia,0.8340749361715096,False,True,demanda_alta,
D2T1,1310.0,1311.0,1320.0,0.0,persistencia,0.14986495081712467,False,False,movimento,
D2T1,1320.0,1321.0,1330.0,0.0,persistencia,0.06676943120125337,False,False,movimento,
D2T1,1330.0,1331.0,1340.0,2.9899999999999998,persistencia,0.06426232913327229,False,False,movimento,
D2T1,1340.0,1341.0,1350.0,15.875,persistencia,0.5172105856185015,False,False,movimento,
D2T1,1350.0,1351.0,1360.0,6.67,persistencia,0.5629136572965494,False,False,movimento,
D2T1,1360.0,1361.0,1370.0,0.0,persistencia,0.13211692830194705,False,False,movimento,
D2T1,1370.0,1371.0,1380.0,8.830000000000002,persistencia,0.06503155990250306,False,False,movimento,
D2T1,1380.0,1381.0,1390.0,34.19499999999999,persistencia,0.8211861512929484,True,True,demanda_alta,
D2T1,1390.0,1391.0,1400.0,28.759999999999998,persistencia,0.8154973264333891,True,True,demanda_alta,
D2T1,1400.0,1401.0,1410.0,9.01,persistencia,0.9073020537489154,False,True,demanda_alta,
D2T1,1410.0,1411.0,1420.0,0.0,persistencia,0.1333816123797279,False,False,movimento,
D2T1,1420.0,1421.0,1430.0,0.0,persistencia,0.08622034242919656,False,False,movimento,
D2T1,1430.0,1431.0,1440.0,0.0,persistencia,0.08673812101687274,False,False,movimento,
D2T1,1440.0,1441.0,1450.0,0.0,persistencia,0.09686132666979581,False,False,movimento,
D2T1,1450.0,1451.0,1460.0,0.0,persistencia,0.07567487652310304,False,False,frenagem,
D2T1,1460.0,1461.0,1470.0,0.0,persistencia,0.06730604360914913,False,False,frenagem,
D2T1,1470.0,1471.0,1480.0,0.0,persistencia,0.10610522005316116,False,False,movimento,
D2T1,1480.0,1481.0,1490.0,0.0,persistencia,0.09101418354200165,False,False,movimento,
D2T1,1490.0,1491.0,1500.0,0.0,persistencia,0.0884870096289582,False,False,movimento,
D2T1,1500.0,1501.0,1510.0,0.9950000000000001,persistencia,0.09831412775009817,False,False,frenagem,
D2T1,1510.0,1511.0,1520.0,2.975,persistencia,0.18519971337043611,False,False,frenagem,
D2T1,1520.0,1521.0,1530.0,13.514999999999997,persistencia,0.23277021995189234,False,False,movimento,
D2T1,1530.0,1531.0,1540.0,25.2,persistencia,0.6806655728718067,True,True,movimento,
D2T1,1540.0,1541.0,1550.0,32.235,persistencia,0.8650021161157633,True,True,demanda_alta,
D2T1,1550.0,1551.0,1560.0,27.24,persistencia,0.834884713609793,True,True,demanda_alta,
D2T1,1560.0,1561.0,1570.0,3.3349999999999995,persistencia,0.5260038625693291,False,False,movimento,
D2T1,1570.0,1571.0,1580.0,0.0,persistencia,0.16229370748382352,False,False,movimento,
D2T1,1580.0,1581.0,1590.0,0.0,persistencia,0.05813567086129295,False,False,movimento,
D2T1,1590.0,1591.0,1600.0,0.0,persistencia,0.09229239979400751,False,False,movimento,
D2T1,1600.0,1601.0,1610.0,8.084999999999999,persistencia,0.08918000981685129,False,False,movimento,
D2T1,1610.0,1611.0,1620.0,6.909999999999999,persistencia,0.3965869130667277,False,False,movimento,
D2T1,1620.0,1621.0,1630.0,6.445,persistencia,0.30663944227005524,False,False,movimento,
D2T1,1630.0,1631.0,1640.0,10.67,persistencia,0.34908983760361245,False,False,movimento,
D2T1,1640.0,1641.0,1650.0,4.035,persistencia,0.5273673191078343,False,False,movimento,
D2T1,1650.0,1651.0,1660.0,0.0,persistencia,0.13632141795509253,False,False,movimento,
D2T1,1660.0,1661.0,1670.0,0.0,persistencia,0.067722999034881,False,False,movimento,
D2T1,1670.0,1671.0,1680.0,0.55,persistencia,0.1254970218494984,False,False,frenagem,
D2T1,1680.0,1681.0,1690.0,2.2600000000000007,persistencia,0.11503623323456656,False,False,frenagem,
D2T1,1690.0,1691.0,1700.0,2.33,persistencia,0.06737307909964137,False,False,parado,
D2T1,10.0,11.0,20.0,5.195,limiar_050,0.49952944880317035,False,False,movimento,0.5
D2T1,20.0,21.0,30.0,2.585,limiar_050,0.17003077325513705,False,False,freio_fora_faixa,0.5
D2T1,30.0,31.0,40.0,8.495000000000001,limiar_050,0.04701369260123979,False,False,frenagem,0.5
D2T1,40.0,41.0,50.0,14.575,limiar_050,0.7436808094171928,False,True,movimento,0.5
D2T1,50.0,51.0,60.0,24.79,limiar_050,0.8311828255758233,True,True,demanda_alta,0.5
D2T1,60.0,61.0,70.0,5.895,limiar_050,0.8344525919414975,False,True,demanda_alta,0.5
D2T1,70.0,71.0,80.0,0.30999999999999994,limiar_050,0.12122519551793606,False,False,movimento,0.5
D2T1,80.0,81.0,90.0,25.735000000000003,limiar_050,0.19634509236128764,True,False,movimento,0.5
D2T1,90.0,91.0,100.0,17.46,limiar_050,0.8922727225214736,True,True,demanda_alta,0.5
D2T1,100.0,101.0,110.0,5.7299999999999995,limiar_050,0.20927230251001244,False,False,movimento,0.5
D2T1,110.0,111.0,120.0,32.835,limiar_050,0.8137905428612922,True,True,demanda_alta,0.5
D2T1,120.0,121.0,130.0,2.6,limiar_050,0.866345964379087,False,True,demanda_alta,0.5
D2T1,130.0,131.0,140.0,0.0,limiar_050,0.1719034632860971,False,False,movimento,0.5
D2T1,140.0,141.0,150.0,0.0,limiar_050,0.10179671941360217,False,False,freio_fora_faixa,0.5
D2T1,150.0,151.0,160.0,0.0,limiar_050,0.07649300388431067,False,False,frenagem,0.5
D2T1,160.0,161.0,170.0,0.0,limiar_050,0.08941302631567803,False,False,frenagem,0.5
D2T1,170.0,171.0,180.0,0.0,limiar_050,0.08738479199116872,False,False,frenagem,0.5
D2T1,180.0,181.0,190.0,0.16999999999999998,limiar_050,0.07717075292333658,False,False,frenagem,0.5
D2T1,190.0,191.0,200.0,2.8599999999999994,limiar_050,0.09346589111406906,False,False,freio_fora_faixa,0.5
D2T1,200.0,201.0,210.0,9.389999999999999,limiar_050,0.5426254148387425,False,True,movimento,0.5
D2T1,210.0,211.0,220.0,0.575,limiar_050,0.13483773041725203,False,False,movimento,0.5
D2T1,220.0,221.0,230.0,10.17,limiar_050,0.24819070485464326,False,False,freio_fora_faixa,0.5
D2T1,230.0,231.0,240.0,28.875,limiar_050,0.9160245107454072,True,True,freio_fora_faixa,0.5
D2T1,240.0,241.0,250.0,4.325,limiar_050,0.8038440451409515,False,True,demanda_alta,0.5
D2T1,250.0,251.0,260.0,0.0,limiar_050,0.15827224909102625,False,False,movimento,0.5
D2T1,260.0,261.0,270.0,0.0,limiar_050,0.07674886819814353,False,False,freio_fora_faixa,0.5
D2T1,270.0,271.0,280.0,9.535,limiar_050,0.10065857226534641,False,False,movimento,0.5
D2T1,280.0,281.0,290.0,17.335,limiar_050,0.5599716989872041,True,True,movimento,0.5
D2T1,290.0,291.0,300.0,17.455,limiar_050,0.6651266444356553,True,True,freio_fora_faixa,0.5
D2T1,300.0,301.0,310.0,24.825000000000003,limiar_050,0.56869953209374,True,True,freio_fora_faixa,0.5
D2T1,310.0,311.0,320.0,26.330000000000002,limiar_050,0.7964884030391332,True,True,demanda_alta,0.5
D2T1,320.0,321.0,330.0,25.96,limiar_050,0.8276465440788461,True,True,demanda_alta,0.5
D2T1,330.0,331.0,340.0,25.044999999999998,limiar_050,0.7907959680249762,True,True,freio_fora_faixa,0.5
D2T1,340.0,341.0,350.0,17.17,limiar_050,0.693555189741831,True,True,demanda_alta,0.5
D2T1,350.0,351.0,360.0,0.0,limiar_050,0.21607554792578615,False,False,freio_fora_faixa,0.5
D2T1,360.0,361.0,370.0,1.825,limiar_050,0.09430814559622201,False,False,frenagem,0.5
D2T1,370.0,371.0,380.0,19.949999999999996,limiar_050,0.10652109635136632,True,False,parado,0.5
D2T1,380.0,381.0,390.0,32.255,limiar_050,0.8556025939138504,True,True,freio_fora_faixa,0.5
D2T1,390.0,391.0,400.0,24.43,limiar_050,0.8658407471031598,True,True,demanda_alta,0.5
D2T1,400.0,401.0,410.0,16.41,limiar_050,0.6906401987907864,True,True,demanda_alta,0.5
D2T1,410.0,411.0,420.0,9.35,limiar_050,0.4839851784019104,False,False,freio_fora_faixa,0.5
D2T1,420.0,421.0,430.0,15.0,limiar_050,0.37619820147081806,False,False,movimento,0.5
D2T1,430.0,431.0,440.0,20.535000000000004,limiar_050,0.6560199246473889,True,True,demanda_alta,0.5
D2T1,440.0,441.0,450.0,18.229999999999997,limiar_050,0.6264682869263314,True,True,movimento,0.5
D2T1,450.0,451.0,460.0,18.615000000000002,limiar_050,0.6459630959146869,True,True,demanda_alta,0.5
D2T1,460.0,461.0,470.0,16.955000000000002,limiar_050,0.6258861261840112,True,True,movimento,0.5
D2T1,470.0,471.0,480.0,14.529999999999998,limiar_050,0.5809057934171213,False,True,freio_fora_faixa,0.5
D2T1,480.0,481.0,490.0,7.55,limiar_050,0.5622414468592535,False,True,freio_fora_faixa,0.5
D2T1,490.0,491.0,500.0,0.0,limiar_050,0.15775931886086134,False,False,movimento,0.5
D2T1,500.0,501.0,510.0,0.0,limiar_050,0.13233412609358014,False,False,freio_fora_faixa,0.5
D2T1,510.0,511.0,520.0,0.0,limiar_050,0.22332623226678516,False,False,frenagem,0.5
D2T1,520.0,521.0,530.0,2.275,limiar_050,0.29251727057143806,False,False,frenagem,0.5
D2T1,530.0,531.0,540.0,2.3550000000000004,limiar_050,0.11296891299928616,False,False,parado,0.5
D2T1,540.0,541.0,550.0,2.345,limiar_050,0.1052475065870053,False,False,parado,0.5
D2T1,550.0,551.0,560.0,6.16,limiar_050,0.1932377714751564,False,False,parado,0.5
D2T1,560.0,561.0,570.0,20.975,limiar_050,0.5811514700171369,True,True,movimento,0.5
D2T1,570.0,571.0,580.0,10.875,limiar_050,0.8226652168213995,False,True,freio_fora_faixa,0.5
D2T1,580.0,581.0,590.0,0.0,limiar_050,0.14841613911063636,False,False,movimento,0.5
D2T1,590.0,591.0,600.0,0.0,limiar_050,0.08668360906898931,False,False,freio_fora_faixa,0.5
D2T1,600.0,601.0,610.0,0.0,limiar_050,0.07840100873550078,False,False,movimento,0.5
D2T1,610.0,611.0,620.0,0.0,limiar_050,0.07645100873550077,False,False,movimento,0.5
D2T1,620.0,621.0,630.0,0.0,limiar_050,0.08517319240232263,False,False,freio_fora_faixa,0.5
D2T1,630.0,631.0,640.0,0.0,limiar_050,0.07486543417627656,False,False,frenagem,0.5
D2T1,640.0,641.0,650.0,0.0,limiar_050,0.07839203581001525,False,False,frenagem,0.5
D2T1,650.0,651.0,660.0,0.0,limiar_050,0.07551175816925117,False,False,freio_fora_faixa,0.5
D2T1,660.0,661.0,670.0,0.0,limiar_050,0.1132335680793487,False,False,freio_fora_faixa,0.5
D2T1,670.0,671.0,680.0,0.0,limiar_050,0.08874199942763455,False,False,movimento,0.5
D2T1,680.0,681.0,690.0,9.469999999999999,limiar_050,0.0769649954813343,False,False,movimento,0.5
D2T1,690.0,691.0,700.0,8.175,limiar_050,0.5111515254304004,False,True,freio_fora_faixa,0.5
D2T1,700.0,701.0,710.0,0.0,limiar_050,0.11573087922319913,False,False,freio_fora_faixa,0.5
D2T1,710.0,711.0,720.0,1.5950000000000002,limiar_050,0.1251568857950766,False,False,frenagem,0.5
D2T1,720.0,721.0,730.0,17.215,limiar_050,0.12035231071131143,True,False,freio_fora_faixa,0.5
D2T1,730.0,731.0,740.0,30.4,limiar_050,0.8126698271008889,True,True,demanda_alta,0.5
D2T1,740.0,741.0,750.0,6.659999999999999,limiar_050,0.8895059584728446,False,True,demanda_alta,0.5
D2T1,750.0,751.0,760.0,1.6149999999999998,limiar_050,0.13909116953509273,False,False,freio_fora_faixa,0.5
D2T1,760.0,761.0,770.0,3.6349999999999993,limiar_050,0.45924698652807855,False,False,freio_fora_faixa,0.5
D2T1,770.0,771.0,780.0,0.11499999999999999,limiar_050,0.1316448903231285,False,False,freio_fora_faixa,0.5
D2T1,780.0,781.0,790.0,2.435,limiar_050,0.06679871976999671,False,False,movimento,0.5
D2T1,790.0,791.0,800.0,2.82,limiar_050,0.08543998339489053,False,False,movimento,0.5
D2T1,800.0,801.0,810.0,4.034999999999999,limiar_050,0.050332475981611155,False,False,movimento,0.5
D2T1,810.0,811.0,820.0,20.624999999999996,limiar_050,0.674635369853637,True,True,movimento,0.5
D2T1,820.0,821.0,830.0,7.875,limiar_050,0.6926284518623876,False,True,freio_fora_faixa,0.5
D2T1,830.0,831.0,840.0,0.0,limiar_050,0.11171228366165456,False,False,movimento,0.5
D2T1,840.0,841.0,850.0,0.0,limiar_050,0.09277458553214499,False,False,freio_fora_faixa,0.5
D2T1,850.0,851.0,860.0,1.78,limiar_050,0.08051638038786307,False,False,movimento,0.5
D2T1,860.0,861.0,870.0,2.255,limiar_050,0.11376439054719338,False,False,parado,0.5
D2T1,870.0,871.0,880.0,2.21,limiar_050,0.0716003363017647,False,False,freio_fora_faixa,0.5
D2T1,880.0,881.0,890.0,4.029999999999999,limiar_050,0.05449174557326323,False,False,parado,0.5
D2T1,890.0,891.0,900.0,2.1550000000000002,limiar_050,0.23716598285966467,False,False,freio_fora_faixa,0.5
D2T1,900.0,901.0,910.0,2.1599999999999997,limiar_050,0.04135670579905613,False,False,frenagem,0.5
D2T1,910.0,911.0,920.0,8.684999999999999,limiar_050,0.04096240332590395,False,False,parado,0.5
D2T1,920.0,921.0,930.0,22.55,limiar_050,0.8244067836897926,True,True,demanda_alta,0.5
D2T1,930.0,931.0,940.0,11.690000000000001,limiar_050,0.8442989053381557,False,True,demanda_alta,0.5
D2T1,940.0,941.0,950.0,15.309999999999999,limiar_050,0.11474742497744847,False,False,movimento,0.5
D2T1,950.0,951.0,960.0,29.565000000000005,limiar_050,0.8793961818578402,True,True,demanda_alta,0.5
D2T1,960.0,961.0,970.0,12.375,limiar_050,0.8970553288168478,False,True,demanda_alta,0.5
D2T1,970.0,971.0,980.0,0.0,limiar_050,0.1898934055265891,False,False,movimento,0.5
D2T1,980.0,981.0,990.0,0.0,limiar_050,0.10464208166961893,False,False,movimento,0.5
D2T1,990.0,991.0,1000.0,0.525,limiar_050,0.06686709960237104,False,False,movimento,0.5
D2T1,1000.0,1001.0,1010.0,8.265,limiar_050,0.5124618963424975,False,True,movimento,0.5
D2T1,1010.0,1011.0,1020.0,12.19,limiar_050,0.3316349842517166,False,False,movimento,0.5
D2T1,1020.0,1021.0,1030.0,16.395,limiar_050,0.5740629183488035,True,True,movimento,0.5
D2T1,1030.0,1031.0,1040.0,15.38,limiar_050,0.6418705210807609,False,True,movimento,0.5
D2T1,1040.0,1041.0,1050.0,14.375,limiar_050,0.8777610722740864,False,True,demanda_alta,0.5
D2T1,1050.0,1051.0,1060.0,0.0,limiar_050,0.1332488477649143,False,False,movimento,0.5
D2T1,1060.0,1061.0,1070.0,1.5400000000000003,limiar_050,0.0941192617665048,False,False,frenagem,0.5
D2T1,1070.0,1071.0,1080.0,17.060000000000002,limiar_050,0.15661999334802046,True,False,parado,0.5
D2T1,1080.0,1081.0,1090.0,32.775,limiar_050,0.8661074942101125,True,True,demanda_alta,0.5
D2T1,1090.0,1091.0,1100.0,31.370000000000005,limiar_050,0.8864207669413406,True,True,demanda_alta,0.5
D2T1,1100.0,1101.0,1110.0,31.105,limiar_050,0.8850071351895216,True,True,demanda_alta,0.5
D2T1,1110.0,1111.0,1120.0,31.275,limiar_050,0.6878818737439464,True,True,movimento,0.5
D2T1,1120.0,1121.0,1130.0,35.47,limiar_050,0.8753620303408677,True,True,demanda_alta,0.5
D2T1,1130.0,1131.0,1140.0,22.455000000000002,limiar_050,0.8757750382877759,True,True,demanda_alta,0.5
D2T1,1140.0,1141.0,1150.0,11.72,limiar_050,0.6106178559710321,False,True,movimento,0.5
D2T1,1150.0,1151.0,1160.0,4.4799999999999995,limiar_050,0.42348855896264204,False,False,movimento,0.5
D2T1,1160.0,1161.0,1170.0,12.440000000000001,limiar_050,0.16372027189811889,False,False,movimento,0.5
D2T1,1170.0,1171.0,1180.0,16.32,limiar_050,0.6572556919666535,True,True,movimento,0.5
D2T1,1180.0,1181.0,1190.0,11.639999999999997,limiar_050,0.5344310235277971,False,True,movimento,0.5
D2T1,1190.0,1191.0,1200.0,20.580000000000002,limiar_050,0.5769856096741738,True,True,movimento,0.5
D2T1,1200.0,1201.0,1210.0,22.974999999999998,limiar_050,0.6522106808485566,True,True,demanda_alta,0.5
D2T1,1210.0,1211.0,1220.0,22.220000000000002,limiar_050,0.7925309381406541,True,True,demanda_alta,0.5
D2T1,1220.0,1221.0,1230.0,23.15,limiar_050,0.7674428380516273,True,True,demanda_alta,0.5
D2T1,1230.0,1231.0,1240.0,26.72,limiar_050,0.8226643516490497,True,True,demanda_alta,0.5
D2T1,1240.0,1241.0,1250.0,42.12499999999999,limiar_050,0.9146687417410027,True,True,demanda_alta,0.5
D2T1,1250.0,1251.0,1260.0,44.715,limiar_050,0.913564386325706,True,True,demanda_alta,0.5
D2T1,1260.0,1261.0,1270.0,35.34499999999999,limiar_050,0.8902894886437192,True,True,demanda_alta,0.5
D2T1,1270.0,1271.0,1280.0,32.49,limiar_050,0.8833512086275532,True,True,demanda_alta,0.5
D2T1,1280.0,1281.0,1290.0,25.29,limiar_050,0.6542934007642017,True,True,movimento,0.5
D2T1,1290.0,1291.0,1300.0,28.609999999999996,limiar_050,0.8880615982518146,True,True,demanda_alta,0.5
D2T1,1300.0,1301.0,1310.0,8.684999999999999,limiar_050,0.8340749361715096,False,True,demanda_alta,0.5
D2T1,1310.0,1311.0,1320.0,0.0,limiar_050,0.14986495081712467,False,False,movimento,0.5
D2T1,1320.0,1321.0,1330.0,0.0,limiar_050,0.06676943120125337,False,False,movimento,0.5
D2T1,1330.0,1331.0,1340.0,2.9899999999999998,limiar_050,0.06426232913327229,False,False,movimento,0.5
D2T1,1340.0,1341.0,1350.0,15.875,limiar_050,0.5172105856185015,False,True,movimento,0.5
D2T1,1350.0,1351.0,1360.0,6.67,limiar_050,0.5629136572965494,False,True,movimento,0.5
D2T1,1360.0,1361.0,1370.0,0.0,limiar_050,0.13211692830194705,False,False,movimento,0.5
D2T1,1370.0,1371.0,1380.0,8.830000000000002,limiar_050,0.06503155990250306,False,False,movimento,0.5
D2T1,1380.0,1381.0,1390.0,34.19499999999999,limiar_050,0.8211861512929484,True,True,demanda_alta,0.5
D2T1,1390.0,1391.0,1400.0,28.759999999999998,limiar_050,0.8154973264333891,True,True,demanda_alta,0.5
D2T1,1400.0,1401.0,1410.0,9.01,limiar_050,0.9073020537489154,False,True,demanda_alta,0.5
D2T1,1410.0,1411.0,1420.0,0.0,limiar_050,0.1333816123797279,False,False,movimento,0.5
D2T1,1420.0,1421.0,1430.0,0.0,limiar_050,0.08622034242919656,False,False,movimento,0.5
D2T1,1430.0,1431.0,1440.0,0.0,limiar_050,0.08673812101687274,False,False,movimento,0.5
D2T1,1440.0,1441.0,1450.0,0.0,limiar_050,0.09686132666979581,False,False,movimento,0.5
D2T1,1450.0,1451.0,1460.0,0.0,limiar_050,0.07567487652310304,False,False,frenagem,0.5
D2T1,1460.0,1461.0,1470.0,0.0,limiar_050,0.06730604360914913,False,False,frenagem,0.5
D2T1,1470.0,1471.0,1480.0,0.0,limiar_050,0.10610522005316116,False,False,movimento,0.5
D2T1,1480.0,1481.0,1490.0,0.0,limiar_050,0.09101418354200165,False,False,movimento,0.5
D2T1,1490.0,1491.0,1500.0,0.0,limiar_050,0.0884870096289582,False,False,movimento,0.5
D2T1,1500.0,1501.0,1510.0,0.9950000000000001,limiar_050,0.09831412775009817,False,False,frenagem,0.5
D2T1,1510.0,1511.0,1520.0,2.975,limiar_050,0.18519971337043611,False,False,frenagem,0.5
D2T1,1520.0,1521.0,1530.0,13.514999999999997,limiar_050,0.23277021995189234,False,False,movimento,0.5
D2T1,1530.0,1531.0,1540.0,25.2,limiar_050,0.6806655728718067,True,True,movimento,0.5
D2T1,1540.0,1541.0,1550.0,32.235,limiar_050,0.8650021161157633,True,True,demanda_alta,0.5
D2T1,1550.0,1551.0,1560.0,27.24,limiar_050,0.834884713609793,True,True,demanda_alta,0.5
D2T1,1560.0,1561.0,1570.0,3.3349999999999995,limiar_050,0.5260038625693291,False,True,movimento,0.5
D2T1,1570.0,1571.0,1580.0,0.0,limiar_050,0.16229370748382352,False,False,movimento,0.5
D2T1,1580.0,1581.0,1590.0,0.0,limiar_050,0.05813567086129295,False,False,movimento,0.5
D2T1,1590.0,1591.0,1600.0,0.0,limiar_050,0.09229239979400751,False,False,movimento,0.5
D2T1,1600.0,1601.0,1610.0,8.084999999999999,limiar_050,0.08918000981685129,False,False,movimento,0.5
D2T1,1610.0,1611.0,1620.0,6.909999999999999,limiar_050,0.3965869130667277,False,False,movimento,0.5
D2T1,1620.0,1621.0,1630.0,6.445,limiar_050,0.30663944227005524,False,False,movimento,0.5
D2T1,1630.0,1631.0,1640.0,10.67,limiar_050,0.34908983760361245,False,False,movimento,0.5
D2T1,1640.0,1641.0,1650.0,4.035,limiar_050,0.5273673191078343,False,True,movimento,0.5
D2T1,1650.0,1651.0,1660.0,0.0,limiar_050,0.13632141795509253,False,False,movimento,0.5
D2T1,1660.0,1661.0,1670.0,0.0,limiar_050,0.067722999034881,False,False,movimento,0.5
D2T1,1670.0,1671.0,1680.0,0.55,limiar_050,0.1254970218494984,False,False,frenagem,0.5
D2T1,1680.0,1681.0,1690.0,2.2600000000000007,limiar_050,0.11503623323456656,False,False,frenagem,0.5
D2T1,1690.0,1691.0,1700.0,2.33,limiar_050,0.06737307909964137,False,False,parado,0.5
D2T1,10.0,11.0,20.0,5.195,limiar_ajustado,0.49952944880317035,False,False,movimento,0.6
D2T1,20.0,21.0,30.0,2.585,limiar_ajustado,0.17003077325513705,False,False,freio_fora_faixa,0.6
D2T1,30.0,31.0,40.0,8.495000000000001,limiar_ajustado,0.04701369260123979,False,False,frenagem,0.6
D2T1,40.0,41.0,50.0,14.575,limiar_ajustado,0.7436808094171928,False,True,movimento,0.6
D2T1,50.0,51.0,60.0,24.79,limiar_ajustado,0.8311828255758233,True,True,demanda_alta,0.6
D2T1,60.0,61.0,70.0,5.895,limiar_ajustado,0.8344525919414975,False,True,demanda_alta,0.6
D2T1,70.0,71.0,80.0,0.30999999999999994,limiar_ajustado,0.12122519551793606,False,False,movimento,0.6
D2T1,80.0,81.0,90.0,25.735000000000003,limiar_ajustado,0.19634509236128764,True,False,movimento,0.6
D2T1,90.0,91.0,100.0,17.46,limiar_ajustado,0.8922727225214736,True,True,demanda_alta,0.6
D2T1,100.0,101.0,110.0,5.7299999999999995,limiar_ajustado,0.20927230251001244,False,False,movimento,0.6
D2T1,110.0,111.0,120.0,32.835,limiar_ajustado,0.8137905428612922,True,True,demanda_alta,0.6
D2T1,120.0,121.0,130.0,2.6,limiar_ajustado,0.866345964379087,False,True,demanda_alta,0.6
D2T1,130.0,131.0,140.0,0.0,limiar_ajustado,0.1719034632860971,False,False,movimento,0.6
D2T1,140.0,141.0,150.0,0.0,limiar_ajustado,0.10179671941360217,False,False,freio_fora_faixa,0.6
D2T1,150.0,151.0,160.0,0.0,limiar_ajustado,0.07649300388431067,False,False,frenagem,0.6
D2T1,160.0,161.0,170.0,0.0,limiar_ajustado,0.08941302631567803,False,False,frenagem,0.6
D2T1,170.0,171.0,180.0,0.0,limiar_ajustado,0.08738479199116872,False,False,frenagem,0.6
D2T1,180.0,181.0,190.0,0.16999999999999998,limiar_ajustado,0.07717075292333658,False,False,frenagem,0.6
D2T1,190.0,191.0,200.0,2.8599999999999994,limiar_ajustado,0.09346589111406906,False,False,freio_fora_faixa,0.6
D2T1,200.0,201.0,210.0,9.389999999999999,limiar_ajustado,0.5426254148387425,False,False,movimento,0.6
D2T1,210.0,211.0,220.0,0.575,limiar_ajustado,0.13483773041725203,False,False,movimento,0.6
D2T1,220.0,221.0,230.0,10.17,limiar_ajustado,0.24819070485464326,False,False,freio_fora_faixa,0.6
D2T1,230.0,231.0,240.0,28.875,limiar_ajustado,0.9160245107454072,True,True,freio_fora_faixa,0.6
D2T1,240.0,241.0,250.0,4.325,limiar_ajustado,0.8038440451409515,False,True,demanda_alta,0.6
D2T1,250.0,251.0,260.0,0.0,limiar_ajustado,0.15827224909102625,False,False,movimento,0.6
D2T1,260.0,261.0,270.0,0.0,limiar_ajustado,0.07674886819814353,False,False,freio_fora_faixa,0.6
D2T1,270.0,271.0,280.0,9.535,limiar_ajustado,0.10065857226534641,False,False,movimento,0.6
D2T1,280.0,281.0,290.0,17.335,limiar_ajustado,0.5599716989872041,True,False,movimento,0.6
D2T1,290.0,291.0,300.0,17.455,limiar_ajustado,0.6651266444356553,True,True,freio_fora_faixa,0.6
D2T1,300.0,301.0,310.0,24.825000000000003,limiar_ajustado,0.56869953209374,True,False,freio_fora_faixa,0.6
D2T1,310.0,311.0,320.0,26.330000000000002,limiar_ajustado,0.7964884030391332,True,True,demanda_alta,0.6
D2T1,320.0,321.0,330.0,25.96,limiar_ajustado,0.8276465440788461,True,True,demanda_alta,0.6
D2T1,330.0,331.0,340.0,25.044999999999998,limiar_ajustado,0.7907959680249762,True,True,freio_fora_faixa,0.6
D2T1,340.0,341.0,350.0,17.17,limiar_ajustado,0.693555189741831,True,True,demanda_alta,0.6
D2T1,350.0,351.0,360.0,0.0,limiar_ajustado,0.21607554792578615,False,False,freio_fora_faixa,0.6
D2T1,360.0,361.0,370.0,1.825,limiar_ajustado,0.09430814559622201,False,False,frenagem,0.6
D2T1,370.0,371.0,380.0,19.949999999999996,limiar_ajustado,0.10652109635136632,True,False,parado,0.6
D2T1,380.0,381.0,390.0,32.255,limiar_ajustado,0.8556025939138504,True,True,freio_fora_faixa,0.6
D2T1,390.0,391.0,400.0,24.43,limiar_ajustado,0.8658407471031598,True,True,demanda_alta,0.6
D2T1,400.0,401.0,410.0,16.41,limiar_ajustado,0.6906401987907864,True,True,demanda_alta,0.6
D2T1,410.0,411.0,420.0,9.35,limiar_ajustado,0.4839851784019104,False,False,freio_fora_faixa,0.6
D2T1,420.0,421.0,430.0,15.0,limiar_ajustado,0.37619820147081806,False,False,movimento,0.6
D2T1,430.0,431.0,440.0,20.535000000000004,limiar_ajustado,0.6560199246473889,True,True,demanda_alta,0.6
D2T1,440.0,441.0,450.0,18.229999999999997,limiar_ajustado,0.6264682869263314,True,True,movimento,0.6
D2T1,450.0,451.0,460.0,18.615000000000002,limiar_ajustado,0.6459630959146869,True,True,demanda_alta,0.6
D2T1,460.0,461.0,470.0,16.955000000000002,limiar_ajustado,0.6258861261840112,True,True,movimento,0.6
D2T1,470.0,471.0,480.0,14.529999999999998,limiar_ajustado,0.5809057934171213,False,False,freio_fora_faixa,0.6
D2T1,480.0,481.0,490.0,7.55,limiar_ajustado,0.5622414468592535,False,False,freio_fora_faixa,0.6
D2T1,490.0,491.0,500.0,0.0,limiar_ajustado,0.15775931886086134,False,False,movimento,0.6
D2T1,500.0,501.0,510.0,0.0,limiar_ajustado,0.13233412609358014,False,False,freio_fora_faixa,0.6
D2T1,510.0,511.0,520.0,0.0,limiar_ajustado,0.22332623226678516,False,False,frenagem,0.6
D2T1,520.0,521.0,530.0,2.275,limiar_ajustado,0.29251727057143806,False,False,frenagem,0.6
D2T1,530.0,531.0,540.0,2.3550000000000004,limiar_ajustado,0.11296891299928616,False,False,parado,0.6
D2T1,540.0,541.0,550.0,2.345,limiar_ajustado,0.1052475065870053,False,False,parado,0.6
D2T1,550.0,551.0,560.0,6.16,limiar_ajustado,0.1932377714751564,False,False,parado,0.6
D2T1,560.0,561.0,570.0,20.975,limiar_ajustado,0.5811514700171369,True,False,movimento,0.6
D2T1,570.0,571.0,580.0,10.875,limiar_ajustado,0.8226652168213995,False,True,freio_fora_faixa,0.6
D2T1,580.0,581.0,590.0,0.0,limiar_ajustado,0.14841613911063636,False,False,movimento,0.6
D2T1,590.0,591.0,600.0,0.0,limiar_ajustado,0.08668360906898931,False,False,freio_fora_faixa,0.6
D2T1,600.0,601.0,610.0,0.0,limiar_ajustado,0.07840100873550078,False,False,movimento,0.6
D2T1,610.0,611.0,620.0,0.0,limiar_ajustado,0.07645100873550077,False,False,movimento,0.6
D2T1,620.0,621.0,630.0,0.0,limiar_ajustado,0.08517319240232263,False,False,freio_fora_faixa,0.6
D2T1,630.0,631.0,640.0,0.0,limiar_ajustado,0.07486543417627656,False,False,frenagem,0.6
D2T1,640.0,641.0,650.0,0.0,limiar_ajustado,0.07839203581001525,False,False,frenagem,0.6
D2T1,650.0,651.0,660.0,0.0,limiar_ajustado,0.07551175816925117,False,False,freio_fora_faixa,0.6
D2T1,660.0,661.0,670.0,0.0,limiar_ajustado,0.1132335680793487,False,False,freio_fora_faixa,0.6
D2T1,670.0,671.0,680.0,0.0,limiar_ajustado,0.08874199942763455,False,False,movimento,0.6
D2T1,680.0,681.0,690.0,9.469999999999999,limiar_ajustado,0.0769649954813343,False,False,movimento,0.6
D2T1,690.0,691.0,700.0,8.175,limiar_ajustado,0.5111515254304004,False,False,freio_fora_faixa,0.6
D2T1,700.0,701.0,710.0,0.0,limiar_ajustado,0.11573087922319913,False,False,freio_fora_faixa,0.6
D2T1,710.0,711.0,720.0,1.5950000000000002,limiar_ajustado,0.1251568857950766,False,False,frenagem,0.6
D2T1,720.0,721.0,730.0,17.215,limiar_ajustado,0.12035231071131143,True,False,freio_fora_faixa,0.6
D2T1,730.0,731.0,740.0,30.4,limiar_ajustado,0.8126698271008889,True,True,demanda_alta,0.6
D2T1,740.0,741.0,750.0,6.659999999999999,limiar_ajustado,0.8895059584728446,False,True,demanda_alta,0.6
D2T1,750.0,751.0,760.0,1.6149999999999998,limiar_ajustado,0.13909116953509273,False,False,freio_fora_faixa,0.6
D2T1,760.0,761.0,770.0,3.6349999999999993,limiar_ajustado,0.45924698652807855,False,False,freio_fora_faixa,0.6
D2T1,770.0,771.0,780.0,0.11499999999999999,limiar_ajustado,0.1316448903231285,False,False,freio_fora_faixa,0.6
D2T1,780.0,781.0,790.0,2.435,limiar_ajustado,0.06679871976999671,False,False,movimento,0.6
D2T1,790.0,791.0,800.0,2.82,limiar_ajustado,0.08543998339489053,False,False,movimento,0.6
D2T1,800.0,801.0,810.0,4.034999999999999,limiar_ajustado,0.050332475981611155,False,False,movimento,0.6
D2T1,810.0,811.0,820.0,20.624999999999996,limiar_ajustado,0.674635369853637,True,True,movimento,0.6
D2T1,820.0,821.0,830.0,7.875,limiar_ajustado,0.6926284518623876,False,True,freio_fora_faixa,0.6
D2T1,830.0,831.0,840.0,0.0,limiar_ajustado,0.11171228366165456,False,False,movimento,0.6
D2T1,840.0,841.0,850.0,0.0,limiar_ajustado,0.09277458553214499,False,False,freio_fora_faixa,0.6
D2T1,850.0,851.0,860.0,1.78,limiar_ajustado,0.08051638038786307,False,False,movimento,0.6
D2T1,860.0,861.0,870.0,2.255,limiar_ajustado,0.11376439054719338,False,False,parado,0.6
D2T1,870.0,871.0,880.0,2.21,limiar_ajustado,0.0716003363017647,False,False,freio_fora_faixa,0.6
D2T1,880.0,881.0,890.0,4.029999999999999,limiar_ajustado,0.05449174557326323,False,False,parado,0.6
D2T1,890.0,891.0,900.0,2.1550000000000002,limiar_ajustado,0.23716598285966467,False,False,freio_fora_faixa,0.6
D2T1,900.0,901.0,910.0,2.1599999999999997,limiar_ajustado,0.04135670579905613,False,False,frenagem,0.6
D2T1,910.0,911.0,920.0,8.684999999999999,limiar_ajustado,0.04096240332590395,False,False,parado,0.6
D2T1,920.0,921.0,930.0,22.55,limiar_ajustado,0.8244067836897926,True,True,demanda_alta,0.6
D2T1,930.0,931.0,940.0,11.690000000000001,limiar_ajustado,0.8442989053381557,False,True,demanda_alta,0.6
D2T1,940.0,941.0,950.0,15.309999999999999,limiar_ajustado,0.11474742497744847,False,False,movimento,0.6
D2T1,950.0,951.0,960.0,29.565000000000005,limiar_ajustado,0.8793961818578402,True,True,demanda_alta,0.6
D2T1,960.0,961.0,970.0,12.375,limiar_ajustado,0.8970553288168478,False,True,demanda_alta,0.6
D2T1,970.0,971.0,980.0,0.0,limiar_ajustado,0.1898934055265891,False,False,movimento,0.6
D2T1,980.0,981.0,990.0,0.0,limiar_ajustado,0.10464208166961893,False,False,movimento,0.6
D2T1,990.0,991.0,1000.0,0.525,limiar_ajustado,0.06686709960237104,False,False,movimento,0.6
D2T1,1000.0,1001.0,1010.0,8.265,limiar_ajustado,0.5124618963424975,False,False,movimento,0.6
D2T1,1010.0,1011.0,1020.0,12.19,limiar_ajustado,0.3316349842517166,False,False,movimento,0.6
D2T1,1020.0,1021.0,1030.0,16.395,limiar_ajustado,0.5740629183488035,True,False,movimento,0.6
D2T1,1030.0,1031.0,1040.0,15.38,limiar_ajustado,0.6418705210807609,False,True,movimento,0.6
D2T1,1040.0,1041.0,1050.0,14.375,limiar_ajustado,0.8777610722740864,False,True,demanda_alta,0.6
D2T1,1050.0,1051.0,1060.0,0.0,limiar_ajustado,0.1332488477649143,False,False,movimento,0.6
D2T1,1060.0,1061.0,1070.0,1.5400000000000003,limiar_ajustado,0.0941192617665048,False,False,frenagem,0.6
D2T1,1070.0,1071.0,1080.0,17.060000000000002,limiar_ajustado,0.15661999334802046,True,False,parado,0.6
D2T1,1080.0,1081.0,1090.0,32.775,limiar_ajustado,0.8661074942101125,True,True,demanda_alta,0.6
D2T1,1090.0,1091.0,1100.0,31.370000000000005,limiar_ajustado,0.8864207669413406,True,True,demanda_alta,0.6
D2T1,1100.0,1101.0,1110.0,31.105,limiar_ajustado,0.8850071351895216,True,True,demanda_alta,0.6
D2T1,1110.0,1111.0,1120.0,31.275,limiar_ajustado,0.6878818737439464,True,True,movimento,0.6
D2T1,1120.0,1121.0,1130.0,35.47,limiar_ajustado,0.8753620303408677,True,True,demanda_alta,0.6
D2T1,1130.0,1131.0,1140.0,22.455000000000002,limiar_ajustado,0.8757750382877759,True,True,demanda_alta,0.6
D2T1,1140.0,1141.0,1150.0,11.72,limiar_ajustado,0.6106178559710321,False,True,movimento,0.6
D2T1,1150.0,1151.0,1160.0,4.4799999999999995,limiar_ajustado,0.42348855896264204,False,False,movimento,0.6
D2T1,1160.0,1161.0,1170.0,12.440000000000001,limiar_ajustado,0.16372027189811889,False,False,movimento,0.6
D2T1,1170.0,1171.0,1180.0,16.32,limiar_ajustado,0.6572556919666535,True,True,movimento,0.6
D2T1,1180.0,1181.0,1190.0,11.639999999999997,limiar_ajustado,0.5344310235277971,False,False,movimento,0.6
D2T1,1190.0,1191.0,1200.0,20.580000000000002,limiar_ajustado,0.5769856096741738,True,False,movimento,0.6
D2T1,1200.0,1201.0,1210.0,22.974999999999998,limiar_ajustado,0.6522106808485566,True,True,demanda_alta,0.6
D2T1,1210.0,1211.0,1220.0,22.220000000000002,limiar_ajustado,0.7925309381406541,True,True,demanda_alta,0.6
D2T1,1220.0,1221.0,1230.0,23.15,limiar_ajustado,0.7674428380516273,True,True,demanda_alta,0.6
D2T1,1230.0,1231.0,1240.0,26.72,limiar_ajustado,0.8226643516490497,True,True,demanda_alta,0.6
D2T1,1240.0,1241.0,1250.0,42.12499999999999,limiar_ajustado,0.9146687417410027,True,True,demanda_alta,0.6
D2T1,1250.0,1251.0,1260.0,44.715,limiar_ajustado,0.913564386325706,True,True,demanda_alta,0.6
D2T1,1260.0,1261.0,1270.0,35.34499999999999,limiar_ajustado,0.8902894886437192,True,True,demanda_alta,0.6
D2T1,1270.0,1271.0,1280.0,32.49,limiar_ajustado,0.8833512086275532,True,True,demanda_alta,0.6
D2T1,1280.0,1281.0,1290.0,25.29,limiar_ajustado,0.6542934007642017,True,True,movimento,0.6
D2T1,1290.0,1291.0,1300.0,28.609999999999996,limiar_ajustado,0.8880615982518146,True,True,demanda_alta,0.6
D2T1,1300.0,1301.0,1310.0,8.684999999999999,limiar_ajustado,0.8340749361715096,False,True,demanda_alta,0.6
D2T1,1310.0,1311.0,1320.0,0.0,limiar_ajustado,0.14986495081712467,False,False,movimento,0.6
D2T1,1320.0,1321.0,1330.0,0.0,limiar_ajustado,0.06676943120125337,False,False,movimento,0.6
D2T1,1330.0,1331.0,1340.0,2.9899999999999998,limiar_ajustado,0.06426232913327229,False,False,movimento,0.6
D2T1,1340.0,1341.0,1350.0,15.875,limiar_ajustado,0.5172105856185015,False,False,movimento,0.6
D2T1,1350.0,1351.0,1360.0,6.67,limiar_ajustado,0.5629136572965494,False,False,movimento,0.6
D2T1,1360.0,1361.0,1370.0,0.0,limiar_ajustado,0.13211692830194705,False,False,movimento,0.6
D2T1,1370.0,1371.0,1380.0,8.830000000000002,limiar_ajustado,0.06503155990250306,False,False,movimento,0.6
D2T1,1380.0,1381.0,1390.0,34.19499999999999,limiar_ajustado,0.8211861512929484,True,True,demanda_alta,0.6
D2T1,1390.0,1391.0,1400.0,28.759999999999998,limiar_ajustado,0.8154973264333891,True,True,demanda_alta,0.6
D2T1,1400.0,1401.0,1410.0,9.01,limiar_ajustado,0.9073020537489154,False,True,demanda_alta,0.6
D2T1,1410.0,1411.0,1420.0,0.0,limiar_ajustado,0.1333816123797279,False,False,movimento,0.6
D2T1,1420.0,1421.0,1430.0,0.0,limiar_ajustado,0.08622034242919656,False,False,movimento,0.6
D2T1,1430.0,1431.0,1440.0,0.0,limiar_ajustado,0.08673812101687274,False,False,movimento,0.6
D2T1,1440.0,1441.0,1450.0,0.0,limiar_ajustado,0.09686132666979581,False,False,movimento,0.6
D2T1,1450.0,1451.0,1460.0,0.0,limiar_ajustado,0.07567487652310304,False,False,frenagem,0.6
D2T1,1460.0,1461.0,1470.0,0.0,limiar_ajustado,0.06730604360914913,False,False,frenagem,0.6
D2T1,1470.0,1471.0,1480.0,0.0,limiar_ajustado,0.10610522005316116,False,False,movimento,0.6
D2T1,1480.0,1481.0,1490.0,0.0,limiar_ajustado,0.09101418354200165,False,False,movimento,0.6
D2T1,1490.0,1491.0,1500.0,0.0,limiar_ajustado,0.0884870096289582,False,False,movimento,0.6
D2T1,1500.0,1501.0,1510.0,0.9950000000000001,limiar_ajustado,0.09831412775009817,False,False,frenagem,0.6
D2T1,1510.0,1511.0,1520.0,2.975,limiar_ajustado,0.18519971337043611,False,False,frenagem,0.6
D2T1,1520.0,1521.0,1530.0,13.514999999999997,limiar_ajustado,0.23277021995189234,False,False,movimento,0.6
D2T1,1530.0,1531.0,1540.0,25.2,limiar_ajustado,0.6806655728718067,True,True,movimento,0.6
D2T1,1540.0,1541.0,1550.0,32.235,limiar_ajustado,0.8650021161157633,True,True,demanda_alta,0.6
D2T1,1550.0,1551.0,1560.0,27.24,limiar_ajustado,0.834884713609793,True,True,demanda_alta,0.6
D2T1,1560.0,1561.0,1570.0,3.3349999999999995,limiar_ajustado,0.5260038625693291,False,False,movimento,0.6
D2T1,1570.0,1571.0,1580.0,0.0,limiar_ajustado,0.16229370748382352,False,False,movimento,0.6
D2T1,1580.0,1581.0,1590.0,0.0,limiar_ajustado,0.05813567086129295,False,False,movimento,0.6
D2T1,1590.0,1591.0,1600.0,0.0,limiar_ajustado,0.09229239979400751,False,False,movimento,0.6
D2T1,1600.0,1601.0,1610.0,8.084999999999999,limiar_ajustado,0.08918000981685129,False,False,movimento,0.6
D2T1,1610.0,1611.0,1620.0,6.909999999999999,limiar_ajustado,0.3965869130667277,False,False,movimento,0.6
D2T1,1620.0,1621.0,1630.0,6.445,limiar_ajustado,0.30663944227005524,False,False,movimento,0.6
D2T1,1630.0,1631.0,1640.0,10.67,limiar_ajustado,0.34908983760361245,False,False,movimento,0.6
D2T1,1640.0,1641.0,1650.0,4.035,limiar_ajustado,0.5273673191078343,False,False,movimento,0.6
D2T1,1650.0,1651.0,1660.0,0.0,limiar_ajustado,0.13632141795509253,False,False,movimento,0.6
D2T1,1660.0,1661.0,1670.0,0.0,limiar_ajustado,0.067722999034881,False,False,movimento,0.6
D2T1,1670.0,1671.0,1680.0,0.55,limiar_ajustado,0.1254970218494984,False,False,frenagem,0.6
D2T1,1680.0,1681.0,1690.0,2.2600000000000007,limiar_ajustado,0.11503623323456656,False,False,frenagem,0.6
D2T1,1690.0,1691.0,1700.0,2.33,limiar_ajustado,0.06737307909964137,False,False,parado,0.6
