Experimento,Temp,target_start,target_end,fuel_future_sum,metodo,previsao,residuo,contexto
D1T1A,30.0,31.0,60.0,205.94999999999996,persistencia,396.0,190.05000000000004,movimento
D1T1A,60.0,61.0,90.0,114.85000000000001,persistencia,118.5,3.6499999999999915,movimento
D1T1A,90.0,91.0,120.0,115.7,persistencia,79.5,-36.2,parado
D1T1A,120.0,121.0,150.0,3.85,persistencia,0.0,-3.85,frenagem
D1T1A,150.0,151.0,180.0,527.4,persistencia,49.5,-477.9,frenagem
D1T1A,180.0,181.0,210.0,993.2,persistencia,181.5,-811.7,freio_fora_faixa
D1T1A,210.0,211.0,240.0,786.15,persistencia,1483.5,697.35,freio_fora_faixa
D1T1A,240.0,241.0,270.0,90.25,persistencia,453.0,362.75,movimento
D1T1A,270.0,271.0,300.0,783.95,persistencia,0.0,-783.95,freio_fora_faixa
D1T1A,300.0,301.0,330.0,578.4,persistencia,1408.5,830.1,demanda_alta
D1T1A,330.0,331.0,360.0,85.49999999999999,persistencia,309.0,223.5,movimento
D1T1A,360.0,361.0,390.0,68.19999999999999,persistencia,69.0,0.8000000000000114,parado
D1T1A,390.0,391.0,420.0,348.7,persistencia,69.0,-279.7,parado
D1T1A,420.0,421.0,450.0,570.4,persistencia,1183.5,613.1,demanda_alta
D1T1A,450.0,451.0,480.0,253.85,persistencia,316.5,62.650000000000006,freio_fora_faixa
D1T1A,480.0,481.0,510.0,490.65000000000003,persistencia,534.0,43.349999999999966,freio_fora_faixa
D1T1A,510.0,511.0,540.0,503.04999999999995,persistencia,424.5,-78.54999999999995,freio_fora_faixa
D1T1A,540.0,541.0,570.0,164.6,persistencia,0.0,-164.6,freio_fora_faixa
D1T1A,570.0,571.0,600.0,44.35,persistencia,943.5,899.15,demanda_alta
D1T1A,600.0,601.0,630.0,58.449999999999996,persistencia,0.0,-58.449999999999996,movimento
D1T1A,630.0,631.0,660.0,131.85,persistencia,400.5,268.65,movimento
D1T1A,660.0,661.0,690.0,71.35,persistencia,85.5,14.150000000000006,parado
D1T1A,690.0,691.0,720.0,536.45,persistencia,67.5,-468.95000000000005,parado
D1T1A,720.0,721.0,750.0,1121.55,persistencia,510.0,-611.55,movimento
D1T1A,750.0,751.0,780.0,414.70000000000005,persistencia,663.0,248.29999999999995,demanda_alta
D1T1A,780.0,781.0,810.0,7.55,persistencia,0.0,-7.55,frenagem
D1T1A,810.0,811.0,840.0,90.99999999999999,persistencia,82.5,-8.499999999999986,movimento
D1T1A,840.0,841.0,870.0,861.8,persistencia,69.0,-792.8,parado
D1T1A,870.0,871.0,900.0,215.39999999999998,persistencia,838.5,623.1,demanda_alta
D1T1A,900.0,901.0,930.0,87.75000000000003,persistencia,193.5,105.74999999999997,movimento
D1T1A,930.0,931.0,960.0,730.85,persistencia,72.0,-658.85,parado
D1T1A,960.0,961.0,990.0,0.0,persistencia,0.0,0.0,movimento
D1T1A,990.0,991.0,1020.0,2.5,persistencia,0.0,-2.5,frenagem
D1T1A,1020.0,1021.0,1050.0,144.55,persistencia,69.0,-75.55000000000001,freio_fora_faixa
D1T1A,1050.0,1051.0,1080.0,41.050000000000004,persistencia,0.0,-41.050000000000004,frenagem
D1T1A,1080.0,1081.0,1110.0,315.95000000000005,persistencia,82.5,-233.45000000000005,parado
D1T1A,1110.0,1111.0,1140.0,601.45,persistencia,142.5,-458.95000000000005,movimento
D1T1A,1140.0,1141.0,1170.0,136.85,persistencia,726.0,589.15,demanda_alta
D1T1A,1170.0,1171.0,1200.0,59.99999999999999,persistencia,0.0,-59.99999999999999,freio_fora_faixa
D1T1A,1200.0,1201.0,1230.0,396.45000000000005,persistencia,69.0,-327.45000000000005,parado
D1T1A,1230.0,1231.0,1260.0,284.95,persistencia,1401.0,1116.05,demanda_alta
D1T1A,1260.0,1261.0,1290.0,45.9,persistencia,798.0,752.1,demanda_alta
D1T1A,1290.0,1291.0,1320.0,67.8,persistencia,0.0,-67.8,freio_fora_faixa
D1T1A,1320.0,1321.0,1350.0,152.00000000000003,persistencia,69.0,-83.00000000000003,freio_fora_faixa
D1T1A,1350.0,1351.0,1380.0,183.20000000000002,persistencia,387.0,203.79999999999998,freio_fora_faixa
D1T1A,1380.0,1381.0,1410.0,113.64999999999999,persistencia,204.0,90.35000000000001,movimento
D1T1A,1410.0,1411.0,1440.0,690.85,persistencia,153.0,-537.85,movimento
D1T1A,1440.0,1441.0,1470.0,54.94999999999999,persistencia,0.0,-54.94999999999999,frenagem
D1T1A,1470.0,1471.0,1500.0,417.1500000000001,persistencia,177.0,-240.1500000000001,parado
D1T1A,1500.0,1501.0,1530.0,286.9,persistencia,264.0,-22.899999999999977,movimento
D1T1A,1530.0,1531.0,1560.0,483.45,persistencia,297.0,-186.45,movimento
D1T1A,1560.0,1561.0,1590.0,662.8000000000001,persistencia,1096.5,433.69999999999993,demanda_alta
D1T1A,1590.0,1591.0,1620.0,521.05,persistencia,937.5,416.45000000000005,demanda_alta
D1T1A,1620.0,1621.0,1650.0,582.3,persistencia,804.0,221.70000000000005,freio_fora_faixa
D1T1A,1650.0,1651.0,1680.0,76.55000000000001,persistencia,4.5,-72.05000000000001,movimento
D1T1A,1680.0,1681.0,1710.0,71.75,persistencia,79.5,7.75,parado
D1T1A,1710.0,1711.0,1740.0,842.3,persistencia,67.5,-774.8,parado
D1T1A,1740.0,1741.0,1770.0,719.8499999999999,persistencia,1266.0,546.1500000000001,demanda_alta
D1T1A,1770.0,1771.0,1800.0,480.15000000000003,persistencia,1339.5,859.3499999999999,demanda_alta
D1T1A,1800.0,1801.0,1830.0,67.15,persistencia,0.0,-67.15,frenagem
D1T1A,1830.0,1831.0,1860.0,192.20000000000002,persistencia,82.5,-109.70000000000002,parado
D1T1A,1860.0,1861.0,1890.0,386.15,persistencia,580.5,194.35000000000002,demanda_alta
D1T1A,1890.0,1891.0,1920.0,122.2,persistencia,414.0,291.8,movimento
D1T1A,1920.0,1921.0,1950.0,409.5,persistencia,0.0,-409.5,frenagem
D1T1A,1950.0,1951.0,1980.0,216.54999999999998,persistencia,762.0,545.45,demanda_alta
D1T1A,30.0,31.0,60.0,205.94999999999996,mediana_treino,182.59999999999997,-23.349999999999994,movimento
D1T1A,60.0,61.0,90.0,114.85000000000001,mediana_treino,182.59999999999997,67.74999999999996,movimento
D1T1A,90.0,91.0,120.0,115.7,mediana_treino,182.59999999999997,66.89999999999996,parado
D1T1A,120.0,121.0,150.0,3.85,mediana_treino,182.59999999999997,178.74999999999997,frenagem
D1T1A,150.0,151.0,180.0,527.4,mediana_treino,182.59999999999997,-344.8,frenagem
D1T1A,180.0,181.0,210.0,993.2,mediana_treino,182.59999999999997,-810.6000000000001,freio_fora_faixa
D1T1A,210.0,211.0,240.0,786.15,mediana_treino,182.59999999999997,-603.55,freio_fora_faixa
D1T1A,240.0,241.0,270.0,90.25,mediana_treino,182.59999999999997,92.34999999999997,movimento
D1T1A,270.0,271.0,300.0,783.95,mediana_treino,182.59999999999997,-601.3500000000001,freio_fora_faixa
D1T1A,300.0,301.0,330.0,578.4,mediana_treino,182.59999999999997,-395.8,demanda_alta
D1T1A,330.0,331.0,360.0,85.49999999999999,mediana_treino,182.59999999999997,97.09999999999998,movimento
D1T1A,360.0,361.0,390.0,68.19999999999999,mediana_treino,182.59999999999997,114.39999999999998,parado
D1T1A,390.0,391.0,420.0,348.7,mediana_treino,182.59999999999997,-166.10000000000002,parado
D1T1A,420.0,421.0,450.0,570.4,mediana_treino,182.59999999999997,-387.8,demanda_alta
D1T1A,450.0,451.0,480.0,253.85,mediana_treino,182.59999999999997,-71.25000000000003,freio_fora_faixa
D1T1A,480.0,481.0,510.0,490.65000000000003,mediana_treino,182.59999999999997,-308.05000000000007,freio_fora_faixa
D1T1A,510.0,511.0,540.0,503.04999999999995,mediana_treino,182.59999999999997,-320.45,freio_fora_faixa
D1T1A,540.0,541.0,570.0,164.6,mediana_treino,182.59999999999997,17.99999999999997,freio_fora_faixa
D1T1A,570.0,571.0,600.0,44.35,mediana_treino,182.59999999999997,138.24999999999997,demanda_alta
D1T1A,600.0,601.0,630.0,58.449999999999996,mediana_treino,182.59999999999997,124.14999999999998,movimento
D1T1A,630.0,631.0,660.0,131.85,mediana_treino,182.59999999999997,50.74999999999997,movimento
D1T1A,660.0,661.0,690.0,71.35,mediana_treino,182.59999999999997,111.24999999999997,parado
D1T1A,690.0,691.0,720.0,536.45,mediana_treino,182.59999999999997,-353.8500000000001,parado
D1T1A,720.0,721.0,750.0,1121.55,mediana_treino,182.59999999999997,-938.95,movimento
D1T1A,750.0,751.0,780.0,414.70000000000005,mediana_treino,182.59999999999997,-232.10000000000008,demanda_alta
D1T1A,780.0,781.0,810.0,7.55,mediana_treino,182.59999999999997,175.04999999999995,frenagem
D1T1A,810.0,811.0,840.0,90.99999999999999,mediana_treino,182.59999999999997,91.59999999999998,movimento
D1T1A,840.0,841.0,870.0,861.8,mediana_treino,182.59999999999997,-679.2,parado
D1T1A,870.0,871.0,900.0,215.39999999999998,mediana_treino,182.59999999999997,-32.80000000000001,demanda_alta
D1T1A,900.0,901.0,930.0,87.75000000000003,mediana_treino,182.59999999999997,94.84999999999994,movimento
D1T1A,930.0,931.0,960.0,730.85,mediana_treino,182.59999999999997,-548.25,parado
D1T1A,960.0,961.0,990.0,0.0,mediana_treino,182.59999999999997,182.59999999999997,movimento
D1T1A,990.0,991.0,1020.0,2.5,mediana_treino,182.59999999999997,180.09999999999997,frenagem
D1T1A,1020.0,1021.0,1050.0,144.55,mediana_treino,182.59999999999997,38.049999999999955,freio_fora_faixa
D1T1A,1050.0,1051.0,1080.0,41.050000000000004,mediana_treino,182.59999999999997,141.54999999999995,frenagem
D1T1A,1080.0,1081.0,1110.0,315.95000000000005,mediana_treino,182.59999999999997,-133.35000000000008,parado
D1T1A,1110.0,1111.0,1140.0,601.45,mediana_treino,182.59999999999997,-418.8500000000001,movimento
D1T1A,1140.0,1141.0,1170.0,136.85,mediana_treino,182.59999999999997,45.74999999999997,demanda_alta
D1T1A,1170.0,1171.0,1200.0,59.99999999999999,mediana_treino,182.59999999999997,122.59999999999997,freio_fora_faixa
D1T1A,1200.0,1201.0,1230.0,396.45000000000005,mediana_treino,182.59999999999997,-213.85000000000008,parado
D1T1A,1230.0,1231.0,1260.0,284.95,mediana_treino,182.59999999999997,-102.35000000000002,demanda_alta
D1T1A,1260.0,1261.0,1290.0,45.9,mediana_treino,182.59999999999997,136.69999999999996,demanda_alta
D1T1A,1290.0,1291.0,1320.0,67.8,mediana_treino,182.59999999999997,114.79999999999997,freio_fora_faixa
D1T1A,1320.0,1321.0,1350.0,152.00000000000003,mediana_treino,182.59999999999997,30.599999999999937,freio_fora_faixa
D1T1A,1350.0,1351.0,1380.0,183.20000000000002,mediana_treino,182.59999999999997,-0.6000000000000512,freio_fora_faixa
D1T1A,1380.0,1381.0,1410.0,113.64999999999999,mediana_treino,182.59999999999997,68.94999999999997,movimento
D1T1A,1410.0,1411.0,1440.0,690.85,mediana_treino,182.59999999999997,-508.25000000000006,movimento
D1T1A,1440.0,1441.0,1470.0,54.94999999999999,mediana_treino,182.59999999999997,127.64999999999998,frenagem
D1T1A,1470.0,1471.0,1500.0,417.1500000000001,mediana_treino,182.59999999999997,-234.55000000000013,parado
D1T1A,1500.0,1501.0,1530.0,286.9,mediana_treino,182.59999999999997,-104.30000000000001,movimento
D1T1A,1530.0,1531.0,1560.0,483.45,mediana_treino,182.59999999999997,-300.85,movimento
D1T1A,1560.0,1561.0,1590.0,662.8000000000001,mediana_treino,182.59999999999997,-480.2000000000001,demanda_alta
D1T1A,1590.0,1591.0,1620.0,521.05,mediana_treino,182.59999999999997,-338.45,demanda_alta
D1T1A,1620.0,1621.0,1650.0,582.3,mediana_treino,182.59999999999997,-399.7,freio_fora_faixa
D1T1A,1650.0,1651.0,1680.0,76.55000000000001,mediana_treino,182.59999999999997,106.04999999999995,movimento
D1T1A,1680.0,1681.0,1710.0,71.75,mediana_treino,182.59999999999997,110.84999999999997,parado
D1T1A,1710.0,1711.0,1740.0,842.3,mediana_treino,182.59999999999997,-659.7,parado
D1T1A,1740.0,1741.0,1770.0,719.8499999999999,mediana_treino,182.59999999999997,-537.25,demanda_alta
D1T1A,1770.0,1771.0,1800.0,480.15000000000003,mediana_treino,182.59999999999997,-297.55000000000007,demanda_alta
D1T1A,1800.0,1801.0,1830.0,67.15,mediana_treino,182.59999999999997,115.44999999999996,frenagem
D1T1A,1830.0,1831.0,1860.0,192.20000000000002,mediana_treino,182.59999999999997,-9.600000000000051,parado
D1T1A,1860.0,1861.0,1890.0,386.15,mediana_treino,182.59999999999997,-203.55,demanda_alta
D1T1A,1890.0,1891.0,1920.0,122.2,mediana_treino,182.59999999999997,60.39999999999996,movimento
D1T1A,1920.0,1921.0,1950.0,409.5,mediana_treino,182.59999999999997,-226.90000000000003,frenagem
D1T1A,1950.0,1951.0,1980.0,216.54999999999998,mediana_treino,182.59999999999997,-33.95000000000002,demanda_alta
D1T1A,30.0,31.0,60.0,205.94999999999996,selecionado_sem_calibrar,253.86793944357598,47.91793944357602,movimento
D1T1A,60.0,61.0,90.0,114.85000000000001,selecionado_sem_calibrar,359.72106724841376,244.87106724841374,movimento
D1T1A,90.0,91.0,120.0,115.7,selecionado_sem_calibrar,292.4336624811767,176.73366248117674,parado
D1T1A,120.0,121.0,150.0,3.85,selecionado_sem_calibrar,283.8809135178409,280.0309135178409,frenagem
D1T1A,150.0,151.0,180.0,527.4,selecionado_sem_calibrar,123.88488053252935,-403.51511946747064,frenagem
D1T1A,180.0,181.0,210.0,993.2,selecionado_sem_calibrar,191.02443394433175,-802.1755660556682,freio_fora_faixa
D1T1A,210.0,211.0,240.0,786.15,selecionado_sem_calibrar,903.6742089601327,117.52420896013268,freio_fora_faixa
D1T1A,240.0,241.0,270.0,90.25,selecionado_sem_calibrar,451.05703938477933,360.80703938477933,movimento
D1T1A,270.0,271.0,300.0,783.95,selecionado_sem_calibrar,156.0446787856374,-627.9053212143626,freio_fora_faixa
D1T1A,300.0,301.0,330.0,578.4,selecionado_sem_calibrar,996.2474587304313,417.8474587304313,demanda_alta
D1T1A,330.0,331.0,360.0,85.49999999999999,selecionado_sem_calibrar,211.74037411933742,126.24037411933743,movimento
D1T1A,360.0,361.0,390.0,68.19999999999999,selecionado_sem_calibrar,160.95114489682854,92.75114489682855,parado
D1T1A,390.0,391.0,420.0,348.7,selecionado_sem_calibrar,90.62255920549032,-258.0774407945097,parado
D1T1A,420.0,421.0,450.0,570.4,selecionado_sem_calibrar,505.62848920412057,-64.77151079587941,demanda_alta
D1T1A,450.0,451.0,480.0,253.85,selecionado_sem_calibrar,331.5151579987683,77.66515799876831,freio_fora_faixa
D1T1A,480.0,481.0,510.0,490.65000000000003,selecionado_sem_calibrar,500.8046964561929,10.15469645619288,freio_fora_faixa
D1T1A,510.0,511.0,540.0,503.04999999999995,selecionado_sem_calibrar,228.08614632999826,-274.9638536700017,freio_fora_faixa
D1T1A,540.0,541.0,570.0,164.6,selecionado_sem_calibrar,77.14556260222105,-87.45443739777895,freio_fora_faixa
D1T1A,570.0,571.0,600.0,44.35,selecionado_sem_calibrar,637.0561687283719,592.7061687283718,demanda_alta
D1T1A,600.0,601.0,630.0,58.449999999999996,selecionado_sem_calibrar,111.21357432688292,52.763574326882924,movimento
D1T1A,630.0,631.0,660.0,131.85,selecionado_sem_calibrar,541.9607859027552,410.1107859027552,movimento
D1T1A,660.0,661.0,690.0,71.35,selecionado_sem_calibrar,198.90792254860855,127.55792254860856,parado
D1T1A,690.0,691.0,720.0,536.45,selecionado_sem_calibrar,109.486877243875,-426.963122756125,parado
D1T1A,720.0,721.0,750.0,1121.55,selecionado_sem_calibrar,578.5995171886509,-542.950482811349,movimento
D1T1A,750.0,751.0,780.0,414.70000000000005,selecionado_sem_calibrar,532.0255543665334,117.32555436653331,demanda_alta
D1T1A,780.0,781.0,810.0,7.55,selecionado_sem_calibrar,154.61629221979047,147.06629221979045,frenagem
D1T1A,810.0,811.0,840.0,90.99999999999999,selecionado_sem_calibrar,137.03429279292956,46.03429279292958,movimento
D1T1A,840.0,841.0,870.0,861.8,selecionado_sem_calibrar,205.58334470896355,-656.2166552910364,parado
D1T1A,870.0,871.0,900.0,215.39999999999998,selecionado_sem_calibrar,600.6772458202116,385.27724582021165,demanda_alta
D1T1A,900.0,901.0,930.0,87.75000000000003,selecionado_sem_calibrar,232.79407161652063,145.0440716165206,movimento
D1T1A,930.0,931.0,960.0,730.85,selecionado_sem_calibrar,146.45245743707662,-584.3975425629234,parado
D1T1A,960.0,961.0,990.0,0.0,selecionado_sem_calibrar,98.14955884927849,98.14955884927849,movimento
D1T1A,990.0,991.0,1020.0,2.5,selecionado_sem_calibrar,84.43865820909421,81.93865820909421,frenagem
D1T1A,1020.0,1021.0,1050.0,144.55,selecionado_sem_calibrar,156.34214682167334,11.792146821673327,freio_fora_faixa
D1T1A,1050.0,1051.0,1080.0,41.050000000000004,selecionado_sem_calibrar,62.253511817672084,21.20351181767208,frenagem
D1T1A,1080.0,1081.0,1110.0,315.95000000000005,selecionado_sem_calibrar,257.10026772669846,-58.84973227330158,parado
D1T1A,1110.0,1111.0,1140.0,601.45,selecionado_sem_calibrar,203.1215304960681,-398.32846950393196,movimento
D1T1A,1140.0,1141.0,1170.0,136.85,selecionado_sem_calibrar,645.6381061868766,508.7881061868766,demanda_alta
D1T1A,1170.0,1171.0,1200.0,59.99999999999999,selecionado_sem_calibrar,202.31828168526476,142.31828168526476,freio_fora_faixa
D1T1A,1200.0,1201.0,1230.0,396.45000000000005,selecionado_sem_calibrar,104.80723742098921,-291.6427625790108,parado
D1T1A,1230.0,1231.0,1260.0,284.95,selecionado_sem_calibrar,525.9974731716395,241.04747317163952,demanda_alta
D1T1A,1260.0,1261.0,1290.0,45.9,selecionado_sem_calibrar,510.8876115114369,464.9876115114369,demanda_alta
D1T1A,1290.0,1291.0,1320.0,67.8,selecionado_sem_calibrar,159.22052743189326,91.42052743189326,freio_fora_faixa
D1T1A,1320.0,1321.0,1350.0,152.00000000000003,selecionado_sem_calibrar,149.0207321291405,-2.9792678708595304,freio_fora_faixa
D1T1A,1350.0,1351.0,1380.0,183.20000000000002,selecionado_sem_calibrar,147.88629898957674,-35.31370101042327,freio_fora_faixa
D1T1A,1380.0,1381.0,1410.0,113.64999999999999,selecionado_sem_calibrar,323.18468340943434,209.53468340943436,movimento
D1T1A,1410.0,1411.0,1440.0,690.85,selecionado_sem_calibrar,330.2599501038836,-360.5900498961164,movimento
D1T1A,1440.0,1441.0,1470.0,54.94999999999999,selecionado_sem_calibrar,42.286421437016756,-12.663578562983233,frenagem
D1T1A,1470.0,1471.0,1500.0,417.1500000000001,selecionado_sem_calibrar,470.4065910597193,53.2565910597192,parado
D1T1A,1500.0,1501.0,1530.0,286.9,selecionado_sem_calibrar,178.57129134465282,-108.32870865534716,movimento
D1T1A,1530.0,1531.0,1560.0,483.45,selecionado_sem_calibrar,395.9128313792394,-87.53716862076061,movimento
D1T1A,1560.0,1561.0,1590.0,662.8000000000001,selecionado_sem_calibrar,1033.834839983982,371.0348399839819,demanda_alta
D1T1A,1590.0,1591.0,1620.0,521.05,selecionado_sem_calibrar,506.819407235329,-14.230592764670973,demanda_alta
D1T1A,1620.0,1621.0,1650.0,582.3,selecionado_sem_calibrar,308.8376416642733,-273.46235833572666,freio_fora_faixa
D1T1A,1650.0,1651.0,1680.0,76.55000000000001,selecionado_sem_calibrar,263.8325382320742,187.28253823207422,movimento
D1T1A,1680.0,1681.0,1710.0,71.75,selecionado_sem_calibrar,133.88613919404114,62.136139194041135,parado
D1T1A,1710.0,1711.0,1740.0,842.3,selecionado_sem_calibrar,188.93548951393973,-653.3645104860602,parado
D1T1A,1740.0,1741.0,1770.0,719.8499999999999,selecionado_sem_calibrar,537.036608582335,-182.8133914176649,demanda_alta
D1T1A,1770.0,1771.0,1800.0,480.15000000000003,selecionado_sem_calibrar,172.24729828802037,-307.90270171197966,demanda_alta
D1T1A,1800.0,1801.0,1830.0,67.15,selecionado_sem_calibrar,87.90259326146159,20.752593261461584,frenagem
D1T1A,1830.0,1831.0,1860.0,192.20000000000002,selecionado_sem_calibrar,251.703341101245,59.503341101244985,parado
D1T1A,1860.0,1861.0,1890.0,386.15,selecionado_sem_calibrar,740.5363192616383,354.3863192616383,demanda_alta
D1T1A,1890.0,1891.0,1920.0,122.2,selecionado_sem_calibrar,256.5860972393839,134.3860972393839,movimento
D1T1A,1920.0,1921.0,1950.0,409.5,selecionado_sem_calibrar,175.17047735107477,-234.32952264892523,frenagem
D1T1A,1950.0,1951.0,1980.0,216.54999999999998,selecionado_sem_calibrar,670.8373080598716,454.28730805987163,demanda_alta
D1T1A,30.0,31.0,60.0,205.94999999999996,selecionado_calibrado,224.1931680560924,18.24316805609243,movimento
D1T1A,60.0,61.0,90.0,114.85000000000001,selecionado_calibrado,330.0462958609302,215.19629586093015,movimento
D1T1A,90.0,91.0,120.0,115.7,selecionado_calibrado,262.75889109369314,147.05889109369315,parado
D1T1A,120.0,121.0,150.0,3.85,selecionado_calibrado,254.2061421303573,250.3561421303573,frenagem
D1T1A,150.0,151.0,180.0,527.4,selecionado_calibrado,94.21010914504576,-433.1898908549542,frenagem
D1T1A,180.0,181.0,210.0,993.2,selecionado_calibrado,161.34966255684816,-831.8503374431518,freio_fora_faixa
D1T1A,210.0,211.0,240.0,786.15,selecionado_calibrado,873.9994375726491,87.8494375726491,freio_fora_faixa
D1T1A,240.0,241.0,270.0,90.25,selecionado_calibrado,421.38226799729574,331.13226799729574,movimento
D1T1A,270.0,271.0,300.0,783.95,selecionado_calibrado,126.3699073981538,-657.5800926018462,freio_fora_faixa
D1T1A,300.0,301.0,330.0,578.4,selecionado_calibrado,966.5726873429477,388.1726873429477,demanda_alta
D1T1A,330.0,331.0,360.0,85.49999999999999,selecionado_calibrado,182.06560273185383,96.56560273185384,movimento
D1T1A,360.0,361.0,390.0,68.19999999999999,selecionado_calibrado,131.27637350934495,63.07637350934496,parado
D1T1A,390.0,391.0,420.0,348.7,selecionado_calibrado,60.94778781800673,-287.7522121819933,parado
D1T1A,420.0,421.0,450.0,570.4,selecionado_calibrado,475.953717816637,-94.446282183363,demanda_alta
D1T1A,450.0,451.0,480.0,253.85,selecionado_calibrado,301.8403866112847,47.99038661128472,freio_fora_faixa
D1T1A,480.0,481.0,510.0,490.65000000000003,selecionado_calibrado,471.1299250687093,-19.520074931290708,freio_fora_faixa
D1T1A,510.0,511.0,540.0,503.04999999999995,selecionado_calibrado,198.41137494251467,-304.6386250574853,freio_fora_faixa
D1T1A,540.0,541.0,570.0,164.6,selecionado_calibrado,47.47079121473746,-117.12920878526253,freio_fora_faixa
D1T1A,570.0,571.0,600.0,44.35,selecionado_calibrado,607.3813973408883,563.0313973408882,demanda_alta
D1T1A,600.0,601.0,630.0,58.449999999999996,selecionado_calibrado,81.53880293939933,23.088802939399336,movimento
D1T1A,630.0,631.0,660.0,131.85,selecionado_calibrado,512.2860145152716,380.4360145152716,movimento
D1T1A,660.0,661.0,690.0,71.35,selecionado_calibrado,169.23315116112497,97.88315116112497,parado
D1T1A,690.0,691.0,720.0,536.45,selecionado_calibrado,79.81210585639141,-456.6378941436086,parado
D1T1A,720.0,721.0,750.0,1121.55,selecionado_calibrado,548.9247458011673,-572.6252541988326,movimento
D1T1A,750.0,751.0,780.0,414.70000000000005,selecionado_calibrado,502.35078297904977,87.65078297904972,demanda_alta
D1T1A,780.0,781.0,810.0,7.55,selecionado_calibrado,124.94152083230688,117.39152083230688,frenagem
D1T1A,810.0,811.0,840.0,90.99999999999999,selecionado_calibrado,107.35952140544597,16.35952140544599,movimento
D1T1A,840.0,841.0,870.0,861.8,selecionado_calibrado,175.90857332147996,-685.89142667852,parado
D1T1A,870.0,871.0,900.0,215.39999999999998,selecionado_calibrado,571.002474432728,355.60247443272806,demanda_alta
D1T1A,900.0,901.0,930.0,87.75000000000003,selecionado_calibrado,203.11930022903704,115.36930022903701,movimento
D1T1A,930.0,931.0,960.0,730.85,selecionado_calibrado,116.77768604959303,-614.072313950407,parado
D1T1A,960.0,961.0,990.0,0.0,selecionado_calibrado,68.4747874617949,68.4747874617949,movimento
D1T1A,990.0,991.0,1020.0,2.5,selecionado_calibrado,54.763886821610626,52.263886821610626,frenagem
D1T1A,1020.0,1021.0,1050.0,144.55,selecionado_calibrado,126.66737543418975,-17.88262456581026,freio_fora_faixa
D1T1A,1050.0,1051.0,1080.0,41.050000000000004,selecionado_calibrado,32.57874043018849,-8.471259569811515,frenagem
D1T1A,1080.0,1081.0,1110.0,315.95000000000005,selecionado_calibrado,227.42549633921487,-88.52450366078517,parado
D1T1A,1110.0,1111.0,1140.0,601.45,selecionado_calibrado,173.4467591085845,-428.00324089141554,movimento
D1T1A,1140.0,1141.0,1170.0,136.85,selecionado_calibrado,615.963334799393,479.113334799393,demanda_alta
D1T1A,1170.0,1171.0,1200.0,59.99999999999999,selecionado_calibrado,172.64351029778118,112.64351029778118,freio_fora_faixa
D1T1A,1200.0,1201.0,1230.0,396.45000000000005,selecionado_calibrado,75.13246603350562,-321.3175339664944,parado
D1T1A,1230.0,1231.0,1260.0,284.95,selecionado_calibrado,496.3227017841559,211.37270178415594,demanda_alta
D1T1A,1260.0,1261.0,1290.0,45.9,selecionado_calibrado,481.2128401239533,435.3128401239533,demanda_alta
D1T1A,1290.0,1291.0,1320.0,67.8,selecionado_calibrado,129.54575604440967,61.745756044409674,freio_fora_faixa
D1T1A,1320.0,1321.0,1350.0,152.00000000000003,selecionado_calibrado,119.34596074165691,-32.65403925834312,freio_fora_faixa
D1T1A,1350.0,1351.0,1380.0,183.20000000000002,selecionado_calibrado,118.21152760209316,-64.98847239790686,freio_fora_faixa
D1T1A,1380.0,1381.0,1410.0,113.64999999999999,selecionado_calibrado,293.50991202195075,179.85991202195078,movimento
D1T1A,1410.0,1411.0,1440.0,690.85,selecionado_calibrado,300.58517871640004,-390.2648212836,movimento
D1T1A,1440.0,1441.0,1470.0,54.94999999999999,selecionado_calibrado,12.611650049533164,-42.33834995046682,frenagem
D1T1A,1470.0,1471.0,1500.0,417.1500000000001,selecionado_calibrado,440.7318196722357,23.58181967223561,parado
D1T1A,1500.0,1501.0,1530.0,286.9,selecionado_calibrado,148.89651995716923,-138.00348004283074,movimento
D1T1A,1530.0,1531.0,1560.0,483.45,selecionado_calibrado,366.2380599917558,-117.2119400082442,movimento
D1T1A,1560.0,1561.0,1590.0,662.8000000000001,selecionado_calibrado,1004.1600685964984,341.3600685964983,demanda_alta
D1T1A,1590.0,1591.0,1620.0,521.05,selecionado_calibrado,477.1446358478454,-43.90536415215456,demanda_alta
D1T1A,1620.0,1621.0,1650.0,582.3,selecionado_calibrado,279.1628702767897,-303.13712972321025,freio_fora_faixa
D1T1A,1650.0,1651.0,1680.0,76.55000000000001,selecionado_calibrado,234.15776684459064,157.60776684459063,movimento
D1T1A,1680.0,1681.0,1710.0,71.75,selecionado_calibrado,104.21136780655755,32.46136780655755,parado
D1T1A,1710.0,1711.0,1740.0,842.3,selecionado_calibrado,159.26071812645614,-683.0392818735438,parado
D1T1A,1740.0,1741.0,1770.0,719.8499999999999,selecionado_calibrado,507.36183719485143,-212.48816280514848,demanda_alta
D1T1A,1770.0,1771.0,1800.0,480.15000000000003,selecionado_calibrado,142.5725269005368,-337.57747309946325,demanda_alta
D1T1A,1800.0,1801.0,1830.0,67.15,selecionado_calibrado,58.227821873978,-8.922178126022004,frenagem
D1T1A,1830.0,1831.0,1860.0,192.20000000000002,selecionado_calibrado,222.0285697137614,29.828569713761397,parado
D1T1A,1860.0,1861.0,1890.0,386.15,selecionado_calibrado,710.8615478741547,324.7115478741547,demanda_alta
D1T1A,1890.0,1891.0,1920.0,122.2,selecionado_calibrado,226.9113258519003,104.7113258519003,movimento
D1T1A,1920.0,1921.0,1950.0,409.5,selecionado_calibrado,145.49570596359118,-264.00429403640885,frenagem
D1T1A,1950.0,1951.0,1980.0,216.54999999999998,selecionado_calibrado,641.162536672388,424.61253667238805,demanda_alta
D1T1B,30.0,31.0,60.0,502.7,persistencia,133.5,-369.2,movimento
D1T1B,60.0,61.0,90.0,9.05,persistencia,0.0,-9.05,movimento
D1T1B,90.0,91.0,120.0,82.25,persistencia,271.5,189.25,freio_fora_faixa
D1T1B,120.0,121.0,150.0,56.05,persistencia,0.0,-56.05,freio_fora_faixa
D1T1B,150.0,151.0,180.0,393.9,persistencia,73.5,-320.4,parado
D1T1B,180.0,181.0,210.0,0.0,persistencia,762.0,762.0,demanda_alta
D1T1B,210.0,211.0,240.0,94.4,persistencia,0.0,-94.4,movimento
D1T1B,240.0,241.0,270.0,13.65,persistencia,0.0,-13.65,frenagem
D1T1B,270.0,271.0,300.0,79.99999999999997,persistencia,82.5,2.5000000000000284,frenagem
D1T1B,300.0,301.0,330.0,69.39999999999999,persistencia,67.5,-1.8999999999999915,frenagem
D1T1B,330.0,331.0,360.0,68.94999999999999,persistencia,69.0,0.05000000000001137,parado
D1T1B,360.0,361.0,390.0,104.80000000000001,persistencia,69.0,-35.80000000000001,freio_fora_faixa
D1T1B,390.0,391.0,420.0,552.95,persistencia,342.0,-210.95000000000005,movimento
D1T1B,420.0,421.0,450.0,186.25,persistencia,1264.5,1078.25,demanda_alta
D1T1B,450.0,451.0,480.0,56.44999999999999,persistencia,0.0,-56.44999999999999,movimento
D1T1B,480.0,481.0,510.0,86.19999999999999,persistencia,67.5,-18.69999999999999,frenagem
D1T1B,510.0,511.0,540.0,177.85000000000005,persistencia,285.0,107.14999999999995,movimento
D1T1B,540.0,541.0,570.0,305.15,persistencia,109.5,-195.64999999999998,movimento
D1T1B,570.0,571.0,600.0,660.4,persistencia,261.0,-399.4,movimento
D1T1B,600.0,601.0,630.0,50.449999999999996,persistencia,0.0,-50.449999999999996,movimento
D1T1B,630.0,631.0,660.0,76.10000000000002,persistencia,69.0,-7.100000000000023,parado
D1T1B,660.0,661.0,690.0,80.25000000000003,persistencia,79.5,-0.7500000000000284,parado
D1T1B,690.0,691.0,720.0,185.45000000000002,persistencia,79.5,-105.95000000000002,parado
D1T1B,720.0,721.0,750.0,408.55,persistencia,79.5,-329.05,movimento
D1T1B,750.0,751.0,780.0,220.54999999999998,persistencia,1294.5,1073.95,demanda_alta
D1T1B,780.0,781.0,810.0,237.89999999999998,persistencia,0.0,-237.89999999999998,frenagem
D1T1B,810.0,811.0,840.0,75.24999999999999,persistencia,0.0,-75.24999999999999,movimento
D1T1B,840.0,841.0,870.0,845.55,persistencia,400.5,-445.04999999999995,movimento
D1T1B,870.0,871.0,900.0,1145.85,persistencia,1339.5,193.6500000000001,demanda_alta
D1T1B,900.0,901.0,930.0,470.84999999999997,persistencia,0.0,-470.84999999999997,freio_fora_faixa
D1T1B,930.0,931.0,960.0,288.15,persistencia,469.5,181.35000000000002,movimento
D1T1B,960.0,961.0,990.0,28.000000000000004,persistencia,0.0,-28.000000000000004,freio_fora_faixa
D1T1B,990.0,991.0,1020.0,529.9000000000001,persistencia,67.5,-462.4000000000001,frenagem
D1T1B,1020.0,1021.0,1050.0,704.75,persistencia,118.5,-586.25,freio_fora_faixa
D1T1B,1050.0,1051.0,1080.0,755.65,persistencia,1683.0,927.35,demanda_alta
D1T1B,1080.0,1081.0,1110.0,301.85,persistencia,0.0,-301.85,freio_fora_faixa
D1T1B,1110.0,1111.0,1140.0,11.299999999999999,persistencia,0.0,-11.299999999999999,frenagem
D1T1B,1140.0,1141.0,1170.0,73.85000000000001,persistencia,43.5,-30.35000000000001,movimento
D1T1B,1170.0,1171.0,1200.0,145.90000000000003,persistencia,70.5,-75.40000000000003,parado
D1T1B,1200.0,1201.0,1230.0,409.0,persistencia,48.0,-361.0,movimento
D1T1B,1230.0,1231.0,1260.0,357.8,persistencia,643.5,285.7,demanda_alta
D1T1B,1260.0,1261.0,1290.0,695.4,persistencia,0.0,-695.4,movimento
D1T1B,1290.0,1291.0,1320.0,731.2000000000002,persistencia,378.0,-353.20000000000016,movimento
D1T1B,1320.0,1321.0,1350.0,1148.85,persistencia,756.0,-392.8499999999999,demanda_alta
D1T1B,1350.0,1351.0,1380.0,191.75,persistencia,378.0,186.25,freio_fora_faixa
D1T1B,1380.0,1381.0,1410.0,179.39999999999998,persistencia,0.0,-179.39999999999998,movimento
D1T1B,1410.0,1411.0,1440.0,52.5,persistencia,0.0,-52.5,frenagem
D1T1B,1440.0,1441.0,1470.0,74.3,persistencia,85.5,11.200000000000003,parado
D1T1B,1470.0,1471.0,1500.0,0.0,persistencia,0.0,0.0,frenagem
D1T1B,1500.0,1501.0,1530.0,125.65,persistencia,0.0,-125.65,frenagem
D1T1B,1530.0,1531.0,1560.0,955.75,persistencia,1155.0,199.25,demanda_alta
D1T1B,1560.0,1561.0,1590.0,1160.0,persistencia,1705.5,545.5,demanda_alta
D1T1B,1590.0,1591.0,1620.0,0.0,persistencia,0.0,0.0,movimento
D1T1B,1620.0,1621.0,1650.0,0.0,persistencia,0.0,0.0,movimento
D1T1B,1650.0,1651.0,1680.0,341.8,persistencia,0.0,-341.8,freio_fora_faixa
D1T1B,1680.0,1681.0,1710.0,797.15,persistencia,1054.5,257.35,demanda_alta
D1T1B,1710.0,1711.0,1740.0,411.50000000000006,persistencia,922.5,510.99999999999994,freio_fora_faixa
D1T1B,1740.0,1741.0,1770.0,124.80000000000001,persistencia,349.5,224.7,freio_fora_faixa
D1T1B,30.0,31.0,60.0,502.7,mediana_treino,188.32500000000002,-314.375,movimento
D1T1B,60.0,61.0,90.0,9.05,mediana_treino,188.32500000000002,179.275,movimento
D1T1B,90.0,91.0,120.0,82.25,mediana_treino,188.32500000000002,106.07500000000002,freio_fora_faixa
D1T1B,120.0,121.0,150.0,56.05,mediana_treino,188.32500000000002,132.27500000000003,freio_fora_faixa
D1T1B,150.0,151.0,180.0,393.9,mediana_treino,188.32500000000002,-205.57499999999996,parado
D1T1B,180.0,181.0,210.0,0.0,mediana_treino,188.32500000000002,188.32500000000002,demanda_alta
D1T1B,210.0,211.0,240.0,94.4,mediana_treino,188.32500000000002,93.92500000000001,movimento
D1T1B,240.0,241.0,270.0,13.65,mediana_treino,188.32500000000002,174.675,frenagem
D1T1B,270.0,271.0,300.0,79.99999999999997,mediana_treino,188.32500000000002,108.32500000000005,frenagem
D1T1B,300.0,301.0,330.0,69.39999999999999,mediana_treino,188.32500000000002,118.92500000000003,frenagem
D1T1B,330.0,331.0,360.0,68.94999999999999,mediana_treino,188.32500000000002,119.37500000000003,parado
D1T1B,360.0,361.0,390.0,104.80000000000001,mediana_treino,188.32500000000002,83.525,freio_fora_faixa
D1T1B,390.0,391.0,420.0,552.95,mediana_treino,188.32500000000002,-364.625,movimento
D1T1B,420.0,421.0,450.0,186.25,mediana_treino,188.32500000000002,2.075000000000017,demanda_alta
D1T1B,450.0,451.0,480.0,56.44999999999999,mediana_treino,188.32500000000002,131.87500000000003,movimento
D1T1B,480.0,481.0,510.0,86.19999999999999,mediana_treino,188.32500000000002,102.12500000000003,frenagem
D1T1B,510.0,511.0,540.0,177.85000000000005,mediana_treino,188.32500000000002,10.474999999999966,movimento
D1T1B,540.0,541.0,570.0,305.15,mediana_treino,188.32500000000002,-116.82499999999996,movimento
D1T1B,570.0,571.0,600.0,660.4,mediana_treino,188.32500000000002,-472.07499999999993,movimento
D1T1B,600.0,601.0,630.0,50.449999999999996,mediana_treino,188.32500000000002,137.87500000000003,movimento
D1T1B,630.0,631.0,660.0,76.10000000000002,mediana_treino,188.32500000000002,112.225,parado
D1T1B,660.0,661.0,690.0,80.25000000000003,mediana_treino,188.32500000000002,108.07499999999999,parado
D1T1B,690.0,691.0,720.0,185.45000000000002,mediana_treino,188.32500000000002,2.875,parado
D1T1B,720.0,721.0,750.0,408.55,mediana_treino,188.32500000000002,-220.225,movimento
D1T1B,750.0,751.0,780.0,220.54999999999998,mediana_treino,188.32500000000002,-32.224999999999966,demanda_alta
D1T1B,780.0,781.0,810.0,237.89999999999998,mediana_treino,188.32500000000002,-49.57499999999996,frenagem
D1T1B,810.0,811.0,840.0,75.24999999999999,mediana_treino,188.32500000000002,113.07500000000003,movimento
D1T1B,840.0,841.0,870.0,845.55,mediana_treino,188.32500000000002,-657.2249999999999,movimento
D1T1B,870.0,871.0,900.0,1145.85,mediana_treino,188.32500000000002,-957.5249999999999,demanda_alta
D1T1B,900.0,901.0,930.0,470.84999999999997,mediana_treino,188.32500000000002,-282.525,freio_fora_faixa
D1T1B,930.0,931.0,960.0,288.15,mediana_treino,188.32500000000002,-99.82499999999996,movimento
D1T1B,960.0,961.0,990.0,28.000000000000004,mediana_treino,188.32500000000002,160.32500000000002,freio_fora_faixa
D1T1B,990.0,991.0,1020.0,529.9000000000001,mediana_treino,188.32500000000002,-341.57500000000005,frenagem
D1T1B,1020.0,1021.0,1050.0,704.75,mediana_treino,188.32500000000002,-516.425,freio_fora_faixa
D1T1B,1050.0,1051.0,1080.0,755.65,mediana_treino,188.32500000000002,-567.3249999999999,demanda_alta
D1T1B,1080.0,1081.0,1110.0,301.85,mediana_treino,188.32500000000002,-113.525,freio_fora_faixa
D1T1B,1110.0,1111.0,1140.0,11.299999999999999,mediana_treino,188.32500000000002,177.025,frenagem
D1T1B,1140.0,1141.0,1170.0,73.85000000000001,mediana_treino,188.32500000000002,114.47500000000001,movimento
D1T1B,1170.0,1171.0,1200.0,145.90000000000003,mediana_treino,188.32500000000002,42.42499999999998,parado
D1T1B,1200.0,1201.0,1230.0,409.0,mediana_treino,188.32500000000002,-220.67499999999998,movimento
D1T1B,1230.0,1231.0,1260.0,357.8,mediana_treino,188.32500000000002,-169.475,demanda_alta
D1T1B,1260.0,1261.0,1290.0,695.4,mediana_treino,188.32500000000002,-507.07499999999993,movimento
D1T1B,1290.0,1291.0,1320.0,731.2000000000002,mediana_treino,188.32500000000002,-542.8750000000001,movimento
D1T1B,1320.0,1321.0,1350.0,1148.85,mediana_treino,188.32500000000002,-960.5249999999999,demanda_alta
D1T1B,1350.0,1351.0,1380.0,191.75,mediana_treino,188.32500000000002,-3.424999999999983,freio_fora_faixa
D1T1B,1380.0,1381.0,1410.0,179.39999999999998,mediana_treino,188.32500000000002,8.92500000000004,movimento
D1T1B,1410.0,1411.0,1440.0,52.5,mediana_treino,188.32500000000002,135.82500000000002,frenagem
D1T1B,1440.0,1441.0,1470.0,74.3,mediana_treino,188.32500000000002,114.02500000000002,parado
D1T1B,1470.0,1471.0,1500.0,0.0,mediana_treino,188.32500000000002,188.32500000000002,frenagem
D1T1B,1500.0,1501.0,1530.0,125.65,mediana_treino,188.32500000000002,62.67500000000001,frenagem
D1T1B,1530.0,1531.0,1560.0,955.75,mediana_treino,188.32500000000002,-767.425,demanda_alta
D1T1B,1560.0,1561.0,1590.0,1160.0,mediana_treino,188.32500000000002,-971.675,demanda_alta
D1T1B,1590.0,1591.0,1620.0,0.0,mediana_treino,188.32500000000002,188.32500000000002,movimento
D1T1B,1620.0,1621.0,1650.0,0.0,mediana_treino,188.32500000000002,188.32500000000002,movimento
D1T1B,1650.0,1651.0,1680.0,341.8,mediana_treino,188.32500000000002,-153.475,freio_fora_faixa
D1T1B,1680.0,1681.0,1710.0,797.15,mediana_treino,188.32500000000002,-608.8249999999999,demanda_alta
D1T1B,1710.0,1711.0,1740.0,411.50000000000006,mediana_treino,188.32500000000002,-223.17500000000004,freio_fora_faixa
D1T1B,1740.0,1741.0,1770.0,124.80000000000001,mediana_treino,188.32500000000002,63.525000000000006,freio_fora_faixa
D1T1B,30.0,31.0,60.0,502.7,selecionado_sem_calibrar,396.9085117908462,-105.79148820915378,movimento
D1T1B,60.0,61.0,90.0,9.05,selecionado_sem_calibrar,223.0240835569057,213.9740835569057,movimento
D1T1B,90.0,91.0,120.0,82.25,selecionado_sem_calibrar,161.62519705869843,79.37519705869843,freio_fora_faixa
D1T1B,120.0,121.0,150.0,56.05,selecionado_sem_calibrar,125.64024188380472,69.59024188380472,freio_fora_faixa
D1T1B,150.0,151.0,180.0,393.9,selecionado_sem_calibrar,358.91814537968753,-34.98185462031245,parado
D1T1B,180.0,181.0,210.0,0.0,selecionado_sem_calibrar,175.02509260325868,175.02509260325868,demanda_alta
D1T1B,210.0,211.0,240.0,94.4,selecionado_sem_calibrar,30.313176308784367,-64.08682369121564,movimento
D1T1B,240.0,241.0,270.0,13.65,selecionado_sem_calibrar,18.07372567550207,4.423725675502071,frenagem
D1T1B,270.0,271.0,300.0,79.99999999999997,selecionado_sem_calibrar,182.53089358363675,102.53089358363678,frenagem
D1T1B,300.0,301.0,330.0,69.39999999999999,selecionado_sem_calibrar,140.27801768835891,70.87801768835892,frenagem
D1T1B,330.0,331.0,360.0,68.94999999999999,selecionado_sem_calibrar,278.0973343473357,209.1473343473357,parado
D1T1B,360.0,361.0,390.0,104.80000000000001,selecionado_sem_calibrar,367.14316549951656,262.34316549951654,freio_fora_faixa
D1T1B,390.0,391.0,420.0,552.95,selecionado_sem_calibrar,424.02277559322226,-128.92722440677778,movimento
D1T1B,420.0,421.0,450.0,186.25,selecionado_sem_calibrar,802.5819156240809,616.3319156240809,demanda_alta
D1T1B,450.0,451.0,480.0,56.44999999999999,selecionado_sem_calibrar,143.28133684035038,86.83133684035039,movimento
D1T1B,480.0,481.0,510.0,86.19999999999999,selecionado_sem_calibrar,409.79830854053625,323.59830854053627,frenagem
D1T1B,510.0,511.0,540.0,177.85000000000005,selecionado_sem_calibrar,270.8168151895964,92.96681518959636,movimento
D1T1B,540.0,541.0,570.0,305.15,selecionado_sem_calibrar,274.07067163948227,-31.079328360517707,movimento
D1T1B,570.0,571.0,600.0,660.4,selecionado_sem_calibrar,602.6705065427435,-57.72949345725647,movimento
D1T1B,600.0,601.0,630.0,50.449999999999996,selecionado_sem_calibrar,66.68314770325524,16.23314770325525,movimento
D1T1B,630.0,631.0,660.0,76.10000000000002,selecionado_sem_calibrar,318.0761512496751,241.97615124967507,parado
D1T1B,660.0,661.0,690.0,80.25000000000003,selecionado_sem_calibrar,254.2025754005015,173.95257540050147,parado
D1T1B,690.0,691.0,720.0,185.45000000000002,selecionado_sem_calibrar,193.80609122849125,8.356091228491238,parado
D1T1B,720.0,721.0,750.0,408.55,selecionado_sem_calibrar,501.97639182220917,93.42639182220915,movimento
D1T1B,750.0,751.0,780.0,220.54999999999998,selecionado_sem_calibrar,453.5434382269023,232.99343822690233,demanda_alta
D1T1B,780.0,781.0,810.0,237.89999999999998,selecionado_sem_calibrar,240.35887609628182,2.4588760962818412,frenagem
D1T1B,810.0,811.0,840.0,75.24999999999999,selecionado_sem_calibrar,229.51982825198945,154.26982825198945,movimento
D1T1B,840.0,841.0,870.0,845.55,selecionado_sem_calibrar,359.85347958740454,-485.6965204125954,movimento
D1T1B,870.0,871.0,900.0,1145.85,selecionado_sem_calibrar,505.2536040852013,-640.5963959147987,demanda_alta
D1T1B,900.0,901.0,930.0,470.84999999999997,selecionado_sem_calibrar,187.8237720677116,-283.0262279322884,freio_fora_faixa
D1T1B,930.0,931.0,960.0,288.15,selecionado_sem_calibrar,119.31757720190573,-168.83242279809423,movimento
D1T1B,960.0,961.0,990.0,28.000000000000004,selecionado_sem_calibrar,73.24811040278172,45.24811040278172,freio_fora_faixa
D1T1B,990.0,991.0,1020.0,529.9000000000001,selecionado_sem_calibrar,396.52374595262756,-133.37625404737253,frenagem
D1T1B,1020.0,1021.0,1050.0,704.75,selecionado_sem_calibrar,46.674492123865676,-658.0755078761343,freio_fora_faixa
D1T1B,1050.0,1051.0,1080.0,755.65,selecionado_sem_calibrar,846.7976569137646,91.14765691376465,demanda_alta
D1T1B,1080.0,1081.0,1110.0,301.85,selecionado_sem_calibrar,104.52372512013972,-197.3262748798603,freio_fora_faixa
D1T1B,1110.0,1111.0,1140.0,11.299999999999999,selecionado_sem_calibrar,0.0,-11.299999999999999,frenagem
D1T1B,1140.0,1141.0,1170.0,73.85000000000001,selecionado_sem_calibrar,432.0181560364222,358.1681560364222,movimento
D1T1B,1170.0,1171.0,1200.0,145.90000000000003,selecionado_sem_calibrar,409.2126597212598,263.31265972125976,parado
D1T1B,1200.0,1201.0,1230.0,409.0,selecionado_sem_calibrar,400.9985685766039,-8.001431423396127,movimento
D1T1B,1230.0,1231.0,1260.0,357.8,selecionado_sem_calibrar,368.1394087527167,10.339408752716679,demanda_alta
D1T1B,1260.0,1261.0,1290.0,695.4,selecionado_sem_calibrar,166.47379750134797,-528.926202498652,movimento
D1T1B,1290.0,1291.0,1320.0,731.2000000000002,selecionado_sem_calibrar,110.8704228250617,-620.3295771749384,movimento
D1T1B,1320.0,1321.0,1350.0,1148.85,selecionado_sem_calibrar,260.1917142090519,-888.658285790948,demanda_alta
D1T1B,1350.0,1351.0,1380.0,191.75,selecionado_sem_calibrar,17.727498363991476,-174.0225016360085,freio_fora_faixa
D1T1B,1380.0,1381.0,1410.0,179.39999999999998,selecionado_sem_calibrar,216.24196704073424,36.84196704073426,movimento
D1T1B,1410.0,1411.0,1440.0,52.5,selecionado_sem_calibrar,217.9673672208971,165.4673672208971,frenagem
D1T1B,1440.0,1441.0,1470.0,74.3,selecionado_sem_calibrar,387.64274209818177,313.34274209818176,parado
D1T1B,1470.0,1471.0,1500.0,0.0,selecionado_sem_calibrar,30.568331069857663,30.568331069857663,frenagem
D1T1B,1500.0,1501.0,1530.0,125.65,selecionado_sem_calibrar,154.24972332791162,28.59972332791162,frenagem
D1T1B,1530.0,1531.0,1560.0,955.75,selecionado_sem_calibrar,603.9224704347766,-351.82752956522336,demanda_alta
D1T1B,1560.0,1561.0,1590.0,1160.0,selecionado_sem_calibrar,625.3049796806284,-534.6950203193716,demanda_alta
D1T1B,1590.0,1591.0,1620.0,0.0,selecionado_sem_calibrar,73.6021931094892,73.6021931094892,movimento
D1T1B,1620.0,1621.0,1650.0,0.0,selecionado_sem_calibrar,51.152410629094945,51.152410629094945,movimento
D1T1B,1650.0,1651.0,1680.0,341.8,selecionado_sem_calibrar,197.19479921621706,-144.60520078378295,freio_fora_faixa
D1T1B,1680.0,1681.0,1710.0,797.15,selecionado_sem_calibrar,451.23894444599784,-345.91105555400213,demanda_alta
D1T1B,1710.0,1711.0,1740.0,411.50000000000006,selecionado_sem_calibrar,648.3964018513516,236.89640185135153,freio_fora_faixa
D1T1B,1740.0,1741.0,1770.0,124.80000000000001,selecionado_sem_calibrar,329.8086890057632,205.0086890057632,freio_fora_faixa
D1T1B,30.0,31.0,60.0,502.7,selecionado_calibrado,396.26886846986656,-106.43113153013343,movimento
D1T1B,60.0,61.0,90.0,9.05,selecionado_calibrado,222.38444023592606,213.33444023592605,movimento
D1T1B,90.0,91.0,120.0,82.25,selecionado_calibrado,160.9855537377188,78.73555373771879,freio_fora_faixa
D1T1B,120.0,121.0,150.0,56.05,selecionado_calibrado,125.00059856282508,68.95059856282508,freio_fora_faixa
D1T1B,150.0,151.0,180.0,393.9,selecionado_calibrado,358.2785020587079,-35.62149794129209,parado
D1T1B,180.0,181.0,210.0,0.0,selecionado_calibrado,174.38544928227904,174.38544928227904,demanda_alta
D1T1B,210.0,211.0,240.0,94.4,selecionado_calibrado,29.67353298780472,-64.72646701219529,movimento
D1T1B,240.0,241.0,270.0,13.65,selecionado_calibrado,17.434082354522424,3.7840823545224236,frenagem
D1T1B,270.0,271.0,300.0,79.99999999999997,selecionado_calibrado,181.8912502626571,101.89125026265714,frenagem
D1T1B,300.0,301.0,330.0,69.39999999999999,selecionado_calibrado,139.63837436737927,70.23837436737928,frenagem
D1T1B,330.0,331.0,360.0,68.94999999999999,selecionado_calibrado,277.45769102635603,208.50769102635604,parado
D1T1B,360.0,361.0,390.0,104.80000000000001,selecionado_calibrado,366.5035221785369,261.7035221785369,freio_fora_faixa
D1T1B,390.0,391.0,420.0,552.95,selecionado_calibrado,423.3831322722426,-129.56686772775743,movimento
D1T1B,420.0,421.0,450.0,186.25,selecionado_calibrado,801.9422723031013,615.6922723031013,demanda_alta
D1T1B,450.0,451.0,480.0,56.44999999999999,selecionado_calibrado,142.64169351937073,86.19169351937074,movimento
D1T1B,480.0,481.0,510.0,86.19999999999999,selecionado_calibrado,409.1586652195566,322.9586652195566,frenagem
D1T1B,510.0,511.0,540.0,177.85000000000005,selecionado_calibrado,270.17717186861677,92.32717186861672,movimento
D1T1B,540.0,541.0,570.0,305.15,selecionado_calibrado,273.4310283185026,-31.71897168149735,movimento
D1T1B,570.0,571.0,600.0,660.4,selecionado_calibrado,602.0308632217639,-58.36913677823611,movimento
D1T1B,600.0,601.0,630.0,50.449999999999996,selecionado_calibrado,66.0435043822756,15.593504382275604,movimento
D1T1B,630.0,631.0,660.0,76.10000000000002,selecionado_calibrado,317.43650792869545,241.33650792869543,parado
D1T1B,660.0,661.0,690.0,80.25000000000003,selecionado_calibrado,253.56293207952186,173.31293207952183,parado
D1T1B,690.0,691.0,720.0,185.45000000000002,selecionado_calibrado,193.1664479075116,7.7164479075115935,parado
D1T1B,720.0,721.0,750.0,408.55,selecionado_calibrado,501.3367485012295,92.78674850122951,movimento
D1T1B,750.0,751.0,780.0,220.54999999999998,selecionado_calibrado,452.90379490592267,232.35379490592268,demanda_alta
D1T1B,780.0,781.0,810.0,237.89999999999998,selecionado_calibrado,239.71923277530217,1.819232775302197,frenagem
D1T1B,810.0,811.0,840.0,75.24999999999999,selecionado_calibrado,228.8801849310098,153.6301849310098,movimento
D1T1B,840.0,841.0,870.0,845.55,selecionado_calibrado,359.2138362664249,-486.33616373357506,movimento
D1T1B,870.0,871.0,900.0,1145.85,selecionado_calibrado,504.61396076422164,-641.2360392357782,demanda_alta
D1T1B,900.0,901.0,930.0,470.84999999999997,selecionado_calibrado,187.18412874673194,-283.66587125326805,freio_fora_faixa
D1T1B,930.0,931.0,960.0,288.15,selecionado_calibrado,118.67793388092609,-169.47206611907387,movimento
D1T1B,960.0,961.0,990.0,28.000000000000004,selecionado_calibrado,72.60846708180208,44.608467081802075,freio_fora_faixa
D1T1B,990.0,991.0,1020.0,529.9000000000001,selecionado_calibrado,395.8841026316479,-134.01589736835217,frenagem
D1T1B,1020.0,1021.0,1050.0,704.75,selecionado_calibrado,46.034848802886025,-658.715151197114,freio_fora_faixa
D1T1B,1050.0,1051.0,1080.0,755.65,selecionado_calibrado,846.158013592785,90.508013592785,demanda_alta
D1T1B,1080.0,1081.0,1110.0,301.85,selecionado_calibrado,103.88408179916007,-197.96591820083995,freio_fora_faixa
D1T1B,1110.0,1111.0,1140.0,11.299999999999999,selecionado_calibrado,0.0,-11.299999999999999,frenagem
D1T1B,1140.0,1141.0,1170.0,73.85000000000001,selecionado_calibrado,431.3785127154426,357.52851271544256,movimento
D1T1B,1170.0,1171.0,1200.0,145.90000000000003,selecionado_calibrado,408.57301640028015,262.6730164002801,parado
D1T1B,1200.0,1201.0,1230.0,409.0,selecionado_calibrado,400.35892525562423,-8.641074744375771,movimento
D1T1B,1230.0,1231.0,1260.0,357.8,selecionado_calibrado,367.49976543173705,9.699765431737035,demanda_alta
D1T1B,1260.0,1261.0,1290.0,695.4,selecionado_calibrado,165.83415418036833,-529.5658458196317,movimento
D1T1B,1290.0,1291.0,1320.0,731.2000000000002,selecionado_calibrado,110.23077950408205,-620.9692204959181,movimento
D1T1B,1320.0,1321.0,1350.0,1148.85,selecionado_calibrado,259.55207088807225,-889.2979291119277,demanda_alta
D1T1B,1350.0,1351.0,1380.0,191.75,selecionado_calibrado,17.087855043011828,-174.6621449569882,freio_fora_faixa
D1T1B,1380.0,1381.0,1410.0,179.39999999999998,selecionado_calibrado,215.6023237197546,36.20232371975462,movimento
D1T1B,1410.0,1411.0,1440.0,52.5,selecionado_calibrado,217.32772389991746,164.82772389991746,frenagem
D1T1B,1440.0,1441.0,1470.0,74.3,selecionado_calibrado,387.0030987772021,312.7030987772021,parado
D1T1B,1470.0,1471.0,1500.0,0.0,selecionado_calibrado,29.928687748878016,29.928687748878016,frenagem
D1T1B,1500.0,1501.0,1530.0,125.65,selecionado_calibrado,153.61008000693198,27.960080006931975,frenagem
D1T1B,1530.0,1531.0,1560.0,955.75,selecionado_calibrado,603.282827113797,-352.467172886203,demanda_alta
D1T1B,1560.0,1561.0,1590.0,1160.0,selecionado_calibrado,624.6653363596488,-535.3346636403512,demanda_alta
D1T1B,1590.0,1591.0,1620.0,0.0,selecionado_calibrado,72.96254978850956,72.96254978850956,movimento
D1T1B,1620.0,1621.0,1650.0,0.0,selecionado_calibrado,50.51276730811529,50.51276730811529,movimento
D1T1B,1650.0,1651.0,1680.0,341.8,selecionado_calibrado,196.55515589523742,-145.2448441047626,freio_fora_faixa
D1T1B,1680.0,1681.0,1710.0,797.15,selecionado_calibrado,450.5993011250182,-346.5506988749818,demanda_alta
D1T1B,1710.0,1711.0,1740.0,411.50000000000006,selecionado_calibrado,647.7567585303719,236.25675853037188,freio_fora_faixa
D1T1B,1740.0,1741.0,1770.0,124.80000000000001,selecionado_calibrado,329.16904568478355,204.36904568478354,freio_fora_faixa
D1T2,29.0,30.0,59.0,114.50000000000003,persistencia,327.0,212.49999999999997,freio_fora_faixa
D1T2,59.0,60.0,89.0,129.95000000000002,persistencia,76.5,-53.45000000000002,frenagem
D1T2,89.0,90.0,119.0,309.09999999999997,persistencia,78.0,-231.09999999999997,movimento
D1T2,119.0,120.0,149.0,153.05,persistencia,784.5,631.45,movimento
D1T2,149.0,150.0,179.0,1143.0,persistencia,1237.5,94.5,demanda_alta
D1T2,179.0,180.0,209.0,332.9,persistencia,339.0,6.100000000000023,movimento
D1T2,209.0,210.0,239.0,134.5,persistencia,0.0,-134.5,freio_fora_faixa
D1T2,239.0,240.0,269.0,883.1499999999999,persistencia,879.0,-4.149999999999864,demanda_alta
D1T2,269.0,270.0,299.0,331.80000000000007,persistencia,931.5,599.6999999999999,demanda_alta
D1T2,299.0,300.0,329.0,93.59999999999998,persistencia,69.0,-24.59999999999998,freio_fora_faixa
D1T2,329.0,330.0,359.0,104.44999999999999,persistencia,85.5,-18.94999999999999,freio_fora_faixa
D1T2,359.0,360.0,389.0,790.1000000000001,persistencia,537.0,-253.10000000000014,demanda_alta
D1T2,389.0,390.0,419.0,144.45000000000002,persistencia,478.5,334.04999999999995,freio_fora_faixa
D1T2,419.0,420.0,449.0,533.35,persistencia,159.0,-374.35,freio_fora_faixa
D1T2,449.0,450.0,479.0,436.6,persistencia,381.0,-55.60000000000002,movimento
D1T2,479.0,480.0,509.0,61.199999999999996,persistencia,459.0,397.8,freio_fora_faixa
D1T2,509.0,510.0,539.0,106.75,persistencia,0.0,-106.75,movimento
D1T2,539.0,540.0,569.0,50.699999999999996,persistencia,304.5,253.8,movimento
D1T2,569.0,570.0,599.0,193.65000000000003,persistencia,0.0,-193.65000000000003,frenagem
D1T2,599.0,600.0,629.0,77.74999999999999,persistencia,99.0,21.250000000000014,frenagem
D1T2,629.0,630.0,659.0,297.9,persistencia,67.5,-230.39999999999998,parado
D1T2,659.0,660.0,689.0,459.19999999999993,persistencia,630.0,170.80000000000007,demanda_alta
D1T2,689.0,690.0,719.0,1121.9499999999998,persistencia,582.0,-539.9499999999998,demanda_alta
D1T2,719.0,720.0,749.0,93.05,persistencia,685.5,592.45,demanda_alta
D1T2,749.0,750.0,779.0,76.4,persistencia,0.0,-76.4,frenagem
D1T2,779.0,780.0,809.0,56.150000000000006,persistencia,78.0,21.849999999999994,parado
D1T2,809.0,810.0,839.0,89.55,persistencia,0.0,-89.55,movimento
D1T2,839.0,840.0,869.0,144.79999999999998,persistencia,106.5,-38.29999999999998,movimento
D1T2,869.0,870.0,899.0,464.25000000000006,persistencia,153.0,-311.25000000000006,movimento
D1T2,899.0,900.0,929.0,277.25,persistencia,586.5,309.25,movimento
D1T2,929.0,930.0,959.0,278.5,persistencia,232.5,-46.0,movimento
D1T2,959.0,960.0,989.0,436.54999999999995,persistencia,264.0,-172.54999999999995,movimento
D1T2,989.0,990.0,1019.0,0.0,persistencia,0.0,0.0,movimento
D1T2,1019.0,1020.0,1049.0,181.8,persistencia,0.0,-181.8,movimento
D1T2,1049.0,1050.0,1079.0,21.15,persistencia,0.0,-21.15,movimento
D1T2,1079.0,1080.0,1109.0,20.15,persistencia,0.0,-20.15,movimento
D1T2,1109.0,1110.0,1139.0,200.5,persistencia,79.5,-121.0,freio_fora_faixa
D1T2,1139.0,1140.0,1169.0,513.85,persistencia,1086.0,572.15,freio_fora_faixa
D1T2,1169.0,1170.0,1199.0,268.25000000000006,persistencia,391.5,123.24999999999994,movimento
D1T2,1199.0,1200.0,1229.0,70.44999999999999,persistencia,70.5,0.05000000000001137,parado
D1T2,1229.0,1230.0,1259.0,234.9,persistencia,69.0,-165.9,parado
D1T2,1259.0,1260.0,1289.0,190.00000000000003,persistencia,61.49999999999999,-128.50000000000003,frenagem
D1T2,1289.0,1290.0,1319.0,73.34999999999998,persistencia,349.5,276.15000000000003,movimento
D1T2,1319.0,1320.0,1349.0,103.49999999999999,persistencia,78.0,-25.499999999999986,parado
D1T2,1349.0,1350.0,1379.0,244.0,persistencia,124.50000000000001,-119.49999999999999,freio_fora_faixa
D1T2,1379.0,1380.0,1409.0,121.95,persistencia,0.0,-121.95,movimento
D1T2,1409.0,1410.0,1439.0,37.55,persistencia,0.0,-37.55,movimento
D1T2,1439.0,1440.0,1469.0,93.4,persistencia,69.0,-24.400000000000006,parado
D1T2,1469.0,1470.0,1499.0,182.59999999999997,persistencia,400.5,217.90000000000003,freio_fora_faixa
D1T2,1499.0,1500.0,1529.0,117.8,persistencia,99.0,-18.799999999999997,freio_fora_faixa
D1T2,1529.0,1530.0,1559.0,624.8,persistencia,126.0,-498.79999999999995,freio_fora_faixa
D1T2,1559.0,1560.0,1589.0,96.60000000000001,persistencia,453.0,356.4,movimento
D1T2,1589.0,1590.0,1619.0,284.7,persistencia,81.0,-203.7,parado
D1T2,1619.0,1620.0,1649.0,281.5,persistencia,1135.5,854.0,demanda_alta
D1T2,1649.0,1650.0,1679.0,239.39999999999998,persistencia,39.0,-200.39999999999998,movimento
D1T2,1679.0,1680.0,1709.0,643.95,persistencia,238.5,-405.45000000000005,movimento
D1T2,1709.0,1710.0,1739.0,695.8,persistencia,991.4999999999999,295.69999999999993,demanda_alta
D1T2,1739.0,1740.0,1769.0,531.1999999999999,persistencia,504.0,-27.199999999999932,movimento
D1T2,1769.0,1770.0,1799.0,173.84999999999997,persistencia,552.0,378.15000000000003,demanda_alta
D1T2,1799.0,1800.0,1829.0,74.45,persistencia,67.5,-6.950000000000003,frenagem
D1T2,1829.0,1830.0,1859.0,382.25,persistencia,165.0,-217.25,movimento
D1T2,1859.0,1860.0,1889.0,1037.3,persistencia,1062.0,24.700000000000045,demanda_alta
D1T2,1889.0,1890.0,1919.0,654.9500000000002,persistencia,0.0,-654.9500000000002,frenagem
D1T2,1919.0,1920.0,1949.0,76.25,persistencia,325.5,249.25,movimento
D1T2,1949.0,1950.0,1979.0,168.30000000000004,persistencia,172.5,4.19999999999996,movimento
D1T2,1979.0,1980.0,2009.0,319.79999999999995,persistencia,69.0,-250.79999999999995,parado
D1T2,2009.0,2010.0,2039.0,299.8,persistencia,195.0,-104.80000000000001,movimento
D1T2,2039.0,2040.0,2069.0,39.15,persistencia,0.0,-39.15,movimento
D1T2,2069.0,2070.0,2099.0,727.7500000000001,persistencia,163.5,-564.2500000000001,movimento
D1T2,2099.0,2100.0,2129.0,144.39999999999995,persistencia,675.0,530.6,demanda_alta
D1T2,2129.0,2130.0,2159.0,266.24999999999994,persistencia,72.0,-194.24999999999994,parado
D1T2,2159.0,2160.0,2189.0,599.9000000000001,persistencia,762.0,162.0999999999999,demanda_alta
D1T2,2189.0,2190.0,2219.0,100.65,persistencia,0.0,-100.65,movimento
D1T2,2219.0,2220.0,2249.0,1.75,persistencia,0.0,-1.75,movimento
D1T2,2249.0,2250.0,2279.0,84.74999999999999,persistencia,52.5,-32.249999999999986,freio_fora_faixa
D1T2,2279.0,2280.0,2309.0,127.65,persistencia,93.0,-34.650000000000006,movimento
D1T2,2309.0,2310.0,2339.0,132.4,persistencia,0.0,-132.4,movimento
D1T2,2339.0,2340.0,2369.0,5.7,persistencia,478.5,472.8,movimento
D1T2,2369.0,2370.0,2399.0,36.55,persistencia,0.0,-36.55,frenagem
D1T2,2399.0,2400.0,2429.0,189.9,persistencia,67.5,-122.4,parado
D1T2,2429.0,2430.0,2459.0,321.80000000000007,persistencia,555.0,233.19999999999993,movimento
D1T2,2459.0,2460.0,2489.0,57.45,persistencia,1173.0,1115.55,demanda_alta
D1T2,2489.0,2490.0,2519.0,71.84999999999998,persistencia,13.5,-58.34999999999998,movimento
D1T2,2519.0,2520.0,2549.0,122.5,persistencia,69.0,-53.5,parado
D1T2,2549.0,2550.0,2579.0,188.0,persistencia,321.0,133.0,freio_fora_faixa
D1T2,2579.0,2580.0,2609.0,361.95,persistencia,259.5,-102.44999999999999,movimento
D1T2,2609.0,2610.0,2639.0,558.5,persistencia,385.5,-173.0,movimento
D1T2,2639.0,2640.0,2669.0,59.199999999999996,persistencia,0.0,-59.199999999999996,freio_fora_faixa
D1T2,2669.0,2670.0,2699.0,67.25,persistencia,64.5,-2.75,parado
D1T2,2699.0,2700.0,2729.0,89.35000000000001,persistencia,64.5,-24.85000000000001,parado
D1T2,2729.0,2730.0,2759.0,154.05000000000004,persistencia,268.5,114.44999999999996,freio_fora_faixa
D1T2,2759.0,2760.0,2789.0,414.35,persistencia,109.5,-304.85,freio_fora_faixa
D1T2,2789.0,2790.0,2819.0,105.05,persistencia,841.5,736.45,demanda_alta
D1T2,2819.0,2820.0,2849.0,120.64999999999999,persistencia,0.0,-120.64999999999999,freio_fora_faixa
D1T2,2849.0,2850.0,2879.0,161.4,persistencia,0.0,-161.4,frenagem
D1T2,2879.0,2880.0,2909.0,1010.6500000000001,persistencia,918.0,-92.65000000000009,demanda_alta
D1T2,2909.0,2910.0,2939.0,998.25,persistencia,1498.5,500.25,demanda_alta
D1T2,2939.0,2940.0,2969.0,542.25,persistencia,210.0,-332.25,movimento
D1T2,2969.0,2970.0,2999.0,0.0,persistencia,0.0,0.0,movimento
D1T2,2999.0,3000.0,3029.0,59.800000000000004,persistencia,0.0,-59.800000000000004,freio_fora_faixa
D1T2,3029.0,3030.0,3059.0,363.9000000000001,persistencia,81.0,-282.9000000000001,frenagem
D1T2,3059.0,3060.0,3089.0,820.1999999999999,persistencia,318.0,-502.19999999999993,movimento
D1T2,3089.0,3090.0,3119.0,685.35,persistencia,1435.5,750.15,demanda_alta
D1T2,3119.0,3120.0,3149.0,86.5,persistencia,0.0,-86.5,freio_fora_faixa
D1T2,3149.0,3150.0,3179.0,32.60000000000001,persistencia,0.0,-32.60000000000001,frenagem
D1T2,3179.0,3180.0,3209.0,123.8,persistencia,70.5,-53.3,parado
D1T2,3209.0,3210.0,3239.0,709.3499999999999,persistencia,72.0,-637.3499999999999,movimento
D1T2,3239.0,3240.0,3269.0,1088.1,persistencia,1251.0,162.9000000000001,demanda_alta
D1T2,3269.0,3270.0,3299.0,431.80000000000007,persistencia,0.0,-431.80000000000007,movimento
D1T2,3299.0,3300.0,3329.0,149.24999999999997,persistencia,775.5,626.25,demanda_alta
D1T2,3329.0,3330.0,3359.0,216.39999999999998,persistencia,87.0,-129.39999999999998,parado
D1T2,3359.0,3360.0,3389.0,1066.6000000000001,persistencia,1146.0,79.39999999999986,demanda_alta
D1T2,3389.0,3390.0,3419.0,69.3,persistencia,385.5,316.2,movimento
D1T2,3419.0,3420.0,3449.0,1.8,persistencia,0.0,-1.8,movimento
D1T2,3449.0,3450.0,3479.0,84.55000000000001,persistencia,54.0,-30.55000000000001,movimento
D1T2,3479.0,3480.0,3509.0,78.95000000000002,persistencia,78.0,-0.950000000000017,movimento
D1T2,3509.0,3510.0,3539.0,62.35,persistencia,133.5,71.15,movimento
D1T2,3539.0,3540.0,3569.0,53.7,persistencia,70.5,16.799999999999997,parado
D1T2,3569.0,3570.0,3599.0,0.0,persistencia,0.0,0.0,movimento
D1T2,3599.0,3600.0,3629.0,17.0,persistencia,0.0,-17.0,movimento
D1T2,3629.0,3630.0,3659.0,254.54999999999998,persistencia,70.5,-184.04999999999998,frenagem
D1T2,3659.0,3660.0,3689.0,671.0999999999999,persistencia,367.5,-303.5999999999999,movimento
D1T2,3689.0,3690.0,3719.0,1322.8999999999999,persistencia,1437.0,114.10000000000014,demanda_alta
D1T2,3719.0,3720.0,3749.0,59.849999999999994,persistencia,1170.0,1110.15,demanda_alta
D1T2,3749.0,3750.0,3779.0,0.0,persistencia,0.0,0.0,movimento
D1T2,3779.0,3780.0,3809.0,568.8999999999999,persistencia,0.0,-568.8999999999999,movimento
D1T2,3809.0,3810.0,3839.0,686.9,persistencia,912.0,225.10000000000002,demanda_alta
D1T2,3839.0,3840.0,3869.0,454.55,persistencia,517.5,62.94999999999999,movimento
D1T2,29.0,30.0,59.0,114.50000000000003,mediana_treino,199.075,84.57499999999996,freio_fora_faixa
D1T2,59.0,60.0,89.0,129.95000000000002,mediana_treino,199.075,69.12499999999997,frenagem
D1T2,89.0,90.0,119.0,309.09999999999997,mediana_treino,199.075,-110.02499999999998,movimento
D1T2,119.0,120.0,149.0,153.05,mediana_treino,199.075,46.02499999999998,movimento
D1T2,149.0,150.0,179.0,1143.0,mediana_treino,199.075,-943.925,demanda_alta
D1T2,179.0,180.0,209.0,332.9,mediana_treino,199.075,-133.825,movimento
D1T2,209.0,210.0,239.0,134.5,mediana_treino,199.075,64.57499999999999,freio_fora_faixa
D1T2,239.0,240.0,269.0,883.1499999999999,mediana_treino,199.075,-684.0749999999998,demanda_alta
D1T2,269.0,270.0,299.0,331.80000000000007,mediana_treino,199.075,-132.72500000000008,demanda_alta
D1T2,299.0,300.0,329.0,93.59999999999998,mediana_treino,199.075,105.47500000000001,freio_fora_faixa
D1T2,329.0,330.0,359.0,104.44999999999999,mediana_treino,199.075,94.625,freio_fora_faixa
D1T2,359.0,360.0,389.0,790.1000000000001,mediana_treino,199.075,-591.0250000000001,demanda_alta
D1T2,389.0,390.0,419.0,144.45000000000002,mediana_treino,199.075,54.62499999999997,freio_fora_faixa
D1T2,419.0,420.0,449.0,533.35,mediana_treino,199.075,-334.27500000000003,freio_fora_faixa
D1T2,449.0,450.0,479.0,436.6,mediana_treino,199.075,-237.52500000000003,movimento
D1T2,479.0,480.0,509.0,61.199999999999996,mediana_treino,199.075,137.875,freio_fora_faixa
D1T2,509.0,510.0,539.0,106.75,mediana_treino,199.075,92.32499999999999,movimento
D1T2,539.0,540.0,569.0,50.699999999999996,mediana_treino,199.075,148.375,movimento
D1T2,569.0,570.0,599.0,193.65000000000003,mediana_treino,199.075,5.4249999999999545,frenagem
D1T2,599.0,600.0,629.0,77.74999999999999,mediana_treino,199.075,121.325,frenagem
D1T2,629.0,630.0,659.0,297.9,mediana_treino,199.075,-98.82499999999999,parado
D1T2,659.0,660.0,689.0,459.19999999999993,mediana_treino,199.075,-260.12499999999994,demanda_alta
D1T2,689.0,690.0,719.0,1121.9499999999998,mediana_treino,199.075,-922.8749999999998,demanda_alta
D1T2,719.0,720.0,749.0,93.05,mediana_treino,199.075,106.02499999999999,demanda_alta
D1T2,749.0,750.0,779.0,76.4,mediana_treino,199.075,122.67499999999998,frenagem
D1T2,779.0,780.0,809.0,56.150000000000006,mediana_treino,199.075,142.92499999999998,parado
D1T2,809.0,810.0,839.0,89.55,mediana_treino,199.075,109.52499999999999,movimento
D1T2,839.0,840.0,869.0,144.79999999999998,mediana_treino,199.075,54.275000000000006,movimento
D1T2,869.0,870.0,899.0,464.25000000000006,mediana_treino,199.075,-265.17500000000007,movimento
D1T2,899.0,900.0,929.0,277.25,mediana_treino,199.075,-78.17500000000001,movimento
D1T2,929.0,930.0,959.0,278.5,mediana_treino,199.075,-79.42500000000001,movimento
D1T2,959.0,960.0,989.0,436.54999999999995,mediana_treino,199.075,-237.47499999999997,movimento
D1T2,989.0,990.0,1019.0,0.0,mediana_treino,199.075,199.075,movimento
D1T2,1019.0,1020.0,1049.0,181.8,mediana_treino,199.075,17.274999999999977,movimento
D1T2,1049.0,1050.0,1079.0,21.15,mediana_treino,199.075,177.92499999999998,movimento
D1T2,1079.0,1080.0,1109.0,20.15,mediana_treino,199.075,178.92499999999998,movimento
D1T2,1109.0,1110.0,1139.0,200.5,mediana_treino,199.075,-1.4250000000000114,freio_fora_faixa
D1T2,1139.0,1140.0,1169.0,513.85,mediana_treino,199.075,-314.77500000000003,freio_fora_faixa
D1T2,1169.0,1170.0,1199.0,268.25000000000006,mediana_treino,199.075,-69.17500000000007,movimento
D1T2,1199.0,1200.0,1229.0,70.44999999999999,mediana_treino,199.075,128.625,parado
D1T2,1229.0,1230.0,1259.0,234.9,mediana_treino,199.075,-35.82500000000002,parado
D1T2,1259.0,1260.0,1289.0,190.00000000000003,mediana_treino,199.075,9.07499999999996,frenagem
D1T2,1289.0,1290.0,1319.0,73.34999999999998,mediana_treino,199.075,125.72500000000001,movimento
D1T2,1319.0,1320.0,1349.0,103.49999999999999,mediana_treino,199.075,95.575,parado
D1T2,1349.0,1350.0,1379.0,244.0,mediana_treino,199.075,-44.92500000000001,freio_fora_faixa
D1T2,1379.0,1380.0,1409.0,121.95,mediana_treino,199.075,77.12499999999999,movimento
D1T2,1409.0,1410.0,1439.0,37.55,mediana_treino,199.075,161.52499999999998,movimento
D1T2,1439.0,1440.0,1469.0,93.4,mediana_treino,199.075,105.67499999999998,parado
D1T2,1469.0,1470.0,1499.0,182.59999999999997,mediana_treino,199.075,16.475000000000023,freio_fora_faixa
D1T2,1499.0,1500.0,1529.0,117.8,mediana_treino,199.075,81.27499999999999,freio_fora_faixa
D1T2,1529.0,1530.0,1559.0,624.8,mediana_treino,199.075,-425.72499999999997,freio_fora_faixa
D1T2,1559.0,1560.0,1589.0,96.60000000000001,mediana_treino,199.075,102.47499999999998,movimento
D1T2,1589.0,1590.0,1619.0,284.7,mediana_treino,199.075,-85.625,parado
D1T2,1619.0,1620.0,1649.0,281.5,mediana_treino,199.075,-82.42500000000001,demanda_alta
D1T2,1649.0,1650.0,1679.0,239.39999999999998,mediana_treino,199.075,-40.32499999999999,movimento
D1T2,1679.0,1680.0,1709.0,643.95,mediana_treino,199.075,-444.87500000000006,movimento
D1T2,1709.0,1710.0,1739.0,695.8,mediana_treino,199.075,-496.72499999999997,demanda_alta
D1T2,1739.0,1740.0,1769.0,531.1999999999999,mediana_treino,199.075,-332.12499999999994,movimento
D1T2,1769.0,1770.0,1799.0,173.84999999999997,mediana_treino,199.075,25.225000000000023,demanda_alta
D1T2,1799.0,1800.0,1829.0,74.45,mediana_treino,199.075,124.62499999999999,frenagem
D1T2,1829.0,1830.0,1859.0,382.25,mediana_treino,199.075,-183.175,movimento
D1T2,1859.0,1860.0,1889.0,1037.3,mediana_treino,199.075,-838.2249999999999,demanda_alta
D1T2,1889.0,1890.0,1919.0,654.9500000000002,mediana_treino,199.075,-455.87500000000017,frenagem
D1T2,1919.0,1920.0,1949.0,76.25,mediana_treino,199.075,122.82499999999999,movimento
D1T2,1949.0,1950.0,1979.0,168.30000000000004,mediana_treino,199.075,30.77499999999995,movimento
D1T2,1979.0,1980.0,2009.0,319.79999999999995,mediana_treino,199.075,-120.72499999999997,parado
D1T2,2009.0,2010.0,2039.0,299.8,mediana_treino,199.075,-100.72500000000002,movimento
D1T2,2039.0,2040.0,2069.0,39.15,mediana_treino,199.075,159.92499999999998,movimento
D1T2,2069.0,2070.0,2099.0,727.7500000000001,mediana_treino,199.075,-528.6750000000002,movimento
D1T2,2099.0,2100.0,2129.0,144.39999999999995,mediana_treino,199.075,54.67500000000004,demanda_alta
D1T2,2129.0,2130.0,2159.0,266.24999999999994,mediana_treino,199.075,-67.17499999999995,parado
D1T2,2159.0,2160.0,2189.0,599.9000000000001,mediana_treino,199.075,-400.8250000000001,demanda_alta
D1T2,2189.0,2190.0,2219.0,100.65,mediana_treino,199.075,98.42499999999998,movimento
D1T2,2219.0,2220.0,2249.0,1.75,mediana_treino,199.075,197.325,movimento
D1T2,2249.0,2250.0,2279.0,84.74999999999999,mediana_treino,199.075,114.325,freio_fora_faixa
D1T2,2279.0,2280.0,2309.0,127.65,mediana_treino,199.075,71.42499999999998,movimento
D1T2,2309.0,2310.0,2339.0,132.4,mediana_treino,199.075,66.67499999999998,movimento
D1T2,2339.0,2340.0,2369.0,5.7,mediana_treino,199.075,193.375,movimento
D1T2,2369.0,2370.0,2399.0,36.55,mediana_treino,199.075,162.52499999999998,frenagem
D1T2,2399.0,2400.0,2429.0,189.9,mediana_treino,199.075,9.174999999999983,parado
D1T2,2429.0,2430.0,2459.0,321.80000000000007,mediana_treino,199.075,-122.72500000000008,movimento
D1T2,2459.0,2460.0,2489.0,57.45,mediana_treino,199.075,141.625,demanda_alta
D1T2,2489.0,2490.0,2519.0,71.84999999999998,mediana_treino,199.075,127.22500000000001,movimento
D1T2,2519.0,2520.0,2549.0,122.5,mediana_treino,199.075,76.57499999999999,parado
D1T2,2549.0,2550.0,2579.0,188.0,mediana_treino,199.075,11.074999999999989,freio_fora_faixa
D1T2,2579.0,2580.0,2609.0,361.95,mediana_treino,199.075,-162.875,movimento
D1T2,2609.0,2610.0,2639.0,558.5,mediana_treino,199.075,-359.425,movimento
D1T2,2639.0,2640.0,2669.0,59.199999999999996,mediana_treino,199.075,139.875,freio_fora_faixa
D1T2,2669.0,2670.0,2699.0,67.25,mediana_treino,199.075,131.825,parado
D1T2,2699.0,2700.0,2729.0,89.35000000000001,mediana_treino,199.075,109.72499999999998,parado
D1T2,2729.0,2730.0,2759.0,154.05000000000004,mediana_treino,199.075,45.02499999999995,freio_fora_faixa
D1T2,2759.0,2760.0,2789.0,414.35,mediana_treino,199.075,-215.27500000000003,freio_fora_faixa
D1T2,2789.0,2790.0,2819.0,105.05,mediana_treino,199.075,94.02499999999999,demanda_alta
D1T2,2819.0,2820.0,2849.0,120.64999999999999,mediana_treino,199.075,78.425,freio_fora_faixa
D1T2,2849.0,2850.0,2879.0,161.4,mediana_treino,199.075,37.67499999999998,frenagem
D1T2,2879.0,2880.0,2909.0,1010.6500000000001,mediana_treino,199.075,-811.575,demanda_alta
D1T2,2909.0,2910.0,2939.0,998.25,mediana_treino,199.075,-799.175,demanda_alta
D1T2,2939.0,2940.0,2969.0,542.25,mediana_treino,199.075,-343.175,movimento
D1T2,2969.0,2970.0,2999.0,0.0,mediana_treino,199.075,199.075,movimento
D1T2,2999.0,3000.0,3029.0,59.800000000000004,mediana_treino,199.075,139.27499999999998,freio_fora_faixa
D1T2,3029.0,3030.0,3059.0,363.9000000000001,mediana_treino,199.075,-164.8250000000001,frenagem
D1T2,3059.0,3060.0,3089.0,820.1999999999999,mediana_treino,199.075,-621.125,movimento
D1T2,3089.0,3090.0,3119.0,685.35,mediana_treino,199.075,-486.27500000000003,demanda_alta
D1T2,3119.0,3120.0,3149.0,86.5,mediana_treino,199.075,112.57499999999999,freio_fora_faixa
D1T2,3149.0,3150.0,3179.0,32.60000000000001,mediana_treino,199.075,166.47499999999997,frenagem
D1T2,3179.0,3180.0,3209.0,123.8,mediana_treino,199.075,75.27499999999999,parado
D1T2,3209.0,3210.0,3239.0,709.3499999999999,mediana_treino,199.075,-510.2749999999999,movimento
D1T2,3239.0,3240.0,3269.0,1088.1,mediana_treino,199.075,-889.0249999999999,demanda_alta
D1T2,3269.0,3270.0,3299.0,431.80000000000007,mediana_treino,199.075,-232.72500000000008,movimento
D1T2,3299.0,3300.0,3329.0,149.24999999999997,mediana_treino,199.075,49.82500000000002,demanda_alta
D1T2,3329.0,3330.0,3359.0,216.39999999999998,mediana_treino,199.075,-17.32499999999999,parado
D1T2,3359.0,3360.0,3389.0,1066.6000000000001,mediana_treino,199.075,-867.5250000000001,demanda_alta
D1T2,3389.0,3390.0,3419.0,69.3,mediana_treino,199.075,129.77499999999998,movimento
D1T2,3419.0,3420.0,3449.0,1.8,mediana_treino,199.075,197.27499999999998,movimento
D1T2,3449.0,3450.0,3479.0,84.55000000000001,mediana_treino,199.075,114.52499999999998,movimento
D1T2,3479.0,3480.0,3509.0,78.95000000000002,mediana_treino,199.075,120.12499999999997,movimento
D1T2,3509.0,3510.0,3539.0,62.35,mediana_treino,199.075,136.725,movimento
D1T2,3539.0,3540.0,3569.0,53.7,mediana_treino,199.075,145.375,parado
D1T2,3569.0,3570.0,3599.0,0.0,mediana_treino,199.075,199.075,movimento
D1T2,3599.0,3600.0,3629.0,17.0,mediana_treino,199.075,182.075,movimento
D1T2,3629.0,3630.0,3659.0,254.54999999999998,mediana_treino,199.075,-55.474999999999994,frenagem
D1T2,3659.0,3660.0,3689.0,671.0999999999999,mediana_treino,199.075,-472.0249999999999,movimento
D1T2,3689.0,3690.0,3719.0,1322.8999999999999,mediana_treino,199.075,-1123.8249999999998,demanda_alta
D1T2,3719.0,3720.0,3749.0,59.849999999999994,mediana_treino,199.075,139.225,demanda_alta
D1T2,3749.0,3750.0,3779.0,0.0,mediana_treino,199.075,199.075,movimento
D1T2,3779.0,3780.0,3809.0,568.8999999999999,mediana_treino,199.075,-369.8249999999999,movimento
D1T2,3809.0,3810.0,3839.0,686.9,mediana_treino,199.075,-487.825,demanda_alta
D1T2,3839.0,3840.0,3869.0,454.55,mediana_treino,199.075,-255.47500000000002,movimento
D1T2,29.0,30.0,59.0,114.50000000000003,selecionado_sem_calibrar,361.3829358051804,246.88293580518038,freio_fora_faixa
D1T2,59.0,60.0,89.0,129.95000000000002,selecionado_sem_calibrar,249.04982322155382,119.0998232215538,frenagem
D1T2,89.0,90.0,119.0,309.09999999999997,selecionado_sem_calibrar,350.0993698621107,40.99936986211071,movimento
D1T2,119.0,120.0,149.0,153.05,selecionado_sem_calibrar,625.3264806533653,472.27648065336524,movimento
D1T2,149.0,150.0,179.0,1143.0,selecionado_sem_calibrar,692.1354088680397,-450.8645911319603,demanda_alta
D1T2,179.0,180.0,209.0,332.9,selecionado_sem_calibrar,174.2150118360967,-158.68498816390328,movimento
D1T2,209.0,210.0,239.0,134.5,selecionado_sem_calibrar,287.9775322511148,153.47753225111478,freio_fora_faixa
D1T2,239.0,240.0,269.0,883.1499999999999,selecionado_sem_calibrar,655.8336576472428,-227.31634235275703,demanda_alta
D1T2,269.0,270.0,299.0,331.80000000000007,selecionado_sem_calibrar,827.0338432821558,495.2338432821557,demanda_alta
D1T2,299.0,300.0,329.0,93.59999999999998,selecionado_sem_calibrar,384.6729018033549,291.0729018033549,freio_fora_faixa
D1T2,329.0,330.0,359.0,104.44999999999999,selecionado_sem_calibrar,364.1960011174889,259.7460011174889,freio_fora_faixa
D1T2,359.0,360.0,389.0,790.1000000000001,selecionado_sem_calibrar,500.70595557489867,-289.39404442510147,demanda_alta
D1T2,389.0,390.0,419.0,144.45000000000002,selecionado_sem_calibrar,434.0659064020041,289.61590640200404,freio_fora_faixa
D1T2,419.0,420.0,449.0,533.35,selecionado_sem_calibrar,353.57548846965966,-179.77451153034036,freio_fora_faixa
D1T2,449.0,450.0,479.0,436.6,selecionado_sem_calibrar,658.9007566405164,222.3007566405164,movimento
D1T2,479.0,480.0,509.0,61.199999999999996,selecionado_sem_calibrar,743.801117356782,682.601117356782,freio_fora_faixa
D1T2,509.0,510.0,539.0,106.75,selecionado_sem_calibrar,89.76027346868972,-16.989726531310282,movimento
D1T2,539.0,540.0,569.0,50.699999999999996,selecionado_sem_calibrar,411.4980571610481,360.7980571610481,movimento
D1T2,569.0,570.0,599.0,193.65000000000003,selecionado_sem_calibrar,155.42879177190892,-38.221208228091115,frenagem
D1T2,599.0,600.0,629.0,77.74999999999999,selecionado_sem_calibrar,476.6833127481762,398.9333127481762,frenagem
D1T2,629.0,630.0,659.0,297.9,selecionado_sem_calibrar,393.6672519636005,95.76725196360053,parado
D1T2,659.0,660.0,689.0,459.19999999999993,selecionado_sem_calibrar,499.0020466400592,39.802046640059245,demanda_alta
D1T2,689.0,690.0,719.0,1121.9499999999998,selecionado_sem_calibrar,374.9441073385221,-747.0058926614777,demanda_alta
D1T2,719.0,720.0,749.0,93.05,selecionado_sem_calibrar,241.45252981872036,148.40252981872038,demanda_alta
D1T2,749.0,750.0,779.0,76.4,selecionado_sem_calibrar,314.5188117545222,238.11881175452217,frenagem
D1T2,779.0,780.0,809.0,56.150000000000006,selecionado_sem_calibrar,377.80302038298277,321.65302038298273,parado
D1T2,809.0,810.0,839.0,89.55,selecionado_sem_calibrar,44.491272505784934,-45.05872749421506,movimento
D1T2,839.0,840.0,869.0,144.79999999999998,selecionado_sem_calibrar,209.29406531585448,64.4940653158545,movimento
D1T2,869.0,870.0,899.0,464.25000000000006,selecionado_sem_calibrar,204.98164893725695,-259.26835106274314,movimento
D1T2,899.0,900.0,929.0,277.25,selecionado_sem_calibrar,549.2970454020119,272.0470454020119,movimento
D1T2,929.0,930.0,959.0,278.5,selecionado_sem_calibrar,306.719130181052,28.21913018105198,movimento
D1T2,959.0,960.0,989.0,436.54999999999995,selecionado_sem_calibrar,521.7219851788993,85.17198517889938,movimento
D1T2,989.0,990.0,1019.0,0.0,selecionado_sem_calibrar,190.98934382530786,190.98934382530786,movimento
D1T2,1019.0,1020.0,1049.0,181.8,selecionado_sem_calibrar,267.8793832655652,86.07938326556518,movimento
D1T2,1049.0,1050.0,1079.0,21.15,selecionado_sem_calibrar,215.555978905335,194.405978905335,movimento
D1T2,1079.0,1080.0,1109.0,20.15,selecionado_sem_calibrar,51.43974857150253,31.28974857150253,movimento
D1T2,1109.0,1110.0,1139.0,200.5,selecionado_sem_calibrar,334.9154270589379,134.4154270589379,freio_fora_faixa
D1T2,1139.0,1140.0,1169.0,513.85,selecionado_sem_calibrar,719.8423817764409,205.99238177644088,freio_fora_faixa
D1T2,1169.0,1170.0,1199.0,268.25000000000006,selecionado_sem_calibrar,439.52423434835885,171.2742343483588,movimento
D1T2,1199.0,1200.0,1229.0,70.44999999999999,selecionado_sem_calibrar,368.7561910062308,298.3061910062308,parado
D1T2,1229.0,1230.0,1259.0,234.9,selecionado_sem_calibrar,309.2395048382133,74.33950483821329,parado
D1T2,1259.0,1260.0,1289.0,190.00000000000003,selecionado_sem_calibrar,250.12931143563574,60.129311435635714,frenagem
D1T2,1289.0,1290.0,1319.0,73.34999999999998,selecionado_sem_calibrar,389.1888894829419,315.8388894829419,movimento
D1T2,1319.0,1320.0,1349.0,103.49999999999999,selecionado_sem_calibrar,160.5190864147986,57.01908641479862,parado
D1T2,1349.0,1350.0,1379.0,244.0,selecionado_sem_calibrar,365.66387379747937,121.66387379747937,freio_fora_faixa
D1T2,1379.0,1380.0,1409.0,121.95,selecionado_sem_calibrar,0.0,-121.95,movimento
D1T2,1409.0,1410.0,1439.0,37.55,selecionado_sem_calibrar,177.251317399461,139.701317399461,movimento
D1T2,1439.0,1440.0,1469.0,93.4,selecionado_sem_calibrar,173.2731012013664,79.87310120136638,parado
D1T2,1469.0,1470.0,1499.0,182.59999999999997,selecionado_sem_calibrar,401.6792873223311,219.07928732233114,freio_fora_faixa
D1T2,1499.0,1500.0,1529.0,117.8,selecionado_sem_calibrar,292.4257463261335,174.62574632613348,freio_fora_faixa
D1T2,1529.0,1530.0,1559.0,624.8,selecionado_sem_calibrar,248.13568101839533,-376.66431898160465,freio_fora_faixa
D1T2,1559.0,1560.0,1589.0,96.60000000000001,selecionado_sem_calibrar,770.9102651617923,674.3102651617922,movimento
D1T2,1589.0,1590.0,1619.0,284.7,selecionado_sem_calibrar,297.69630679888127,12.996306798881278,parado
D1T2,1619.0,1620.0,1649.0,281.5,selecionado_sem_calibrar,617.1307427833808,335.6307427833808,demanda_alta
D1T2,1649.0,1650.0,1679.0,239.39999999999998,selecionado_sem_calibrar,336.1331846227467,96.7331846227467,movimento
D1T2,1679.0,1680.0,1709.0,643.95,selecionado_sem_calibrar,557.5093540886365,-86.4406459113635,movimento
D1T2,1709.0,1710.0,1739.0,695.8,selecionado_sem_calibrar,1009.5945562445223,313.79455624452237,demanda_alta
D1T2,1739.0,1740.0,1769.0,531.1999999999999,selecionado_sem_calibrar,371.38930264008224,-159.8106973599177,movimento
D1T2,1769.0,1770.0,1799.0,173.84999999999997,selecionado_sem_calibrar,616.5424314218271,442.69243142182717,demanda_alta
D1T2,1799.0,1800.0,1829.0,74.45,selecionado_sem_calibrar,362.55055033550354,288.10055033550356,frenagem
D1T2,1829.0,1830.0,1859.0,382.25,selecionado_sem_calibrar,283.6240646300927,-98.62593536990732,movimento
D1T2,1859.0,1860.0,1889.0,1037.3,selecionado_sem_calibrar,639.6855126287736,-397.61448737122635,demanda_alta
D1T2,1889.0,1890.0,1919.0,654.9500000000002,selecionado_sem_calibrar,231.08699591238857,-423.86300408761156,frenagem
D1T2,1919.0,1920.0,1949.0,76.25,selecionado_sem_calibrar,507.9407501890878,431.6907501890878,movimento
D1T2,1949.0,1950.0,1979.0,168.30000000000004,selecionado_sem_calibrar,202.0151202360674,33.71512023606735,movimento
D1T2,1979.0,1980.0,2009.0,319.79999999999995,selecionado_sem_calibrar,498.490066254949,178.69006625494904,parado
D1T2,2009.0,2010.0,2039.0,299.8,selecionado_sem_calibrar,670.1158719111963,370.3158719111963,movimento
D1T2,2039.0,2040.0,2069.0,39.15,selecionado_sem_calibrar,230.9527801438765,191.8027801438765,movimento
D1T2,2069.0,2070.0,2099.0,727.7500000000001,selecionado_sem_calibrar,175.57078621057434,-552.1792137894258,movimento
D1T2,2099.0,2100.0,2129.0,144.39999999999995,selecionado_sem_calibrar,813.1166802180317,668.7166802180317,demanda_alta
D1T2,2129.0,2130.0,2159.0,266.24999999999994,selecionado_sem_calibrar,373.1923663452269,106.94236634522696,parado
D1T2,2159.0,2160.0,2189.0,599.9000000000001,selecionado_sem_calibrar,458.46450755093224,-141.43549244906785,demanda_alta
D1T2,2189.0,2190.0,2219.0,100.65,selecionado_sem_calibrar,168.99419492917664,68.34419492917664,movimento
D1T2,2219.0,2220.0,2249.0,1.75,selecionado_sem_calibrar,246.86454287820118,245.11454287820118,movimento
D1T2,2249.0,2250.0,2279.0,84.74999999999999,selecionado_sem_calibrar,275.4437351494681,190.69373514946813,freio_fora_faixa
D1T2,2279.0,2280.0,2309.0,127.65,selecionado_sem_calibrar,367.5953518028552,239.94535180285519,movimento
D1T2,2309.0,2310.0,2339.0,132.4,selecionado_sem_calibrar,35.55125872800099,-96.84874127199902,movimento
D1T2,2339.0,2340.0,2369.0,5.7,selecionado_sem_calibrar,492.7341369067211,487.03413690672113,movimento
D1T2,2369.0,2370.0,2399.0,36.55,selecionado_sem_calibrar,179.40432710456255,142.85432710456257,frenagem
D1T2,2399.0,2400.0,2429.0,189.9,selecionado_sem_calibrar,402.27341527356555,212.37341527356554,parado
D1T2,2429.0,2430.0,2459.0,321.80000000000007,selecionado_sem_calibrar,455.1719049618604,133.3719049618603,movimento
D1T2,2459.0,2460.0,2489.0,57.45,selecionado_sem_calibrar,562.0409626390152,504.59096263901523,demanda_alta
D1T2,2489.0,2490.0,2519.0,71.84999999999998,selecionado_sem_calibrar,186.83065226634483,114.98065226634485,movimento
D1T2,2519.0,2520.0,2549.0,122.5,selecionado_sem_calibrar,268.19477384889274,145.69477384889274,parado
D1T2,2549.0,2550.0,2579.0,188.0,selecionado_sem_calibrar,272.86879222871573,84.86879222871573,freio_fora_faixa
D1T2,2579.0,2580.0,2609.0,361.95,selecionado_sem_calibrar,130.00553577360395,-231.94446422639604,movimento
D1T2,2609.0,2610.0,2639.0,558.5,selecionado_sem_calibrar,588.571494387301,30.07149438730096,movimento
D1T2,2639.0,2640.0,2669.0,59.199999999999996,selecionado_sem_calibrar,87.59500376299673,28.39500376299673,freio_fora_faixa
D1T2,2669.0,2670.0,2699.0,67.25,selecionado_sem_calibrar,276.5453695733235,209.2953695733235,parado
D1T2,2699.0,2700.0,2729.0,89.35000000000001,selecionado_sem_calibrar,213.34530218813876,123.99530218813875,parado
D1T2,2729.0,2730.0,2759.0,154.05000000000004,selecionado_sem_calibrar,519.7926223155714,365.74262231557134,freio_fora_faixa
D1T2,2759.0,2760.0,2789.0,414.35,selecionado_sem_calibrar,211.04899092778456,-203.30100907221546,freio_fora_faixa
D1T2,2789.0,2790.0,2819.0,105.05,selecionado_sem_calibrar,583.9698497142513,478.91984971425126,demanda_alta
D1T2,2819.0,2820.0,2849.0,120.64999999999999,selecionado_sem_calibrar,404.65625461909826,284.0062546190983,freio_fora_faixa
D1T2,2849.0,2850.0,2879.0,161.4,selecionado_sem_calibrar,265.3513662432333,103.95136624323331,frenagem
D1T2,2879.0,2880.0,2909.0,1010.6500000000001,selecionado_sem_calibrar,720.7090495015905,-289.9409504984096,demanda_alta
D1T2,2909.0,2910.0,2939.0,998.25,selecionado_sem_calibrar,907.8474209485308,-90.40257905146916,demanda_alta
D1T2,2939.0,2940.0,2969.0,542.25,selecionado_sem_calibrar,426.69629406784384,-115.55370593215616,movimento
D1T2,2969.0,2970.0,2999.0,0.0,selecionado_sem_calibrar,264.1252251897158,264.1252251897158,movimento
D1T2,2999.0,3000.0,3029.0,59.800000000000004,selecionado_sem_calibrar,145.7898645502331,85.98986455023308,freio_fora_faixa
D1T2,3029.0,3030.0,3059.0,363.9000000000001,selecionado_sem_calibrar,390.5079994096197,26.607999409619595,frenagem
D1T2,3059.0,3060.0,3089.0,820.1999999999999,selecionado_sem_calibrar,510.50563644455656,-309.6943635554434,movimento
D1T2,3089.0,3090.0,3119.0,685.35,selecionado_sem_calibrar,856.6119423739473,171.26194237394725,demanda_alta
D1T2,3119.0,3120.0,3149.0,86.5,selecionado_sem_calibrar,180.22233263919506,93.72233263919506,freio_fora_faixa
D1T2,3149.0,3150.0,3179.0,32.60000000000001,selecionado_sem_calibrar,165.38964857849035,132.78964857849036,frenagem
D1T2,3179.0,3180.0,3209.0,123.8,selecionado_sem_calibrar,336.77408182659445,212.97408182659444,parado
D1T2,3209.0,3210.0,3239.0,709.3499999999999,selecionado_sem_calibrar,508.24764423525977,-201.10235576474014,movimento
D1T2,3239.0,3240.0,3269.0,1088.1,selecionado_sem_calibrar,927.3496917095799,-160.75030829041998,demanda_alta
D1T2,3269.0,3270.0,3299.0,431.80000000000007,selecionado_sem_calibrar,169.28722786564128,-262.5127721343588,movimento
D1T2,3299.0,3300.0,3329.0,149.24999999999997,selecionado_sem_calibrar,659.1554873733826,509.9054873733826,demanda_alta
D1T2,3329.0,3330.0,3359.0,216.39999999999998,selecionado_sem_calibrar,303.7759479700806,87.37594797008063,parado
D1T2,3359.0,3360.0,3389.0,1066.6000000000001,selecionado_sem_calibrar,661.6940988356059,-404.9059011643942,demanda_alta
D1T2,3389.0,3390.0,3419.0,69.3,selecionado_sem_calibrar,146.99150206982654,77.69150206982654,movimento
D1T2,3419.0,3420.0,3449.0,1.8,selecionado_sem_calibrar,279.79889324367105,277.99889324367103,movimento
D1T2,3449.0,3450.0,3479.0,84.55000000000001,selecionado_sem_calibrar,321.470952731399,236.92095273139898,movimento
D1T2,3479.0,3480.0,3509.0,78.95000000000002,selecionado_sem_calibrar,197.69047836212087,118.74047836212085,movimento
D1T2,3509.0,3510.0,3539.0,62.35,selecionado_sem_calibrar,394.63234473399297,332.28234473399294,movimento
D1T2,3539.0,3540.0,3569.0,53.7,selecionado_sem_calibrar,247.9216899645059,194.2216899645059,parado
D1T2,3569.0,3570.0,3599.0,0.0,selecionado_sem_calibrar,89.43908085396193,89.43908085396193,movimento
D1T2,3599.0,3600.0,3629.0,17.0,selecionado_sem_calibrar,129.88860758335608,112.88860758335608,movimento
D1T2,3629.0,3630.0,3659.0,254.54999999999998,selecionado_sem_calibrar,174.4763052481794,-80.0736947518206,frenagem
D1T2,3659.0,3660.0,3689.0,671.0999999999999,selecionado_sem_calibrar,490.2742987727201,-180.8257012272798,movimento
D1T2,3689.0,3690.0,3719.0,1322.8999999999999,selecionado_sem_calibrar,1012.6927883855669,-310.20721161443294,demanda_alta
D1T2,3719.0,3720.0,3749.0,59.849999999999994,selecionado_sem_calibrar,560.9470115779546,501.0970115779546,demanda_alta
D1T2,3749.0,3750.0,3779.0,0.0,selecionado_sem_calibrar,282.341165607014,282.341165607014,movimento
D1T2,3779.0,3780.0,3809.0,568.8999999999999,selecionado_sem_calibrar,104.06917269749056,-464.8308273025093,movimento
D1T2,3809.0,3810.0,3839.0,686.9,selecionado_sem_calibrar,605.2030826531213,-81.69691734687865,demanda_alta
D1T2,3839.0,3840.0,3869.0,454.55,selecionado_sem_calibrar,560.1623214979109,105.61232149791084,movimento
D1T2,29.0,30.0,59.0,114.50000000000003,selecionado_calibrado,367.1515877386833,252.65158773868328,freio_fora_faixa
D1T2,59.0,60.0,89.0,129.95000000000002,selecionado_calibrado,254.8184751550567,124.86847515505667,frenagem
D1T2,89.0,90.0,119.0,309.09999999999997,selecionado_calibrado,355.8680217956136,46.768021795613606,movimento
D1T2,119.0,120.0,149.0,153.05,selecionado_calibrado,631.0951325868681,478.0451325868681,movimento
D1T2,149.0,150.0,179.0,1143.0,selecionado_calibrado,697.9040608015425,-445.0959391984575,demanda_alta
D1T2,179.0,180.0,209.0,332.9,selecionado_calibrado,179.98366376959956,-152.91633623040042,movimento
D1T2,209.0,210.0,239.0,134.5,selecionado_calibrado,293.7461841846177,159.24618418461768,freio_fora_faixa
D1T2,239.0,240.0,269.0,883.1499999999999,selecionado_calibrado,661.6023095807457,-221.5476904192542,demanda_alta
D1T2,269.0,270.0,299.0,331.80000000000007,selecionado_calibrado,832.8024952156586,501.00249521565854,demanda_alta
D1T2,299.0,300.0,329.0,93.59999999999998,selecionado_calibrado,390.44155373685777,296.8415537368578,freio_fora_faixa
D1T2,329.0,330.0,359.0,104.44999999999999,selecionado_calibrado,369.9646530509918,265.5146530509918,freio_fora_faixa
D1T2,359.0,360.0,389.0,790.1000000000001,selecionado_calibrado,506.47460750840156,-283.6253924915986,demanda_alta
D1T2,389.0,390.0,419.0,144.45000000000002,selecionado_calibrado,439.834558335507,295.384558335507,freio_fora_faixa
D1T2,419.0,420.0,449.0,533.35,selecionado_calibrado,359.34414040316256,-174.00585959683747,freio_fora_faixa
D1T2,449.0,450.0,479.0,436.6,selecionado_calibrado,664.6694085740193,228.06940857401923,movimento
D1T2,479.0,480.0,509.0,61.199999999999996,selecionado_calibrado,749.5697692902849,688.3697692902848,freio_fora_faixa
D1T2,509.0,510.0,539.0,106.75,selecionado_calibrado,95.5289254021926,-11.221074597807402,movimento
D1T2,539.0,540.0,569.0,50.699999999999996,selecionado_calibrado,417.266709094551,366.566709094551,movimento
D1T2,569.0,570.0,599.0,193.65000000000003,selecionado_calibrado,161.19744370541179,-32.45255629458825,frenagem
D1T2,599.0,600.0,629.0,77.74999999999999,selecionado_calibrado,482.4519646816791,404.7019646816791,frenagem
D1T2,629.0,630.0,659.0,297.9,selecionado_calibrado,399.4359038971034,101.53590389710342,parado
D1T2,659.0,660.0,689.0,459.19999999999993,selecionado_calibrado,504.7706985735621,45.57069857356214,demanda_alta
D1T2,689.0,690.0,719.0,1121.9499999999998,selecionado_calibrado,380.712759272025,-741.2372407279748,demanda_alta
D1T2,719.0,720.0,749.0,93.05,selecionado_calibrado,247.22118175222323,154.17118175222322,demanda_alta
D1T2,749.0,750.0,779.0,76.4,selecionado_calibrado,320.28746368802507,243.88746368802506,frenagem
D1T2,779.0,780.0,809.0,56.150000000000006,selecionado_calibrado,383.57167231648566,327.4216723164857,parado
D1T2,809.0,810.0,839.0,89.55,selecionado_calibrado,50.259924439287815,-39.29007556071218,movimento
D1T2,839.0,840.0,869.0,144.79999999999998,selecionado_calibrado,215.06271724935735,70.26271724935737,movimento
D1T2,869.0,870.0,899.0,464.25000000000006,selecionado_calibrado,210.75030087075982,-253.49969912924024,movimento
D1T2,899.0,900.0,929.0,277.25,selecionado_calibrado,555.0656973355148,277.81569733551476,movimento
D1T2,929.0,930.0,959.0,278.5,selecionado_calibrado,312.4877821145549,33.987782114554875,movimento
D1T2,959.0,960.0,989.0,436.54999999999995,selecionado_calibrado,527.4906371124022,90.94063711240221,movimento
D1T2,989.0,990.0,1019.0,0.0,selecionado_calibrado,196.75799575881072,196.75799575881072,movimento
D1T2,1019.0,1020.0,1049.0,181.8,selecionado_calibrado,273.6480351990681,91.84803519906808,movimento
D1T2,1049.0,1050.0,1079.0,21.15,selecionado_calibrado,221.32463083883786,200.17463083883786,movimento
D1T2,1079.0,1080.0,1109.0,20.15,selecionado_calibrado,57.20840050500541,37.05840050500541,movimento
D1T2,1109.0,1110.0,1139.0,200.5,selecionado_calibrado,340.6840789924408,140.1840789924408,freio_fora_faixa
D1T2,1139.0,1140.0,1169.0,513.85,selecionado_calibrado,725.6110337099437,211.76103370994372,freio_fora_faixa
D1T2,1169.0,1170.0,1199.0,268.25000000000006,selecionado_calibrado,445.29288628186174,177.04288628186168,movimento
D1T2,1199.0,1200.0,1229.0,70.44999999999999,selecionado_calibrado,374.5248429397337,304.0748429397337,parado
D1T2,1229.0,1230.0,1259.0,234.9,selecionado_calibrado,315.0081567717162,80.10815677171618,parado
D1T2,1259.0,1260.0,1289.0,190.00000000000003,selecionado_calibrado,255.8979633691386,65.89796336913858,frenagem
D1T2,1289.0,1290.0,1319.0,73.34999999999998,selecionado_calibrado,394.95754141644477,321.6075414164448,movimento
D1T2,1319.0,1320.0,1349.0,103.49999999999999,selecionado_calibrado,166.28773834830147,62.78773834830149,parado
D1T2,1349.0,1350.0,1379.0,244.0,selecionado_calibrado,371.43252573098226,127.43252573098226,freio_fora_faixa
D1T2,1379.0,1380.0,1409.0,121.95,selecionado_calibrado,5.76865193350288,-116.18134806649712,movimento
D1T2,1409.0,1410.0,1439.0,37.55,selecionado_calibrado,183.01996933296385,145.46996933296384,movimento
D1T2,1439.0,1440.0,1469.0,93.4,selecionado_calibrado,179.04175313486925,85.64175313486925,parado
D1T2,1469.0,1470.0,1499.0,182.59999999999997,selecionado_calibrado,407.447939255834,224.84793925583404,freio_fora_faixa
D1T2,1499.0,1500.0,1529.0,117.8,selecionado_calibrado,298.1943982596364,180.39439825963638,freio_fora_faixa
D1T2,1529.0,1530.0,1559.0,624.8,selecionado_calibrado,253.9043329518982,-370.89566704810176,freio_fora_faixa
D1T2,1559.0,1560.0,1589.0,96.60000000000001,selecionado_calibrado,776.6789170952951,680.0789170952951,movimento
D1T2,1589.0,1590.0,1619.0,284.7,selecionado_calibrado,303.46495873238416,18.764958732384173,parado
D1T2,1619.0,1620.0,1649.0,281.5,selecionado_calibrado,622.8993947168836,341.39939471688365,demanda_alta
D1T2,1649.0,1650.0,1679.0,239.39999999999998,selecionado_calibrado,341.9018365562496,102.5018365562496,movimento
D1T2,1679.0,1680.0,1709.0,643.95,selecionado_calibrado,563.2780060221394,-80.67199397786067,movimento
D1T2,1709.0,1710.0,1739.0,695.8,selecionado_calibrado,1015.3632081780252,319.5632081780252,demanda_alta
D1T2,1739.0,1740.0,1769.0,531.1999999999999,selecionado_calibrado,377.15795457358513,-154.0420454264148,movimento
D1T2,1769.0,1770.0,1799.0,173.84999999999997,selecionado_calibrado,622.31108335533,448.46108335533,demanda_alta
D1T2,1799.0,1800.0,1829.0,74.45,selecionado_calibrado,368.31920226900644,293.86920226900645,frenagem
D1T2,1829.0,1830.0,1859.0,382.25,selecionado_calibrado,289.39271656359557,-92.85728343640443,movimento
D1T2,1859.0,1860.0,1889.0,1037.3,selecionado_calibrado,645.4541645622764,-391.8458354377235,demanda_alta
D1T2,1889.0,1890.0,1919.0,654.9500000000002,selecionado_calibrado,236.85564784589144,-418.0943521541087,frenagem
D1T2,1919.0,1920.0,1949.0,76.25,selecionado_calibrado,513.7094021225906,437.45940212259063,movimento
D1T2,1949.0,1950.0,1979.0,168.30000000000004,selecionado_calibrado,207.78377216957026,39.483772169570216,movimento
D1T2,1979.0,1980.0,2009.0,319.79999999999995,selecionado_calibrado,504.2587181884519,184.45871818845194,parado
D1T2,2009.0,2010.0,2039.0,299.8,selecionado_calibrado,675.8845238446992,376.08452384469916,movimento
D1T2,2039.0,2040.0,2069.0,39.15,selecionado_calibrado,236.72143207737938,197.57143207737937,movimento
D1T2,2069.0,2070.0,2099.0,727.7500000000001,selecionado_calibrado,181.3394381440772,-546.4105618559229,movimento
D1T2,2099.0,2100.0,2129.0,144.39999999999995,selecionado_calibrado,818.8853321515345,674.4853321515345,demanda_alta
D1T2,2129.0,2130.0,2159.0,266.24999999999994,selecionado_calibrado,378.9610182787298,112.71101827872985,parado
D1T2,2159.0,2160.0,2189.0,599.9000000000001,selecionado_calibrado,464.23315948443513,-135.66684051556496,demanda_alta
D1T2,2189.0,2190.0,2219.0,100.65,selecionado_calibrado,174.7628468626795,74.1128468626795,movimento
D1T2,2219.0,2220.0,2249.0,1.75,selecionado_calibrado,252.63319481170404,250.88319481170404,movimento
D1T2,2249.0,2250.0,2279.0,84.74999999999999,selecionado_calibrado,281.212387082971,196.46238708297102,freio_fora_faixa
D1T2,2279.0,2280.0,2309.0,127.65,selecionado_calibrado,373.3640037363581,245.71400373635808,movimento
D1T2,2309.0,2310.0,2339.0,132.4,selecionado_calibrado,41.31991066150387,-91.08008933849614,movimento
D1T2,2339.0,2340.0,2369.0,5.7,selecionado_calibrado,498.502788840224,492.802788840224,movimento
D1T2,2369.0,2370.0,2399.0,36.55,selecionado_calibrado,185.17297903806542,148.6229790380654,frenagem
D1T2,2399.0,2400.0,2429.0,189.9,selecionado_calibrado,408.04206720706844,218.14206720706844,parado
D1T2,2429.0,2430.0,2459.0,321.80000000000007,selecionado_calibrado,460.9405568953633,139.1405568953632,movimento
D1T2,2459.0,2460.0,2489.0,57.45,selecionado_calibrado,567.8096145725181,510.35961457251807,demanda_alta
D1T2,2489.0,2490.0,2519.0,71.84999999999998,selecionado_calibrado,192.5993041998477,120.74930419984771,movimento
D1T2,2519.0,2520.0,2549.0,122.5,selecionado_calibrado,273.96342578239563,151.46342578239563,parado
D1T2,2549.0,2550.0,2579.0,188.0,selecionado_calibrado,278.6374441622186,90.63744416221863,freio_fora_faixa
D1T2,2579.0,2580.0,2609.0,361.95,selecionado_calibrado,135.77418770710682,-226.17581229289317,movimento
D1T2,2609.0,2610.0,2639.0,558.5,selecionado_calibrado,594.3401463208038,35.8401463208038,movimento
D1T2,2639.0,2640.0,2669.0,59.199999999999996,selecionado_calibrado,93.3636556964996,34.16365569649961,freio_fora_faixa
D1T2,2669.0,2670.0,2699.0,67.25,selecionado_calibrado,282.3140215068264,215.0640215068264,parado
D1T2,2699.0,2700.0,2729.0,89.35000000000001,selecionado_calibrado,219.11395412164163,129.76395412164163,parado
D1T2,2729.0,2730.0,2759.0,154.05000000000004,selecionado_calibrado,525.5612742490742,371.5112742490742,freio_fora_faixa
D1T2,2759.0,2760.0,2789.0,414.35,selecionado_calibrado,216.81764286128742,-197.5323571387126,freio_fora_faixa
D1T2,2789.0,2790.0,2819.0,105.05,selecionado_calibrado,589.7385016477541,484.6885016477541,demanda_alta
D1T2,2819.0,2820.0,2849.0,120.64999999999999,selecionado_calibrado,410.42490655260116,289.7749065526012,freio_fora_faixa
D1T2,2849.0,2850.0,2879.0,161.4,selecionado_calibrado,271.1200181767362,109.7200181767362,frenagem
D1T2,2879.0,2880.0,2909.0,1010.6500000000001,selecionado_calibrado,726.4777014350933,-284.1722985649068,demanda_alta
D1T2,2909.0,2910.0,2939.0,998.25,selecionado_calibrado,913.6160728820337,-84.63392711796632,demanda_alta
D1T2,2939.0,2940.0,2969.0,542.25,selecionado_calibrado,432.46494600134673,-109.78505399865327,movimento
D1T2,2969.0,2970.0,2999.0,0.0,selecionado_calibrado,269.8938771232187,269.8938771232187,movimento
D1T2,2999.0,3000.0,3029.0,59.800000000000004,selecionado_calibrado,151.55851648373596,91.75851648373595,freio_fora_faixa
D1T2,3029.0,3030.0,3059.0,363.9000000000001,selecionado_calibrado,396.2766513431226,32.37665134312249,frenagem
D1T2,3059.0,3060.0,3089.0,820.1999999999999,selecionado_calibrado,516.2742883780594,-303.92571162194054,movimento
D1T2,3089.0,3090.0,3119.0,685.35,selecionado_calibrado,862.3805943074501,177.0305943074501,demanda_alta
D1T2,3119.0,3120.0,3149.0,86.5,selecionado_calibrado,185.99098457269793,99.49098457269793,freio_fora_faixa
D1T2,3149.0,3150.0,3179.0,32.60000000000001,selecionado_calibrado,171.15830051199322,138.5583005119932,frenagem
D1T2,3179.0,3180.0,3209.0,123.8,selecionado_calibrado,342.54273376009735,218.74273376009734,parado
D1T2,3209.0,3210.0,3239.0,709.3499999999999,selecionado_calibrado,514.0162961687627,-195.33370383123724,movimento
D1T2,3239.0,3240.0,3269.0,1088.1,selecionado_calibrado,933.1183436430828,-154.98165635691714,demanda_alta
D1T2,3269.0,3270.0,3299.0,431.80000000000007,selecionado_calibrado,175.05587979914415,-256.74412020085595,movimento
D1T2,3299.0,3300.0,3329.0,149.24999999999997,selecionado_calibrado,664.9241393068854,515.6741393068854,demanda_alta
D1T2,3329.0,3330.0,3359.0,216.39999999999998,selecionado_calibrado,309.5445999035835,93.14459990358353,parado
D1T2,3359.0,3360.0,3389.0,1066.6000000000001,selecionado_calibrado,667.4627507691088,-399.13724923089137,demanda_alta
D1T2,3389.0,3390.0,3419.0,69.3,selecionado_calibrado,152.7601540033294,83.46015400332941,movimento
D1T2,3419.0,3420.0,3449.0,1.8,selecionado_calibrado,285.56754517717394,283.76754517717393,movimento
D1T2,3449.0,3450.0,3479.0,84.55000000000001,selecionado_calibrado,327.2396046649019,242.68960466490188,movimento
D1T2,3479.0,3480.0,3509.0,78.95000000000002,selecionado_calibrado,203.45913029562374,124.50913029562372,movimento
D1T2,3509.0,3510.0,3539.0,62.35,selecionado_calibrado,400.40099666749586,338.05099666749584,movimento
D1T2,3539.0,3540.0,3569.0,53.7,selecionado_calibrado,253.69034189800877,199.99034189800875,parado
D1T2,3569.0,3570.0,3599.0,0.0,selecionado_calibrado,95.2077327874648,95.2077327874648,movimento
D1T2,3599.0,3600.0,3629.0,17.0,selecionado_calibrado,135.65725951685894,118.65725951685894,movimento
D1T2,3629.0,3630.0,3659.0,254.54999999999998,selecionado_calibrado,180.24495718168225,-74.30504281831773,frenagem
D1T2,3659.0,3660.0,3689.0,671.0999999999999,selecionado_calibrado,496.042950706223,-175.0570492937769,movimento
D1T2,3689.0,3690.0,3719.0,1322.8999999999999,selecionado_calibrado,1018.4614403190698,-304.4385596809301,demanda_alta
D1T2,3719.0,3720.0,3749.0,59.849999999999994,selecionado_calibrado,566.7156635114575,506.86566351145746,demanda_alta
D1T2,3749.0,3750.0,3779.0,0.0,selecionado_calibrado,288.1098175405169,288.1098175405169,movimento
D1T2,3779.0,3780.0,3809.0,568.8999999999999,selecionado_calibrado,109.83782463099344,-459.0621753690064,movimento
D1T2,3809.0,3810.0,3839.0,686.9,selecionado_calibrado,610.9717345866242,-75.92826541337581,demanda_alta
D1T2,3839.0,3840.0,3869.0,454.55,selecionado_calibrado,565.9309734314137,111.38097343141368,movimento
D2T1,30.0,31.0,60.0,478.59999999999997,persistencia,78.0,-400.59999999999997,frenagem
D2T1,60.0,61.0,90.0,319.4,persistencia,772.5,453.1,demanda_alta
D2T1,90.0,91.0,120.0,560.25,persistencia,855.0,294.75,demanda_alta
D2T1,120.0,121.0,150.0,26.0,persistencia,895.5,869.5,demanda_alta
D2T1,150.0,151.0,180.0,0.0,persistencia,0.0,0.0,frenagem
D2T1,180.0,181.0,210.0,124.2,persistencia,0.0,-124.2,frenagem
D2T1,210.0,211.0,240.0,396.2,persistencia,0.0,-396.2,movimento
D2T1,240.0,241.0,270.0,43.25,persistencia,669.0,625.75,demanda_alta
D2T1,270.0,271.0,300.0,443.24999999999994,persistencia,0.0,-443.24999999999994,movimento
D2T1,300.0,301.0,330.0,771.15,persistencia,466.5,-304.65,freio_fora_faixa
D2T1,330.0,331.0,360.0,422.15000000000003,persistencia,681.0,258.84999999999997,freio_fora_faixa
D2T1,360.0,361.0,390.0,540.3,persistencia,0.0,-540.3,frenagem
D2T1,390.0,391.0,420.0,501.9,persistencia,826.5,324.6,demanda_alta
D2T1,420.0,421.0,450.0,537.65,persistencia,241.50000000000003,-296.15,movimento
D2T1,450.0,451.0,480.0,501.0,persistencia,573.0,72.0,demanda_alta
D2T1,480.0,481.0,510.0,75.5,persistencia,472.5,397.0,freio_fora_faixa
D2T1,510.0,511.0,540.0,46.300000000000004,persistencia,0.0,-46.300000000000004,frenagem
D2T1,540.0,541.0,570.0,294.8,persistencia,70.5,-224.3,parado
D2T1,570.0,571.0,600.0,108.75,persistencia,795.0,686.25,freio_fora_faixa
D2T1,600.0,601.0,630.0,0.0,persistencia,0.0,0.0,movimento
D2T1,630.0,631.0,660.0,0.0,persistencia,0.0,0.0,frenagem
D2T1,660.0,661.0,690.0,94.69999999999999,persistencia,0.0,-94.69999999999999,freio_fora_faixa
D2T1,690.0,691.0,720.0,97.70000000000002,persistencia,414.0,316.29999999999995,freio_fora_faixa
D2T1,720.0,721.0,750.0,542.75,persistencia,64.5,-478.25,freio_fora_faixa
D2T1,750.0,751.0,780.0,53.65,persistencia,0.0,-53.65,freio_fora_faixa
D2T1,780.0,781.0,810.0,92.89999999999999,persistencia,34.5,-58.39999999999999,movimento
D2T1,810.0,811.0,840.0,285.0,persistencia,448.5,163.5,movimento
D2T1,840.0,841.0,870.0,40.349999999999994,persistencia,0.0,-40.349999999999994,freio_fora_faixa
D2T1,870.0,871.0,900.0,83.95000000000002,persistencia,67.5,-16.450000000000017,freio_fora_faixa
D2T1,900.0,901.0,930.0,333.95000000000005,persistencia,64.5,-269.45000000000005,frenagem
D2T1,930.0,931.0,960.0,565.6500000000001,persistencia,813.0,247.3499999999999,demanda_alta
D2T1,960.0,961.0,990.0,123.75,persistencia,1105.5,981.75,demanda_alta
D2T1,990.0,991.0,1020.0,209.79999999999998,persistencia,0.0,-209.79999999999998,movimento
D2T1,1020.0,1021.0,1050.0,461.5,persistencia,475.5,14.0,movimento
D2T1,1050.0,1051.0,1080.0,186.0,persistencia,0.0,-186.0,movimento
D2T1,1080.0,1081.0,1110.0,952.5000000000001,persistencia,834.0,-118.50000000000011,demanda_alta
D2T1,1110.0,1111.0,1140.0,892.0,persistencia,954.0,62.0,movimento
D2T1,1140.0,1141.0,1170.0,286.40000000000003,persistencia,546.0,259.59999999999997,movimento
D2T1,1170.0,1171.0,1200.0,485.4,persistencia,577.5,92.10000000000002,movimento
D2T1,1200.0,1201.0,1230.0,683.45,persistencia,747.0,63.549999999999955,demanda_alta
D2T1,1230.0,1231.0,1260.0,1135.6,persistencia,513.0,-622.5999999999999,demanda_alta
D2T1,1260.0,1261.0,1290.0,931.2500000000001,persistencia,1336.5,405.2499999999999,demanda_alta
D2T1,1290.0,1291.0,1320.0,372.95,persistencia,1282.5,909.55,demanda_alta
D2T1,1320.0,1321.0,1350.0,188.65000000000003,persistencia,0.0,-188.65000000000003,movimento
D2T1,1350.0,1351.0,1380.0,155.0,persistencia,463.5,308.5,movimento
D2T1,1380.0,1381.0,1410.0,719.65,persistencia,1017.0,297.35,demanda_alta
D2T1,1410.0,1411.0,1440.0,0.0,persistencia,0.0,0.0,movimento
D2T1,1440.0,1441.0,1470.0,0.0,persistencia,0.0,0.0,movimento
D2T1,1470.0,1471.0,1500.0,0.0,persistencia,0.0,0.0,movimento
D2T1,1500.0,1501.0,1530.0,174.85000000000002,persistencia,0.0,-174.85000000000002,frenagem
D2T1,1530.0,1531.0,1560.0,846.75,persistencia,562.5,-284.25,movimento
D2T1,1560.0,1561.0,1590.0,33.349999999999994,persistencia,295.5,262.15,movimento
D2T1,1590.0,1591.0,1620.0,149.95,persistencia,0.0,-149.95,movimento
D2T1,1620.0,1621.0,1650.0,211.50000000000003,persistencia,258.0,46.49999999999997,movimento
D2T1,1650.0,1651.0,1680.0,5.5,persistencia,0.0,-5.5,movimento
D2T1,30.0,31.0,60.0,478.59999999999997,mediana_treino,182.59999999999997,-296.0,frenagem
D2T1,60.0,61.0,90.0,319.4,mediana_treino,182.59999999999997,-136.8,demanda_alta
D2T1,90.0,91.0,120.0,560.25,mediana_treino,182.59999999999997,-377.65000000000003,demanda_alta
D2T1,120.0,121.0,150.0,26.0,mediana_treino,182.59999999999997,156.59999999999997,demanda_alta
D2T1,150.0,151.0,180.0,0.0,mediana_treino,182.59999999999997,182.59999999999997,frenagem
D2T1,180.0,181.0,210.0,124.2,mediana_treino,182.59999999999997,58.39999999999996,frenagem
D2T1,210.0,211.0,240.0,396.2,mediana_treino,182.59999999999997,-213.60000000000002,movimento
D2T1,240.0,241.0,270.0,43.25,mediana_treino,182.59999999999997,139.34999999999997,demanda_alta
D2T1,270.0,271.0,300.0,443.24999999999994,mediana_treino,182.59999999999997,-260.65,movimento
D2T1,300.0,301.0,330.0,771.15,mediana_treino,182.59999999999997,-588.55,freio_fora_faixa
D2T1,330.0,331.0,360.0,422.15000000000003,mediana_treino,182.59999999999997,-239.55000000000007,freio_fora_faixa
D2T1,360.0,361.0,390.0,540.3,mediana_treino,182.59999999999997,-357.7,frenagem
D2T1,390.0,391.0,420.0,501.9,mediana_treino,182.59999999999997,-319.3,demanda_alta
D2T1,420.0,421.0,450.0,537.65,mediana_treino,182.59999999999997,-355.05,movimento
D2T1,450.0,451.0,480.0,501.0,mediana_treino,182.59999999999997,-318.40000000000003,demanda_alta
D2T1,480.0,481.0,510.0,75.5,mediana_treino,182.59999999999997,107.09999999999997,freio_fora_faixa
D2T1,510.0,511.0,540.0,46.300000000000004,mediana_treino,182.59999999999997,136.29999999999995,frenagem
D2T1,540.0,541.0,570.0,294.8,mediana_treino,182.59999999999997,-112.20000000000005,parado
D2T1,570.0,571.0,600.0,108.75,mediana_treino,182.59999999999997,73.84999999999997,freio_fora_faixa
D2T1,600.0,601.0,630.0,0.0,mediana_treino,182.59999999999997,182.59999999999997,movimento
D2T1,630.0,631.0,660.0,0.0,mediana_treino,182.59999999999997,182.59999999999997,frenagem
D2T1,660.0,661.0,690.0,94.69999999999999,mediana_treino,182.59999999999997,87.89999999999998,freio_fora_faixa
D2T1,690.0,691.0,720.0,97.70000000000002,mediana_treino,182.59999999999997,84.89999999999995,freio_fora_faixa
D2T1,720.0,721.0,750.0,542.75,mediana_treino,182.59999999999997,-360.15000000000003,freio_fora_faixa
D2T1,750.0,751.0,780.0,53.65,mediana_treino,182.59999999999997,128.94999999999996,freio_fora_faixa
D2T1,780.0,781.0,810.0,92.89999999999999,mediana_treino,182.59999999999997,89.69999999999997,movimento
D2T1,810.0,811.0,840.0,285.0,mediana_treino,182.59999999999997,-102.40000000000003,movimento
D2T1,840.0,841.0,870.0,40.349999999999994,mediana_treino,182.59999999999997,142.24999999999997,freio_fora_faixa
D2T1,870.0,871.0,900.0,83.95000000000002,mediana_treino,182.59999999999997,98.64999999999995,freio_fora_faixa
D2T1,900.0,901.0,930.0,333.95000000000005,mediana_treino,182.59999999999997,-151.35000000000008,frenagem
D2T1,930.0,931.0,960.0,565.6500000000001,mediana_treino,182.59999999999997,-383.0500000000001,demanda_alta
D2T1,960.0,961.0,990.0,123.75,mediana_treino,182.59999999999997,58.849999999999966,demanda_alta
D2T1,990.0,991.0,1020.0,209.79999999999998,mediana_treino,182.59999999999997,-27.200000000000017,movimento
D2T1,1020.0,1021.0,1050.0,461.5,mediana_treino,182.59999999999997,-278.90000000000003,movimento
D2T1,1050.0,1051.0,1080.0,186.0,mediana_treino,182.59999999999997,-3.400000000000034,movimento
D2T1,1080.0,1081.0,1110.0,952.5000000000001,mediana_treino,182.59999999999997,-769.9000000000001,demanda_alta
D2T1,1110.0,1111.0,1140.0,892.0,mediana_treino,182.59999999999997,-709.4000000000001,movimento
D2T1,1140.0,1141.0,1170.0,286.40000000000003,mediana_treino,182.59999999999997,-103.80000000000007,movimento
D2T1,1170.0,1171.0,1200.0,485.4,mediana_treino,182.59999999999997,-302.8,movimento
D2T1,1200.0,1201.0,1230.0,683.45,mediana_treino,182.59999999999997,-500.8500000000001,demanda_alta
D2T1,1230.0,1231.0,1260.0,1135.6,mediana_treino,182.59999999999997,-953.0,demanda_alta
D2T1,1260.0,1261.0,1290.0,931.2500000000001,mediana_treino,182.59999999999997,-748.6500000000001,demanda_alta
D2T1,1290.0,1291.0,1320.0,372.95,mediana_treino,182.59999999999997,-190.35000000000002,demanda_alta
D2T1,1320.0,1321.0,1350.0,188.65000000000003,mediana_treino,182.59999999999997,-6.050000000000068,movimento
D2T1,1350.0,1351.0,1380.0,155.0,mediana_treino,182.59999999999997,27.599999999999966,movimento
D2T1,1380.0,1381.0,1410.0,719.65,mediana_treino,182.59999999999997,-537.05,demanda_alta
D2T1,1410.0,1411.0,1440.0,0.0,mediana_treino,182.59999999999997,182.59999999999997,movimento
D2T1,1440.0,1441.0,1470.0,0.0,mediana_treino,182.59999999999997,182.59999999999997,movimento
D2T1,1470.0,1471.0,1500.0,0.0,mediana_treino,182.59999999999997,182.59999999999997,movimento
D2T1,1500.0,1501.0,1530.0,174.85000000000002,mediana_treino,182.59999999999997,7.749999999999943,frenagem
D2T1,1530.0,1531.0,1560.0,846.75,mediana_treino,182.59999999999997,-664.1500000000001,movimento
D2T1,1560.0,1561.0,1590.0,33.349999999999994,mediana_treino,182.59999999999997,149.24999999999997,movimento
D2T1,1590.0,1591.0,1620.0,149.95,mediana_treino,182.59999999999997,32.64999999999998,movimento
D2T1,1620.0,1621.0,1650.0,211.50000000000003,mediana_treino,182.59999999999997,-28.900000000000063,movimento
D2T1,1650.0,1651.0,1680.0,5.5,mediana_treino,182.59999999999997,177.09999999999997,movimento
D2T1,30.0,31.0,60.0,478.59999999999997,selecionado_sem_calibrar,206.9554407729695,-271.64455922703047,frenagem
D2T1,60.0,61.0,90.0,319.4,selecionado_sem_calibrar,453.8220472395703,134.4220472395703,demanda_alta
D2T1,90.0,91.0,120.0,560.25,selecionado_sem_calibrar,288.21492544964553,-272.03507455035447,demanda_alta
D2T1,120.0,121.0,150.0,26.0,selecionado_sem_calibrar,478.40691019134727,452.40691019134727,demanda_alta
D2T1,150.0,151.0,180.0,0.0,selecionado_sem_calibrar,45.188238765759884,45.188238765759884,frenagem
D2T1,180.0,181.0,210.0,124.2,selecionado_sem_calibrar,3.619476270959289,-120.58052372904072,frenagem
D2T1,210.0,211.0,240.0,396.2,selecionado_sem_calibrar,0.0,-396.2,movimento
D2T1,240.0,241.0,270.0,43.25,selecionado_sem_calibrar,99.65602341831917,56.406023418319165,demanda_alta
D2T1,270.0,271.0,300.0,443.24999999999994,selecionado_sem_calibrar,71.3021224730077,-371.9478775269922,movimento
D2T1,300.0,301.0,330.0,771.15,selecionado_sem_calibrar,291.72794215209274,-479.42205784790724,freio_fora_faixa
D2T1,330.0,331.0,360.0,422.15000000000003,selecionado_sem_calibrar,198.36096133239212,-223.7890386676079,freio_fora_faixa
D2T1,360.0,361.0,390.0,540.3,selecionado_sem_calibrar,184.00534329262146,-356.2946567073785,frenagem
D2T1,390.0,391.0,420.0,501.9,selecionado_sem_calibrar,327.98897227404353,-173.91102772595644,demanda_alta
D2T1,420.0,421.0,450.0,537.65,selecionado_sem_calibrar,331.5413321552908,-206.1086678447092,movimento
D2T1,450.0,451.0,480.0,501.0,selecionado_sem_calibrar,123.66527686010713,-377.33472313989284,demanda_alta
D2T1,480.0,481.0,510.0,75.5,selecionado_sem_calibrar,209.27137925171434,133.77137925171434,freio_fora_faixa
D2T1,510.0,511.0,540.0,46.300000000000004,selecionado_sem_calibrar,153.06518831260698,106.76518831260697,frenagem
D2T1,540.0,541.0,570.0,294.8,selecionado_sem_calibrar,226.50632820968337,-68.29367179031664,parado
D2T1,570.0,571.0,600.0,108.75,selecionado_sem_calibrar,247.83009139734654,139.08009139734654,freio_fora_faixa
D2T1,600.0,601.0,630.0,0.0,selecionado_sem_calibrar,172.27592174302936,172.27592174302936,movimento
D2T1,630.0,631.0,660.0,0.0,selecionado_sem_calibrar,131.55337755354623,131.55337755354623,frenagem
D2T1,660.0,661.0,690.0,94.69999999999999,selecionado_sem_calibrar,52.46704804282962,-42.23295195717037,freio_fora_faixa
D2T1,690.0,691.0,720.0,97.70000000000002,selecionado_sem_calibrar,33.90604317792955,-63.79395682207047,freio_fora_faixa
D2T1,720.0,721.0,750.0,542.75,selecionado_sem_calibrar,99.42387482269748,-443.3261251773025,freio_fora_faixa
D2T1,750.0,751.0,780.0,53.65,selecionado_sem_calibrar,0.0,-53.65,freio_fora_faixa
D2T1,780.0,781.0,810.0,92.89999999999999,selecionado_sem_calibrar,17.60951194776026,-75.29048805223974,movimento
D2T1,810.0,811.0,840.0,285.0,selecionado_sem_calibrar,353.6426193880416,68.64261938804162,movimento
D2T1,840.0,841.0,870.0,40.349999999999994,selecionado_sem_calibrar,149.49965768215094,109.14965768215094,freio_fora_faixa
D2T1,870.0,871.0,900.0,83.95000000000002,selecionado_sem_calibrar,377.50427847686524,293.5542784768652,freio_fora_faixa
D2T1,900.0,901.0,930.0,333.95000000000005,selecionado_sem_calibrar,349.7248662157395,15.77486621573945,frenagem
D2T1,930.0,931.0,960.0,565.6500000000001,selecionado_sem_calibrar,434.8393092658433,-130.81069073415676,demanda_alta
D2T1,960.0,961.0,990.0,123.75,selecionado_sem_calibrar,392.4033188457267,268.6533188457267,demanda_alta
D2T1,990.0,991.0,1020.0,209.79999999999998,selecionado_sem_calibrar,97.37182333493845,-112.42817666506153,movimento
D2T1,1020.0,1021.0,1050.0,461.5,selecionado_sem_calibrar,363.71486194080023,-97.78513805919977,movimento
D2T1,1050.0,1051.0,1080.0,186.0,selecionado_sem_calibrar,137.254522671869,-48.74547732813099,movimento
D2T1,1080.0,1081.0,1110.0,952.5000000000001,selecionado_sem_calibrar,146.28756413779973,-806.2124358622004,demanda_alta
D2T1,1110.0,1111.0,1140.0,892.0,selecionado_sem_calibrar,459.62587019164295,-432.37412980835705,movimento
D2T1,1140.0,1141.0,1170.0,286.40000000000003,selecionado_sem_calibrar,313.65273993334233,27.252739933342298,movimento
D2T1,1170.0,1171.0,1200.0,485.4,selecionado_sem_calibrar,160.54606328295796,-324.853936717042,movimento
D2T1,1200.0,1201.0,1230.0,683.45,selecionado_sem_calibrar,314.78033909973226,-368.6696609002678,demanda_alta
D2T1,1230.0,1231.0,1260.0,1135.6,selecionado_sem_calibrar,278.17135546193066,-857.4286445380692,demanda_alta
D2T1,1260.0,1261.0,1290.0,931.2500000000001,selecionado_sem_calibrar,467.2592679676677,-463.9907320323324,demanda_alta
D2T1,1290.0,1291.0,1320.0,372.95,selecionado_sem_calibrar,435.8922874242171,62.94228742421711,demanda_alta
D2T1,1320.0,1321.0,1350.0,188.65000000000003,selecionado_sem_calibrar,11.03785062871586,-177.61214937128418,movimento
D2T1,1350.0,1351.0,1380.0,155.0,selecionado_sem_calibrar,139.32411128336497,-15.67588871663503,movimento
D2T1,1380.0,1381.0,1410.0,719.65,selecionado_sem_calibrar,650.9040265565843,-68.74597344341566,demanda_alta
D2T1,1410.0,1411.0,1440.0,0.0,selecionado_sem_calibrar,146.87671877376147,146.87671877376147,movimento
D2T1,1440.0,1441.0,1470.0,0.0,selecionado_sem_calibrar,172.7709228354141,172.7709228354141,movimento
D2T1,1470.0,1471.0,1500.0,0.0,selecionado_sem_calibrar,181.27488955244317,181.27488955244317,movimento
D2T1,1500.0,1501.0,1530.0,174.85000000000002,selecionado_sem_calibrar,123.59865881127621,-51.25134118872381,frenagem
D2T1,1530.0,1531.0,1560.0,846.75,selecionado_sem_calibrar,320.05486412896556,-526.6951358710344,movimento
D2T1,1560.0,1561.0,1590.0,33.349999999999994,selecionado_sem_calibrar,295.35118472178254,262.0011847217826,movimento
D2T1,1590.0,1591.0,1620.0,149.95,selecionado_sem_calibrar,159.24095017140658,9.290950171406593,movimento
D2T1,1620.0,1621.0,1650.0,211.50000000000003,selecionado_sem_calibrar,194.0947579830651,-17.40524201693492,movimento
D2T1,1650.0,1651.0,1680.0,5.5,selecionado_sem_calibrar,222.57771904797985,217.07771904797985,movimento
D2T1,30.0,31.0,60.0,478.59999999999997,selecionado_calibrado,206.23121443175907,-272.3687855682409,frenagem
D2T1,60.0,61.0,90.0,319.4,selecionado_calibrado,453.0978208983599,133.6978208983599,demanda_alta
D2T1,90.0,91.0,120.0,560.25,selecionado_calibrado,287.49069910843514,-272.75930089156486,demanda_alta
D2T1,120.0,121.0,150.0,26.0,selecionado_calibrado,477.68268385013687,451.68268385013687,demanda_alta
D2T1,150.0,151.0,180.0,0.0,selecionado_calibrado,44.464012424549466,44.464012424549466,frenagem
D2T1,180.0,181.0,210.0,124.2,selecionado_calibrado,2.895249929748874,-121.30475007025113,frenagem
D2T1,210.0,211.0,240.0,396.2,selecionado_calibrado,0.0,-396.2,movimento
D2T1,240.0,241.0,270.0,43.25,selecionado_calibrado,98.93179707710875,55.681797077108754,demanda_alta
D2T1,270.0,271.0,300.0,443.24999999999994,selecionado_calibrado,70.57789613179729,-372.67210386820267,movimento
D2T1,300.0,301.0,330.0,771.15,selecionado_calibrado,291.00371581088234,-480.14628418911764,freio_fora_faixa
D2T1,330.0,331.0,360.0,422.15000000000003,selecionado_calibrado,197.6367349911817,-224.51326500881834,freio_fora_faixa
D2T1,360.0,361.0,390.0,540.3,selecionado_calibrado,183.28111695141104,-357.0188830485889,frenagem
D2T1,390.0,391.0,420.0,501.9,selecionado_calibrado,327.26474593283314,-174.63525406716684,demanda_alta
D2T1,420.0,421.0,450.0,537.65,selecionado_calibrado,330.8171058140804,-206.8328941859196,movimento
D2T1,450.0,451.0,480.0,501.0,selecionado_calibrado,122.94105051889672,-378.0589494811033,demanda_alta
D2T1,480.0,481.0,510.0,75.5,selecionado_calibrado,208.5471529105039,133.0471529105039,freio_fora_faixa
D2T1,510.0,511.0,540.0,46.300000000000004,selecionado_calibrado,152.34096197139655,106.04096197139654,frenagem
D2T1,540.0,541.0,570.0,294.8,selecionado_calibrado,225.78210186847295,-69.01789813152706,parado
D2T1,570.0,571.0,600.0,108.75,selecionado_calibrado,247.1058650561361,138.3558650561361,freio_fora_faixa
D2T1,600.0,601.0,630.0,0.0,selecionado_calibrado,171.55169540181893,171.55169540181893,movimento
D2T1,630.0,631.0,660.0,0.0,selecionado_calibrado,130.8291512123358,130.8291512123358,frenagem
D2T1,660.0,661.0,690.0,94.69999999999999,selecionado_calibrado,51.7428217016192,-42.95717829838079,freio_fora_faixa
D2T1,690.0,691.0,720.0,97.70000000000002,selecionado_calibrado,33.18181683671913,-64.5181831632809,freio_fora_faixa
D2T1,720.0,721.0,750.0,542.75,selecionado_calibrado,98.69964848148707,-444.0503515185129,freio_fora_faixa
D2T1,750.0,751.0,780.0,53.65,selecionado_calibrado,0.0,-53.65,freio_fora_faixa
D2T1,780.0,781.0,810.0,92.89999999999999,selecionado_calibrado,16.885285606549846,-76.01471439345015,movimento
D2T1,810.0,811.0,840.0,285.0,selecionado_calibrado,352.9183930468312,67.91839304683123,movimento
D2T1,840.0,841.0,870.0,40.349999999999994,selecionado_calibrado,148.77543134094051,108.42543134094052,freio_fora_faixa
D2T1,870.0,871.0,900.0,83.95000000000002,selecionado_calibrado,376.78005213565484,292.8300521356548,freio_fora_faixa
D2T1,900.0,901.0,930.0,333.95000000000005,selecionado_calibrado,349.0006398745291,15.050639874529054,frenagem
D2T1,930.0,931.0,960.0,565.6500000000001,selecionado_calibrado,434.11508292463293,-131.53491707536716,demanda_alta
D2T1,960.0,961.0,990.0,123.75,selecionado_calibrado,391.6790925045163,267.9290925045163,demanda_alta
D2T1,990.0,991.0,1020.0,209.79999999999998,selecionado_calibrado,96.64759699372804,-113.15240300627194,movimento
D2T1,1020.0,1021.0,1050.0,461.5,selecionado_calibrado,362.99063559958984,-98.50936440041016,movimento
D2T1,1050.0,1051.0,1080.0,186.0,selecionado_calibrado,136.5302963306586,-49.46970366934141,movimento
D2T1,1080.0,1081.0,1110.0,952.5000000000001,selecionado_calibrado,145.5633377965893,-806.9366622034108,demanda_alta
D2T1,1110.0,1111.0,1140.0,892.0,selecionado_calibrado,458.90164385043255,-433.09835614956745,movimento
D2T1,1140.0,1141.0,1170.0,286.40000000000003,selecionado_calibrado,312.92851359213194,26.5285135921319,movimento
D2T1,1170.0,1171.0,1200.0,485.4,selecionado_calibrado,159.82183694174753,-325.57816305825247,movimento
D2T1,1200.0,1201.0,1230.0,683.45,selecionado_calibrado,314.05611275852186,-369.3938872414782,demanda_alta
D2T1,1230.0,1231.0,1260.0,1135.6,selecionado_calibrado,277.44712912072026,-858.1528708792796,demanda_alta
D2T1,1260.0,1261.0,1290.0,931.2500000000001,selecionado_calibrado,466.5350416264573,-464.7149583735428,demanda_alta
D2T1,1290.0,1291.0,1320.0,372.95,selecionado_calibrado,435.1680610830067,62.21806108300672,demanda_alta
D2T1,1320.0,1321.0,1350.0,188.65000000000003,selecionado_calibrado,10.313624287505446,-178.3363757124946,movimento
D2T1,1350.0,1351.0,1380.0,155.0,selecionado_calibrado,138.59988494215455,-16.400115057845454,movimento
D2T1,1380.0,1381.0,1410.0,719.65,selecionado_calibrado,650.1798002153739,-69.47019978462606,demanda_alta
D2T1,1410.0,1411.0,1440.0,0.0,selecionado_calibrado,146.15249243255104,146.15249243255104,movimento
D2T1,1440.0,1441.0,1470.0,0.0,selecionado_calibrado,172.04669649420367,172.04669649420367,movimento
D2T1,1470.0,1471.0,1500.0,0.0,selecionado_calibrado,180.55066321123275,180.55066321123275,movimento
D2T1,1500.0,1501.0,1530.0,174.85000000000002,selecionado_calibrado,122.8744324700658,-51.975567529934224,frenagem
D2T1,1530.0,1531.0,1560.0,846.75,selecionado_calibrado,319.33063778775517,-527.4193622122448,movimento
D2T1,1560.0,1561.0,1590.0,33.349999999999994,selecionado_calibrado,294.62695838057215,261.2769583805722,movimento
D2T1,1590.0,1591.0,1620.0,149.95,selecionado_calibrado,158.51672383019616,8.566723830196167,movimento
D2T1,1620.0,1621.0,1650.0,211.50000000000003,selecionado_calibrado,193.37053164185468,-18.129468358145346,movimento
D2T1,1650.0,1651.0,1680.0,5.5,selecionado_calibrado,221.85349270676943,216.35349270676943,movimento
