Experimento,Temp,cur_Acc,cur_Velo,cur_Tau,delta_Acc_pp,previsao_original,previsao_cenario,delta_previsao_U,distancia,limite_distancia,proximo_treino
D1T1A,30.0,52.0,12.0,464.0,-10,14.314813556501496,13.438898520737784,-0.8759150357637129,3.467740327741179,3.2531341698713314,False
D1T1A,40.0,40.8,15.796875,288.0,-10,11.81833396602831,12.302942004261421,0.4846080382331106,2.9158840789910077,3.2531341698713314,True
D1T1A,50.0,47.6,13.8984375,368.0,-10,9.071519032535402,9.090932608624435,0.019413576089032603,2.6732307166540537,3.2531341698713314,True
D1T1A,60.0,31.6,15.8984375,256.0,-10,15.224444970096034,11.572436585838926,-3.6520083842571083,2.8774680323762345,3.2531341698713314,True
D1T1A,100.0,22.4,13.0,112.0,-10,11.198652119547145,8.417938468226021,-2.7807136513211237,3.8548090985476366,3.2531341698713314,False
D1T1A,160.0,72.8,23.19921875,976.0,-10,31.65396606008044,22.8969503393808,-8.757015720699638,2.963134010414385,3.2531341698713314,True
D1T1A,170.0,66.4,42.3984375,800.0,-10,7.789986062507525,7.5164699671262305,-0.27351609538129473,3.2528185730241077,3.2531341698713314,True
D1T1A,180.0,44.4,46.3984375,192.0,-10,9.689893610102969,10.092216993415086,0.40232338331211714,3.7761467708047896,3.2531341698713314,False
D1T1A,190.0,86.0,51.8984375,1136.0,-10,40.52123972871542,33.58107957599788,-6.940160152717539,3.3998126493115874,3.2531341698713314,False
D1T1A,200.0,82.4,51.5,1168.0,-10,34.212962499046306,33.226355467218816,-0.9866070318274893,3.010718872932947,3.2531341698713314,True
D1T1A,220.0,77.6,35.5,1008.0,-10,21.5566915350231,19.94996331329771,-1.6067282217253869,5.0751865360700394,3.2531341698713314,False
D1T1A,230.0,78.4,35.5,1008.0,-10,20.735736769059912,16.377507944138088,-4.358228824921824,4.678884295879435,3.2531341698713314,False
D1T1A,240.0,67.2,46.0,544.0,-10,16.77358473678093,11.737168486112672,-5.036416250668257,2.6785618770296957,3.2531341698713314,True
D1T1A,280.0,26.4,52.19921875,0.0,-10,12.91529241801048,10.461155432008528,-2.454136986001952,4.629107767762732,3.2531341698713314,False
D1T1A,290.0,80.0,53.3984375,992.0,-10,36.14907415525389,35.49742744194446,-0.6516467133094324,3.230615118874206,3.2531341698713314,True
D1T1A,300.0,82.4,52.0,1248.0,-10,34.701510442127265,36.28683220258909,1.5853217604618237,2.857055480008161,3.2531341698713314,True
D1T1A,310.0,79.6,52.0,992.0,-10,31.734344700826394,30.293033494762586,-1.4413112060638085,2.5152799635359586,3.2531341698713314,True
D1T1A,330.0,49.6,14.59765625,320.0,-10,9.215469744975895,7.434456696562117,-1.7810130484137776,3.6336322887569237,3.2531341698713314,False
D1T1A,420.0,85.2,17.8984375,1008.0,-10,36.13095412759887,28.10714484393987,-8.023809283658998,4.550829337114032,3.2531341698713314,False
D1T1A,430.0,68.0,24.69921875,784.0,-10,20.89419021867851,15.181219007860722,-5.712971210817788,3.7474309560585497,3.2531341698713314,False
D1T1A,440.0,50.8,28.8984375,448.0,-10,13.794388083198074,11.700590822656924,-2.09379726054115,2.5310696037861193,3.2531341698713314,True
D1T1A,450.0,47.6,29.796875,368.0,-10,8.669857536564502,10.04250648661014,1.3726489500456385,3.0248076330088125,3.2531341698713314,True
D1T1A,460.0,39.6,30.5,160.0,-10,8.027795860310976,8.848087986833788,0.820292126522812,3.0357048891913965,3.2531341698713314,True
D1T1A,470.0,43.2,30.19921875,272.0,-10,10.563919154310451,11.771890016268546,1.2079708619580956,2.7402139285197764,3.2531341698713314,True
D1T1A,480.0,59.6,28.3984375,624.0,-10,14.764230121108218,14.993064649379589,0.22883452827137063,2.165871343704543,3.2531341698713314,True
D1T1A,490.0,50.4,27.796875,464.0,-10,14.529935483173837,12.819205222342088,-1.710730260831749,2.7586981743277263,3.2531341698713314,True
D1T1A,500.0,60.4,26.59765625,720.0,-10,21.11404697469655,22.538794468101468,1.4247474934049187,1.8261544278127457,3.2531341698713314,True
D1T1A,510.0,54.4,23.59765625,448.0,-10,10.426932835830698,11.635916718373498,1.2089838825427996,2.77879352659374,3.2531341698713314,True
D1T1A,520.0,58.0,23.09765625,496.0,-10,12.54435131195556,13.04800603368737,0.5036547217318095,2.640961983609278,3.2531341698713314,True
D1T1A,530.0,73.2,22.5,1152.0,-10,33.84120184849987,26.378756050560746,-7.462445797939125,3.1264367945612936,3.2531341698713314,True
D1T1A,570.0,78.4,41.296875,1072.0,-10,20.984521898742216,20.353417799232098,-0.631104099510118,3.670283234382365,3.2531341698713314,False
D1T1A,630.0,52.4,21.296875,480.0,-10,14.994117232758663,13.780507880701379,-1.2136093520572846,2.099785850840269,3.2531341698713314,True
D1T1A,640.0,40.4,19.3984375,304.0,-10,9.32624160949916,10.608521865350392,1.2822802558512318,2.2860208565352687,3.2531341698713314,True
D1T1A,700.0,55.6,9.5,544.0,-10,14.84251587282213,14.302541419602399,-0.539974453219731,2.1561918457513634,3.2531341698713314,True
D1T1A,710.0,68.0,13.5,720.0,-10,20.92401354177405,16.498979639251193,-4.4250339025228556,2.273616932905026,3.2531341698713314,True
D1T1A,720.0,58.0,18.796875,688.0,-10,20.759446592918387,21.11531428033967,0.3558676874212843,2.1748259534804406,3.2531341698713314,True
D1T1A,750.0,66.4,35.296875,656.0,-10,20.935792749902387,17.862296740361554,-3.0734960095408326,3.3775696621434403,3.2531341698713314,False
D1T1A,850.0,81.2,25.09765625,1168.0,-10,27.922672924768275,24.449317369132824,-3.4733555556354503,2.6010328094449124,3.2531341698713314,True
D1T1A,860.0,63.6,36.0,592.0,-10,15.164759302519393,15.507786802113054,0.34302749959366174,2.7765213000685813,3.2531341698713314,True
D1T1A,870.0,72.0,35.5,816.0,-10,22.561619728353904,20.06654208021622,-2.495077648137684,2.3209747841072295,3.2531341698713314,True
D1T1A,880.0,18.8,33.19921875,16.0,-10,4.166226839983968,1.9950877573604486,-2.171139082623519,3.7610150733579357,3.2531341698713314,False
D1T1A,890.0,30.8,20.0,144.0,-10,12.665507972588603,10.04905726737361,-2.6164507052149926,2.2782429141331613,3.2531341698713314,True
D1T1A,900.0,36.4,11.69921875,304.0,-10,13.082193730179567,12.547957266480822,-0.5342364636987451,1.9128736793594976,3.2531341698713314,True
D1T1A,940.0,82.4,24.5,1328.0,-10,28.007235536634184,28.007235536634184,0.0,2.885558513400649,3.2531341698713314,True
D1T1A,950.0,84.8,47.796875,1328.0,-10,18.919977462192698,17.430440012456955,-1.4895374497357423,1.9552456862095067,3.2531341698713314,True
D1T1A,1040.0,64.8,33.8984375,576.0,-10,16.2569876112314,13.062807645443032,-3.1941799657883667,3.8543705887516855,3.2531341698713314,False
D1T1A,1090.0,67.6,17.19921875,688.0,-10,30.710809954696558,25.379805252839862,-5.3310047018566955,2.4499382209083174,3.2531341698713314,True
D1T1A,1100.0,50.0,21.296875,416.0,-10,9.050507725299935,8.18377277023819,-0.8667349550617445,2.571595772274564,3.2531341698713314,True
D1T1A,1110.0,36.4,22.09765625,160.0,-10,7.818790725822926,7.989691897329008,0.17090117150608197,2.3635271937889635,3.2531341698713314,True
D1T1A,1130.0,20.8,40.8984375,0.0,-10,2.3085318455621753,1.8757798630587144,-0.4327519825034609,2.9736768269612774,3.2531341698713314,True
D1T1A,1140.0,66.0,40.19921875,864.0,-10,20.181689904692984,18.524269196715643,-1.6574207079773409,2.428733612647893,3.2531341698713314,True
D1T1A,1220.0,27.2,1.69921875,368.0,-10,13.65892537855116,11.173633392371059,-2.4852919861801013,1.182542283380126,3.2531341698713314,True
D1T1A,1230.0,81.6,30.5,1488.0,-10,29.626658907020968,29.671320045634886,0.04466113861391818,3.052269632812737,3.2531341698713314,True
D1T1A,1260.0,75.6,39.8984375,896.0,-10,24.506796346673692,20.05295449682922,-4.453841849844473,2.390345479684987,3.2531341698713314,True
D1T1A,1350.0,51.6,14.19921875,448.0,-10,5.914988837963353,4.995049621378248,-0.9199392165851048,2.2329769773088493,3.2531341698713314,True
D1T1A,1360.0,31.2,14.8984375,224.0,-10,7.75490141157765,5.615953624283575,-2.1389477872940743,2.426222954276487,3.2531341698713314,True
D1T1A,1370.0,33.6,12.296875,272.0,-10,14.041174802180814,15.085004518040776,1.043829715859962,1.3808732761303975,3.2531341698713314,True
D1T1A,1380.0,37.2,10.296875,336.0,-10,9.661880926126265,9.70506622867336,0.043185302547094295,1.2188827248158185,3.2531341698713314,True
D1T1A,1420.0,82.4,18.296875,944.0,-10,26.430579511085835,26.48262436468628,0.05204485360044586,2.874145254405909,3.2531341698713314,True
D1T1A,1430.0,75.6,33.3984375,1168.0,-10,20.65227811129141,17.306577545119666,-3.345700566171743,2.0423281223076013,3.2531341698713314,True
D1T1A,1480.0,51.6,16.3984375,448.0,-10,10.863184312910809,10.787803142331095,-0.07538117057971405,2.007260523042502,3.2531341698713314,True
D1T1A,1490.0,54.4,20.8984375,544.0,-10,13.651383417318142,13.970148237727493,0.31876482040935095,1.4280206926214742,3.2531341698713314,True
D1T1A,1500.0,44.4,20.59765625,336.0,-10,9.239504456823493,11.695784672062208,2.4562802152387153,1.6193381226239514,3.2531341698713314,True
D1T1A,1510.0,49.6,15.3984375,416.0,-10,12.208522450845253,9.959712616142925,-2.248809834702328,1.1357087360447713,3.2531341698713314,True
D1T1A,1520.0,52.4,12.8984375,448.0,-10,13.405132906200826,14.218733387295659,0.8136004810948325,0.9732126271050675,3.2531341698713314,True
D1T1A,1530.0,46.0,11.8984375,368.0,-10,8.82820629222394,9.953779477354853,1.1255731851309125,0.644716047112629,3.2531341698713314,True
D1T1A,1540.0,42.8,11.09765625,352.0,-10,11.110970384844553,13.28926983812616,2.178299453281607,0.7695297242321043,3.2531341698713314,True
D1T1A,1550.0,57.2,5.3984375,720.0,-10,18.517211533301708,18.16995114345557,-0.34726038984613794,2.1769729410544945,3.2531341698713314,True
D1T1A,1560.0,74.8,25.5,1120.0,-10,27.489603214503603,19.343300045247656,-8.146303169255948,2.26728852079858,3.2531341698713314,True
D1T1A,1570.0,41.2,31.3984375,272.0,-10,9.835866306498495,9.835866306498495,0.0,2.439186443978818,3.2531341698713314,True
D1T1A,1580.0,75.2,27.09765625,816.0,-10,25.07315249022721,21.09214302421327,-3.981009466013937,2.5810166540976165,3.2531341698713314,True
D1T1A,1590.0,74.4,34.09765625,976.0,-10,24.704015226979482,20.167759803545913,-4.53625542343357,2.0288128148997138,3.2531341698713314,True
D1T1A,1600.0,58.4,29.3984375,592.0,-10,15.430332760213961,15.147221377045886,-0.28311138316807494,1.3584933011437645,3.2531341698713314,True
D1T1A,1610.0,64.0,27.796875,816.0,-10,16.54027594437266,17.78428491216024,1.244008967787579,2.6137125594489543,3.2531341698713314,True
D1T1A,1620.0,69.6,24.296875,832.0,-10,24.6671495976581,17.272668803074275,-7.394480794583824,2.011897780738385,3.2531341698713314,True
D1T1A,1630.0,70.4,29.0,1136.0,-10,23.036039897273266,18.285460345814606,-4.75057955145866,1.9498756322986297,3.2531341698713314,True
D1T1A,1640.0,62.4,30.796875,672.0,-10,12.923126647662308,14.082725723992196,1.1595990763298882,2.3267596270767936,3.2531341698713314,True
D1T1A,1650.0,16.0,24.0,0.0,-10,3.595349812138036,2.584464890826703,-1.010884921311333,3.1119332199104703,3.2531341698713314,True
D1T1A,1720.0,48.4,4.0,512.0,-10,12.988359045469332,13.311806587576411,0.32344754210707904,1.4373653988270503,3.2531341698713314,True
D1T1A,1740.0,83.6,39.3984375,1472.0,-10,21.24466860431607,19.66161996443727,-1.5830486398788004,2.05419209294982,3.2531341698713314,True
D1T1A,1750.0,30.4,41.59765625,96.0,-10,5.792961971745074,3.9703489696334957,-1.822613002111578,3.566248161330711,3.2531341698713314,False
D1T1A,1760.0,68.8,30.19921875,896.0,-10,22.74654042522251,15.299672878679873,-7.446867546542636,2.7706011713535945,3.2531341698713314,True
D1T1A,1780.0,60.4,51.8984375,464.0,-10,9.34679633209869,9.485003251674929,0.13820691957623943,3.230952112893081,3.2531341698713314,True
D1T1A,1840.0,60.0,11.0,592.0,-10,20.585881328083698,21.213208431631127,0.6273271035474295,1.373515931908882,3.2531341698713314,True
D1T1A,1860.0,62.0,2.8984375,736.0,-10,20.645687170002986,22.511288138066412,1.8656009680634256,1.5674054919369267,3.2531341698713314,True
D1T1A,1870.0,57.6,21.8984375,576.0,-10,11.806422496575202,10.719377766221378,-1.0870447303538242,1.7480680816002008,3.2531341698713314,True
D1T1A,1880.0,44.4,20.09765625,368.0,-10,9.004830623089749,9.45795318395914,0.4531225608693905,1.7133807847904459,3.2531341698713314,True
D1T1A,1890.0,55.2,16.5,448.0,-10,9.318849753692922,8.177788609906878,-1.1410611437860432,2.1063920229400313,3.2531341698713314,True
D1T1A,1900.0,52.4,23.5,400.0,-10,8.64892250348835,8.614491891937975,-0.03443061155037519,2.3113791934027907,3.2531341698713314,True
D1T1A,1930.0,18.8,17.09765625,32.0,-10,12.240885753385077,8.557322256569307,-3.68356349681577,1.888526763694249,3.2531341698713314,True
D1T1A,1940.0,66.8,23.5,768.0,-10,23.03923934588548,16.78163653843912,-6.257602807446361,1.9270090155931077,3.2531341698713314,True
D1T1A,1950.0,68.4,25.69921875,752.0,-10,15.620252928803549,15.45856156722014,-0.1616913615834079,1.533368931198469,3.2531341698713314,True
D1T1A,1960.0,60.4,24.8984375,528.0,-10,14.531240601338329,16.626020461085822,2.0947798597474936,1.7153538718704806,3.2531341698713314,True
D1T1A,30.0,52.0,12.0,464.0,10,14.314813556501496,12.785648361134063,-1.5291651953674332,3.686283834976052,3.2531341698713314,False
D1T1A,40.0,40.8,15.796875,288.0,10,11.81833396602831,10.781842559153096,-1.0364914068752142,2.76910669552921,3.2531341698713314,True
D1T1A,50.0,47.6,13.8984375,368.0,10,9.071519032535402,9.53484480305617,0.4633257705207683,2.683407223412037,3.2531341698713314,True
D1T1A,60.0,31.6,15.8984375,256.0,10,15.224444970096034,14.496615129435423,-0.7278298406606112,3.176555642242993,3.2531341698713314,True
D1T1A,100.0,22.4,13.0,112.0,10,11.198652119547145,11.198652119547145,0.0,3.7612258891517296,3.2531341698713314,False
D1T1A,160.0,72.8,23.19921875,976.0,10,31.65396606008044,31.94608273641047,0.292116676330032,2.9661033496939386,3.2531341698713314,True
D1T1A,170.0,66.4,42.3984375,800.0,10,7.789986062507525,11.687243642509696,3.8972575800021705,3.17180392952399,3.2531341698713314,True
D1T1A,180.0,44.4,46.3984375,192.0,10,9.689893610102969,10.697240690631524,1.0073470805285556,4.012501167943642,3.2531341698713314,False
D1T1A,190.0,86.0,51.8984375,1136.0,10,40.52123972871542,39.119113954607734,-1.402125774107688,3.412669932329461,3.2531341698713314,False
D1T1A,200.0,82.4,51.5,1168.0,10,34.212962499046306,45.14053199030336,10.927569491257053,3.056386859786437,3.2531341698713314,True
D1T1A,220.0,77.6,35.5,1008.0,10,21.5566915350231,32.02048210819046,10.463790573167358,5.090826658219174,3.2531341698713314,False
D1T1A,230.0,78.4,35.5,1008.0,10,20.735736769059912,30.12186953556514,9.386132766505227,4.726465695868931,3.2531341698713314,False
D1T1A,240.0,67.2,46.0,544.0,10,16.77358473678093,17.138406722851897,0.36482198607096805,2.3386718285578243,3.2531341698713314,True
D1T1A,280.0,26.4,52.19921875,0.0,10,12.91529241801048,12.57546303640514,-0.33982938160534104,4.854564149313339,3.2531341698713314,False
D1T1A,290.0,80.0,53.3984375,992.0,10,36.14907415525389,44.77004477341123,8.620970618157337,2.92776705620955,3.2531341698713314,True
D1T1A,300.0,82.4,52.0,1248.0,10,34.701510442127265,45.57414639485953,10.872635952732267,2.827834807386253,3.2531341698713314,True
D1T1A,310.0,79.6,52.0,992.0,10,31.734344700826394,41.117081839568975,9.38273713874258,2.527808416136752,3.2531341698713314,True
D1T1A,330.0,49.6,14.59765625,320.0,10,9.215469744975895,8.541574139894385,-0.6738956050815101,3.6401202121106078,3.2531341698713314,False
D1T1A,420.0,85.2,17.8984375,1008.0,10,36.13095412759887,37.10581121796987,0.9748570903710032,4.407912898232833,3.2531341698713314,False
D1T1A,430.0,68.0,24.69921875,784.0,10,20.89419021867851,22.974567506859042,2.0803772881805322,3.7082724395360174,3.2531341698713314,False
D1T1A,440.0,50.8,28.8984375,448.0,10,13.794388083198074,12.987478994711841,-0.8069090884862327,2.416977956627442,3.2531341698713314,True
D1T1A,450.0,47.6,29.796875,368.0,10,8.669857536564502,8.838088167114782,0.16823063055027987,2.8383048329917813,3.2531341698713314,True
D1T1A,460.0,39.6,30.5,160.0,10,8.027795860310976,7.92869253614505,-0.0991033241659256,2.877575947646584,3.2531341698713314,True
D1T1A,470.0,43.2,30.19921875,272.0,10,10.563919154310451,12.0603609882325,1.4964418339220487,2.68555476490168,3.2531341698713314,True
D1T1A,480.0,59.6,28.3984375,624.0,10,14.764230121108218,21.52898415502391,6.7647540339156915,2.235956344986609,3.2531341698713314,True
D1T1A,490.0,50.4,27.796875,464.0,10,14.529935483173837,12.632976575573146,-1.8969589076006912,2.7643975781841026,3.2531341698713314,True
D1T1A,500.0,60.4,26.59765625,720.0,10,21.11404697469655,27.10291642870426,5.988869454007709,2.010118794057806,3.2531341698713314,True
D1T1A,510.0,54.4,23.59765625,448.0,10,10.426932835830698,10.082045561997372,-0.34488727383332574,2.6713333972210167,3.2531341698713314,True
D1T1A,520.0,58.0,23.09765625,496.0,10,12.54435131195556,16.815516664620578,4.271165352665017,2.557092457232575,3.2531341698713314,True
D1T1A,530.0,73.2,22.5,1152.0,10,33.84120184849987,34.2571365365656,0.4159346880657324,2.7828836923327014,3.2531341698713314,True
D1T1A,570.0,78.4,41.296875,1072.0,10,20.984521898742216,26.95818967457944,5.9736677758372245,3.650039269547156,3.2531341698713314,False
D1T1A,630.0,52.4,21.296875,480.0,10,14.994117232758663,14.03935535377468,-0.9547618789839838,2.3278418284015436,3.2531341698713314,True
D1T1A,640.0,40.4,19.3984375,304.0,10,9.32624160949916,8.936854686762702,-0.3893869227364579,2.1091266008773593,3.2531341698713314,True
D1T1A,700.0,55.6,9.5,544.0,10,14.84251587282213,18.05073418632343,3.208218313501302,1.9537068629806302,3.2531341698713314,True
D1T1A,710.0,68.0,13.5,720.0,10,20.92401354177405,22.625777589321597,1.7017640475475488,2.254253482274222,3.2531341698713314,True
D1T1A,720.0,58.0,18.796875,688.0,10,20.759446592918387,26.36810687967874,5.6086602867603546,1.7190142619592783,3.2531341698713314,True
D1T1A,750.0,66.4,35.296875,656.0,10,20.935792749902387,22.018631000091414,1.0828382501890275,3.263703311281612,3.2531341698713314,False
D1T1A,850.0,81.2,25.09765625,1168.0,10,27.922672924768275,37.12501624918398,9.202343324415704,2.3819632075243344,3.2531341698713314,True
D1T1A,860.0,63.6,36.0,592.0,10,15.164759302519393,20.087600022530985,4.9228407200115925,2.712035105998579,3.2531341698713314,True
D1T1A,870.0,72.0,35.5,816.0,10,22.561619728353904,23.355853845401096,0.7942341170471927,2.342929791519541,3.2531341698713314,True
D1T1A,880.0,18.8,33.19921875,16.0,10,4.166226839983968,5.383101221770926,1.2168743817869583,3.661465398799239,3.2531341698713314,False
D1T1A,890.0,30.8,20.0,144.0,10,12.665507972588603,13.436105505928541,0.770597533339938,2.2339745663036337,3.2531341698713314,True
D1T1A,900.0,36.4,11.69921875,304.0,10,13.082193730179567,13.790773321914948,0.708579591735381,1.9454395553023907,3.2531341698713314,True
D1T1A,940.0,82.4,24.5,1328.0,10,28.007235536634184,36.95955214576766,8.952316609133476,2.7602918278486204,3.2531341698713314,True
D1T1A,950.0,84.8,47.796875,1328.0,10,18.919977462192698,31.381709263094645,12.461731800901948,1.952805565145005,3.2531341698713314,True
D1T1A,1040.0,64.8,33.8984375,576.0,10,16.2569876112314,19.982755852707957,3.7257682414765583,4.039621834118657,3.2531341698713314,False
D1T1A,1090.0,67.6,17.19921875,688.0,10,30.710809954696558,30.207470352425762,-0.5033396022707954,2.5373644601870673,3.2531341698713314,True
D1T1A,1100.0,50.0,21.296875,416.0,10,9.050507725299935,9.549521510861432,0.49901378556149645,2.3475326524104116,3.2531341698713314,True
D1T1A,1110.0,36.4,22.09765625,160.0,10,7.818790725822926,7.35417935932946,-0.46461136649346635,2.2213078514150144,3.2531341698713314,True
D1T1A,1130.0,20.8,40.8984375,0.0,10,2.3085318455621753,3.858203289229001,1.5496714436668255,3.0267735200261936,3.2531341698713314,True
D1T1A,1140.0,66.0,40.19921875,864.0,10,20.181689904692984,23.315360105916138,3.133670201223154,2.4547017884002584,3.2531341698713314,True
D1T1A,1220.0,27.2,1.69921875,368.0,10,13.65892537855116,13.461042452751801,-0.19788292579935884,1.0528579175183228,3.2531341698713314,True
D1T1A,1230.0,81.6,30.5,1488.0,10,29.626658907020968,37.00503523602585,7.37837632900488,2.931347486269346,3.2531341698713314,True
D1T1A,1260.0,75.6,39.8984375,896.0,10,24.506796346673692,31.26845882734687,6.761662480673177,2.42616099785557,3.2531341698713314,True
D1T1A,1350.0,51.6,14.19921875,448.0,10,5.914988837963353,5.614346859690242,-0.3006419782731111,2.4032733337556214,3.2531341698713314,True
D1T1A,1360.0,31.2,14.8984375,224.0,10,7.75490141157765,7.465917114660805,-0.28898429691684413,2.318847418643568,3.2531341698713314,True
D1T1A,1370.0,33.6,12.296875,272.0,10,14.041174802180814,13.90598103092407,-0.1351937712567448,1.1595472595804635,3.2531341698713314,True
D1T1A,1380.0,37.2,10.296875,336.0,10,9.661880926126265,10.220716716476657,0.5588357903503915,1.4025933349460535,3.2531341698713314,True
D1T1A,1420.0,82.4,18.296875,944.0,10,26.430579511085835,35.37311743923791,8.942537928152074,2.9285808051540227,3.2531341698713314,True
D1T1A,1430.0,75.6,33.3984375,1168.0,10,20.65227811129141,28.389832991761768,7.737554880470359,1.9575254590662876,3.2531341698713314,True
D1T1A,1480.0,51.6,16.3984375,448.0,10,10.863184312910809,8.545761219143552,-2.317423093767257,1.7546586581703305,3.2531341698713314,True
D1T1A,1490.0,54.4,20.8984375,544.0,10,13.651383417318142,13.298310889212278,-0.353072528105864,1.6367197240945783,3.2531341698713314,True
D1T1A,1500.0,44.4,20.59765625,336.0,10,9.239504456823493,9.501361519335658,0.26185706251216523,1.6020904176413429,3.2531341698713314,True
D1T1A,1510.0,49.6,15.3984375,416.0,10,12.208522450845253,11.426511963882911,-0.7820104869623421,1.5248884149746875,3.2531341698713314,True
D1T1A,1520.0,52.4,12.8984375,448.0,10,13.405132906200826,14.251353943564546,0.8462210373637191,1.2729981366102785,3.2531341698713314,True
D1T1A,1530.0,46.0,11.8984375,368.0,10,8.82820629222394,8.946733179018592,0.11852688679465118,0.7768378642304633,3.2531341698713314,True
D1T1A,1540.0,42.8,11.09765625,352.0,10,11.110970384844553,11.599147215751758,0.48817683090720543,0.7885692836963878,3.2531341698713314,True
D1T1A,1550.0,57.2,5.3984375,720.0,10,18.517211533301708,22.83796731907043,4.320755785768721,2.136743076184322,3.2531341698713314,True
D1T1A,1560.0,74.8,25.5,1120.0,10,27.489603214503603,30.3451482691213,2.8555450546176964,2.1127590929109483,3.2531341698713314,True
D1T1A,1570.0,41.2,31.3984375,272.0,10,9.835866306498495,11.457798916524258,1.6219326100257625,2.8228512534155468,3.2531341698713314,True
D1T1A,1580.0,75.2,27.09765625,816.0,10,25.07315249022721,31.910809322594655,6.837656832367447,2.7490020688707855,3.2531341698713314,True
D1T1A,1590.0,74.4,34.09765625,976.0,10,24.704015226979482,29.909692727492637,5.205677500513154,2.1085242458125086,3.2531341698713314,True
D1T1A,1600.0,58.4,29.3984375,592.0,10,15.430332760213961,20.033359994651708,4.6030272344377465,1.4669268346644186,3.2531341698713314,True
D1T1A,1610.0,64.0,27.796875,816.0,10,16.54027594437266,24.166743992751726,7.626468048379067,2.5294669302851815,3.2531341698713314,True
D1T1A,1620.0,69.6,24.296875,832.0,10,24.6671495976581,25.847553637229392,1.1804040395712931,1.9302915318044929,3.2531341698713314,True
D1T1A,1630.0,70.4,29.0,1136.0,10,23.036039897273266,25.26991207046611,2.233872173192843,1.9340654651451397,3.2531341698713314,True
D1T1A,1640.0,62.4,30.796875,672.0,10,12.923126647662308,15.41428495136744,2.4911583037051326,2.201287425226714,3.2531341698713314,True
D1T1A,1650.0,16.0,24.0,0.0,10,3.595349812138036,6.365244452364832,2.7698946402267963,2.9343696744814576,3.2531341698713314,True
D1T1A,1720.0,48.4,4.0,512.0,10,12.988359045469332,13.715318040630475,0.7269589951611426,1.4585839332915491,3.2531341698713314,True
D1T1A,1740.0,83.6,39.3984375,1472.0,10,21.24466860431607,29.247765367538634,8.003096763222562,2.0272443182233846,3.2531341698713314,True
D1T1A,1750.0,30.4,41.59765625,96.0,10,5.792961971745074,8.301894042379343,2.5089320706342697,3.638715870696584,3.2531341698713314,False
D1T1A,1760.0,68.8,30.19921875,896.0,10,22.74654042522251,25.298800586241693,2.552260161019184,2.9313452902866186,3.2531341698713314,True
D1T1A,1780.0,60.4,51.8984375,464.0,10,9.34679633209869,14.933635451543875,5.586839119445186,3.164850903433654,3.2531341698713314,True
D1T1A,1840.0,60.0,11.0,592.0,10,20.585881328083698,25.686557299974172,5.100675971890475,1.45081684408085,3.2531341698713314,True
D1T1A,1860.0,62.0,2.8984375,736.0,10,20.645687170002986,25.314890727616184,4.669203557613198,1.3852460884970335,3.2531341698713314,True
D1T1A,1870.0,57.6,21.8984375,576.0,10,11.806422496575202,16.432533763722688,4.626111267147486,1.6526306235581438,3.2531341698713314,True
D1T1A,1880.0,44.4,20.09765625,368.0,10,9.004830623089749,9.90034661791047,0.8955159948207214,1.6887213649585233,3.2531341698713314,True
D1T1A,1890.0,55.2,16.5,448.0,10,9.318849753692922,10.550108633336244,1.2312588796433221,2.0178449276790253,3.2531341698713314,True
D1T1A,1900.0,52.4,23.5,400.0,10,8.64892250348835,9.095115181244237,0.4461926777558869,2.30067322760164,3.2531341698713314,True
D1T1A,1930.0,18.8,17.09765625,32.0,10,12.240885753385077,14.960254837436182,2.7193690840511042,2.369426942608062,3.2531341698713314,True
D1T1A,1940.0,66.8,23.5,768.0,10,23.03923934588548,23.846050989133577,0.8068116432480963,1.9199363706753019,3.2531341698713314,True
D1T1A,1950.0,68.4,25.69921875,752.0,10,15.620252928803549,15.536253031394875,-0.08399989740867397,1.6913656772840064,3.2531341698713314,True
D1T1A,1960.0,60.4,24.8984375,528.0,10,14.531240601338329,18.55348388498288,4.022243283644553,1.78842058354027,3.2531341698713314,True
D1T1B,10.0,60.0,8.5,624.0,-10,19.762048184115493,20.330223374460317,0.5681751903448244,2.2951213446991168,3.2346391499842517,True
D1T1B,20.0,40.4,16.59765625,272.0,-10,8.753072158839773,8.875252954272995,0.12218079543322169,3.315040458934831,3.2346391499842517,False
D1T1B,30.0,31.2,14.69921875,208.0,-10,6.239426659996044,7.539425946592912,1.2999992865968677,2.7918357767230066,3.2346391499842517,True
D1T1B,40.0,65.2,25.296875,928.0,-10,24.500618915296993,20.033667420004164,-4.466951495292829,3.642486043297791,3.2346391499842517,False
D1T1B,50.0,64.4,33.09765625,496.0,-10,16.5167996241751,14.860620824559716,-1.6561787996153843,3.371627869719088,3.2346391499842517,False
D1T1B,90.0,52.8,27.69921875,304.0,-10,13.627296507490252,13.306709251504449,-0.32058725598580295,2.952644265603827,3.2346391499842517,True
D1T1B,170.0,31.6,14.796875,240.0,-10,5.1701215708574075,5.47486682919398,0.3047452583365722,3.216210056795163,3.2346391499842517,False
D1T1B,180.0,66.4,38.5,928.0,-10,9.010500228178081,7.821239317608026,-1.189260910570055,3.1642604915825028,3.2346391499842517,True
D1T1B,390.0,52.0,7.69921875,624.0,-10,17.433770803526734,16.29705638485756,-1.1367144186691753,1.389310284771328,3.2346391499842517,True
D1T1B,400.0,70.4,33.09765625,1216.0,-10,17.124153894412423,16.56306367134569,-0.5610902230667314,3.01272852287622,3.2346391499842517,True
D1T1B,510.0,44.4,4.59765625,464.0,-10,18.647799532444242,18.10415893087208,-0.5436406015721609,1.175367820560131,3.2346391499842517,True
D1T1B,520.0,44.4,14.09765625,336.0,-10,5.589360321549571,5.829607028350121,0.2402467068005496,1.974283555415256,3.2346391499842517,True
D1T1B,540.0,30.0,10.0,288.0,-10,14.734977631074706,14.983550468740596,0.24857283766588978,1.3833647803213756,3.2346391499842517,True
D1T1B,550.0,47.2,11.296875,400.0,-10,8.544990073613969,8.192327791624159,-0.35266228198980976,1.7097757323014702,3.2346391499842517,True
D1T1B,560.0,51.2,13.0,432.0,-10,12.216668832976064,12.061157917262426,-0.15551091571363784,1.756674287151984,3.2346391499842517,True
D1T1B,570.0,55.6,17.796875,480.0,-10,10.015158674364203,9.765770656348689,-0.24938801801551413,1.9180962653299611,3.2346391499842517,True
D1T1B,580.0,90.0,25.69921875,1216.0,-10,35.98397633338399,28.52547890063436,-7.458497432749631,2.744692741064386,3.2346391499842517,True
D1T1B,590.0,70.4,35.69921875,976.0,-10,16.245585286042278,11.2252178376849,-5.020367448357378,2.445754535292522,3.2346391499842517,True
D1T1B,710.0,51.6,10.796875,480.0,-10,13.013495221419216,13.491574395698082,0.47807917427886615,2.4351863336171973,3.2346391499842517,True
D1T1B,720.0,16.4,12.5,176.0,-10,5.631553167999717,6.178544766431812,0.5469915984320952,2.643294497559997,3.2346391499842517,True
D1T1B,740.0,55.2,14.5,464.0,-10,12.104666338907936,12.104666338907936,0.0,2.1009014067895637,3.2346391499842517,True
D1T1B,760.0,50.4,42.0,304.0,-10,12.857589094406517,12.948770727387984,0.09118163298146698,3.0918764643358343,3.2346391499842517,True
D1T1B,800.0,64.4,26.3984375,592.0,-10,12.98923753611904,12.312034939061702,-0.6772025970573381,2.8493207694681377,3.2346391499842517,True
D1T1B,840.0,50.8,3.796875,560.0,-10,24.57752804852943,24.310301487003176,-0.2672265615262539,1.4292786671731417,3.2346391499842517,True
D1T1B,850.0,88.8,22.796875,1360.0,-10,35.31598005490422,21.829795954808418,-13.486184100095805,2.8050885886328465,3.2346391499842517,True
D1T1B,860.0,87.6,41.0,928.0,-10,30.29574553816644,12.18699779413041,-18.10874774403603,2.645703261137681,3.2346391499842517,True
D1T1B,880.0,86.4,34.69921875,1328.0,-10,32.06761265113914,19.726983474701843,-12.3406291764373,1.8763298464450706,3.2346391499842517,True
D1T1B,890.0,83.6,37.19921875,1152.0,-10,29.749607701833124,22.867494876517004,-6.882112825316121,1.3942114091734468,3.2346391499842517,True
D1T1B,920.0,76.4,40.59765625,1264.0,-10,24.61044197002419,23.720898176604507,-0.8895437934196835,2.880172184269918,3.2346391499842517,True
D1T1B,930.0,54.8,42.8984375,784.0,-10,15.779883027402615,15.276455832248361,-0.5034271951542539,2.1786071809221332,3.2346391499842517,True
D1T1B,1020.0,34.8,41.19921875,128.0,-10,12.608479727960715,12.93257972869462,0.324100000733905,3.9072101627659794,3.2346391499842517,False
D1T1B,1070.0,45.6,29.69921875,400.0,-10,9.142704773044837,9.142704773044837,0.0,3.5513410891543122,3.2346391499842517,False
D1T1B,1090.0,40.8,14.09765625,432.0,-10,4.3145826934100295,4.3145826934100295,0.0,1.6309054799730998,3.2346391499842517,True
D1T1B,1200.0,17.6,13.5,96.0,-10,6.596834764551096,4.829583241917311,-1.767251522633785,2.867506536086215,3.2346391499842517,True
D1T1B,1210.0,29.2,13.5,240.0,-10,10.973592768489228,11.133276580603358,0.15968381211412996,1.8640630545940642,3.2346391499842517,True
D1T1B,1220.0,65.2,25.296875,624.0,-10,22.36103959941651,18.058972159719666,-4.302067439696845,2.261994403416139,3.2346391499842517,True
D1T1B,1230.0,66.4,29.8984375,864.0,-10,15.832612478424744,12.61127345836943,-3.2213390200553143,1.862541707967376,3.2346391499842517,True
D1T1B,1240.0,66.4,35.796875,944.0,-10,17.726959686368282,14.34988538863611,-3.3770742977321717,1.836611368437535,3.2346391499842517,True
D1T1B,1270.0,69.2,26.796875,576.0,-10,20.33856349890581,13.259475635794303,-7.079087863111507,3.240410394515418,3.2346391499842517,False
D1T1B,1280.0,70.4,28.8984375,944.0,-10,22.06273857927409,15.186513090847274,-6.876225488426815,2.417727046295259,3.2346391499842517,True
D1T1B,1290.0,52.8,29.69921875,464.0,-10,9.648876594205015,8.751070426716021,-0.8978061674889943,2.6100373267065664,3.2346391499842517,True
D1T1B,1300.0,66.0,23.69921875,752.0,-10,26.54752865422582,20.431126727628563,-6.116401926597259,2.3378378987404984,3.2346391499842517,True
D1T1B,1310.0,71.6,12.59765625,688.0,-10,26.770890319524455,20.389967949578704,-6.3809223699457505,2.8011861324695793,3.2346391499842517,True
D1T1B,1320.0,66.8,15.5,640.0,-10,12.557381242229674,11.421370166997573,-1.1360110752321013,1.8707609894919017,3.2346391499842517,True
D1T1B,1350.0,68.8,38.59765625,704.0,-10,12.488156824595773,9.107517094378643,-3.38063973021713,3.6955493624199756,3.2346391499842517,False
D1T1B,1390.0,74.4,47.8984375,944.0,-10,29.422996615693172,23.165416073865384,-6.257580541827789,1.8206332677183414,3.2346391499842517,True
D1T1B,1450.0,38.4,21.69921875,208.0,-10,4.938928554636623,5.647425750865926,0.7084971962293034,2.568539434939999,3.2346391499842517,True
D1T1B,1550.0,61.2,53.0,368.0,-10,4.805946690742042,5.136081187390413,0.33013449664837147,2.0982847973474676,3.2346391499842517,True
D1T1B,1580.0,77.6,43.0,1296.0,-10,24.428225441071287,23.283292409534482,-1.1449330315368051,2.8332043995915175,3.2346391499842517,True
D1T1B,1670.0,49.2,27.5,192.0,-10,13.993024808712121,12.995377120382377,-0.997647688329744,2.7546745380896454,3.2346391499842517,True
D1T1B,1680.0,72.8,42.296875,1168.0,-10,24.44245868144213,18.396599568642493,-6.045859112799636,1.1846127122183865,3.2346391499842517,True
D1T1B,1690.0,74.8,45.796875,1216.0,-10,19.81648528668489,17.132707071191504,-2.683778215493387,2.336569061835334,3.2346391499842517,True
D1T1B,1700.0,71.6,47.3984375,928.0,-10,11.958568037017962,6.302110925160592,-5.65645711185737,2.9275398387947855,3.2346391499842517,True
D1T1B,1710.0,70.8,45.59765625,864.0,-10,22.474023715841444,13.11278493078974,-9.361238785051704,2.205667970658142,3.2346391499842517,True
D1T1B,1730.0,66.4,14.3984375,656.0,-10,26.87450012126025,21.548568761990953,-5.325931359269298,1.6391271438216695,3.2346391499842517,True
D1T1B,1740.0,50.4,15.5,384.0,-10,6.547919523041311,6.054219205716895,-0.4937003173244161,2.609698753851073,3.2346391499842517,True
D1T1B,1750.0,31.6,14.0,240.0,-10,5.540132137248426,5.211567317346073,-0.3285648199023532,2.0784257801606407,3.2346391499842517,True
D1T1B,10.0,60.0,8.5,624.0,10,19.762048184115493,24.858587135590533,5.09653895147504,2.318154269455087,3.2346391499842517,True
D1T1B,20.0,40.4,16.59765625,272.0,10,8.753072158839773,7.457085876711263,-1.29598628212851,3.1952965969561755,3.2346391499842517,True
D1T1B,30.0,31.2,14.69921875,208.0,10,6.239426659996044,6.636246534344582,0.3968198743485374,2.7617328690823144,3.2346391499842517,True
D1T1B,40.0,65.2,25.296875,928.0,10,24.500618915296993,26.163220089314088,1.6626011740170945,3.694758329464834,3.2346391499842517,False
D1T1B,50.0,64.4,33.09765625,496.0,10,16.5167996241751,19.642179769809797,3.125380145634697,3.270499092265343,3.2346391499842517,False
D1T1B,90.0,52.8,27.69921875,304.0,10,13.627296507490252,13.338098690876345,-0.28919781661390687,3.273308846715529,3.2346391499842517,False
D1T1B,170.0,31.6,14.796875,240.0,10,5.1701215708574075,4.808133298947217,-0.36198827191019056,3.1915231245147835,3.2346391499842517,False
D1T1B,180.0,66.4,38.5,928.0,10,9.010500228178081,9.4471082737757,0.43660804559761957,3.1049235135051934,3.2346391499842517,True
D1T1B,390.0,52.0,7.69921875,624.0,10,17.433770803526734,17.433770803526734,0.0,1.6200456278487558,3.2346391499842517,True
D1T1B,400.0,70.4,33.09765625,1216.0,10,17.124153894412423,22.845996025428626,5.721842131016203,2.914388044292975,3.2346391499842517,True
D1T1B,510.0,44.4,4.59765625,464.0,10,18.647799532444242,18.127916649680568,-0.5198828827636746,1.2309673206623484,3.2346391499842517,True
D1T1B,520.0,44.4,14.09765625,336.0,10,5.589360321549571,6.587942562709759,0.9985822411601877,1.9933793439552754,3.2346391499842517,True
D1T1B,540.0,30.0,10.0,288.0,10,14.734977631074706,15.789365940656042,1.054388309581336,1.507218588149784,3.2346391499842517,True
D1T1B,550.0,47.2,11.296875,400.0,10,8.544990073613969,11.996550979265647,3.4515609056516787,1.6852333977094436,3.2346391499842517,True
D1T1B,560.0,51.2,13.0,432.0,10,12.216668832976064,15.922214066622555,3.7055452336464914,1.8370319369685615,3.2346391499842517,True
D1T1B,570.0,55.6,17.796875,480.0,10,10.015158674364203,13.398259839778767,3.3831011654145637,2.1743389671989415,3.2346391499842517,True
D1T1B,580.0,90.0,25.69921875,1216.0,10,35.98397633338399,38.15162937539116,2.167653042007167,2.8295601523941007,3.2346391499842517,True
D1T1B,590.0,70.4,35.69921875,976.0,10,16.245585286042278,16.551091066207352,0.305505780165074,2.221119876611154,3.2346391499842517,True
D1T1B,710.0,51.6,10.796875,480.0,10,13.013495221419216,12.754538241305191,-0.258956980114025,2.2774816751703124,3.2346391499842517,True
D1T1B,720.0,16.4,12.5,176.0,10,5.631553167999717,9.445672075125414,3.814118907125697,2.4175986031172316,3.2346391499842517,True
D1T1B,740.0,55.2,14.5,464.0,10,12.104666338907936,16.783844329737146,4.67917799082921,1.9856333403462252,3.2346391499842517,True
D1T1B,760.0,50.4,42.0,304.0,10,12.857589094406517,14.077113566347123,1.2195244719406055,3.151618697242628,3.2346391499842517,True
D1T1B,800.0,64.4,26.3984375,592.0,10,12.98923753611904,17.011317016976683,4.022079480857643,3.0502933119177142,3.2346391499842517,True
D1T1B,840.0,50.8,3.796875,560.0,10,24.57752804852943,23.088299979841448,-1.4892280686879822,1.4811941320942845,3.2346391499842517,True
D1T1B,850.0,88.8,22.796875,1360.0,10,35.31598005490422,35.31598005490422,0.0,2.7613015043741003,3.2346391499842517,True
D1T1B,860.0,87.6,41.0,928.0,10,30.29574553816644,34.22268511487171,3.9269395767052693,2.9600322365580864,3.2346391499842517,True
D1T1B,880.0,86.4,34.69921875,1328.0,10,32.06761265113914,31.660156626730576,-0.40745602440856743,1.9396075186540909,3.2346391499842517,True
D1T1B,890.0,83.6,37.19921875,1152.0,10,29.749607701833124,38.63632472128466,8.886717019451535,1.6167052344633748,3.2346391499842517,True
D1T1B,920.0,76.4,40.59765625,1264.0,10,24.61044197002419,31.546946139916432,6.936504169892242,2.7853873539228324,3.2346391499842517,True
D1T1B,930.0,54.8,42.8984375,784.0,10,15.779883027402615,18.33221003109549,2.5523270036928736,2.14306150662728,3.2346391499842517,True
D1T1B,1020.0,34.8,41.19921875,128.0,10,12.608479727960715,12.943262747302521,0.3347830193418062,3.7539813479059987,3.2346391499842517,False
D1T1B,1070.0,45.6,29.69921875,400.0,10,9.142704773044837,9.996291564961354,0.8535867919165163,3.35060131279369,3.2346391499842517,False
D1T1B,1090.0,40.8,14.09765625,432.0,10,4.3145826934100295,5.656109184561996,1.3415264911519662,1.7403586205208934,3.2346391499842517,True
D1T1B,1200.0,17.6,13.5,96.0,10,6.596834764551096,8.705489528089311,2.1086547635382153,3.1007549121133366,3.2346391499842517,True
D1T1B,1210.0,29.2,13.5,240.0,10,10.973592768489228,11.811434725599094,0.8378419571098661,2.210473992121387,3.2346391499842517,True
D1T1B,1220.0,65.2,25.296875,624.0,10,22.36103959941651,23.5597165650763,1.1986769656597893,2.2355074151439083,3.2346391499842517,True
D1T1B,1230.0,66.4,29.8984375,864.0,10,15.832612478424744,18.166980259509888,2.3343677810851435,2.02622182582015,3.2346391499842517,True
D1T1B,1240.0,66.4,35.796875,944.0,10,17.726959686368282,21.283785329587158,3.5568256432188754,1.807154456305776,3.2346391499842517,True
D1T1B,1270.0,69.2,26.796875,576.0,10,20.33856349890581,21.130760966689678,0.7921974677838683,3.4113445528561996,3.2346391499842517,False
D1T1B,1280.0,70.4,28.8984375,944.0,10,22.06273857927409,23.197606585604397,1.1348680063303078,2.3096494008162844,3.2346391499842517,True
D1T1B,1290.0,52.8,29.69921875,464.0,10,9.648876594205015,9.796481051981008,0.14760445777599251,2.333857193662376,3.2346391499842517,True
D1T1B,1300.0,66.0,23.69921875,752.0,10,26.54752865422582,27.553701548985906,1.006172894760084,2.326188936143489,3.2346391499842517,True
D1T1B,1310.0,71.6,12.59765625,688.0,10,26.770890319524455,25.709562826201648,-1.061327493322807,2.8375962089838684,3.2346391499842517,True
D1T1B,1320.0,66.8,15.5,640.0,10,12.557381242229674,14.091281470954593,1.533900228724919,1.7219674221729644,3.2346391499842517,True
D1T1B,1350.0,68.8,38.59765625,704.0,10,12.488156824595773,13.43451573328561,0.9463589086898363,3.894049850603535,3.2346391499842517,False
D1T1B,1390.0,74.4,47.8984375,944.0,10,29.422996615693172,33.020628584998576,3.5976319693054037,2.2197486098404005,3.2346391499842517,True
D1T1B,1450.0,38.4,21.69921875,208.0,10,4.938928554636623,5.258176882043946,0.31924832740732345,2.6098030637314755,3.2346391499842517,True
D1T1B,1550.0,61.2,53.0,368.0,10,4.805946690742042,9.66066315816669,4.854716467424648,2.374623687493249,3.2346391499842517,True
D1T1B,1580.0,77.6,43.0,1296.0,10,24.428225441071287,34.95352815337762,10.525302712306331,2.8404631951600776,3.2346391499842517,True
D1T1B,1670.0,49.2,27.5,192.0,10,13.993024808712121,13.993024808712121,0.0,3.0434044998808383,3.2346391499842517,True
D1T1B,1680.0,72.8,42.296875,1168.0,10,24.44245868144213,32.116906247668226,7.674447566226096,1.007552272679906,3.2346391499842517,True
D1T1B,1690.0,74.8,45.796875,1216.0,10,19.81648528668489,28.63285529576519,8.816370009080298,2.3762566270558096,3.2346391499842517,True
D1T1B,1700.0,71.6,47.3984375,928.0,10,11.958568037017962,13.549700867452438,1.5911328304344767,2.8949484181806917,3.2346391499842517,True
D1T1B,1710.0,70.8,45.59765625,864.0,10,22.474023715841444,20.56903964683748,-1.9049840690039623,2.3361219067859955,3.2346391499842517,True
D1T1B,1730.0,66.4,14.3984375,656.0,10,26.87450012126025,27.152911953030262,0.2784118317700113,1.6694327881264874,3.2346391499842517,True
D1T1B,1740.0,50.4,15.5,384.0,10,6.547919523041311,6.217785026392938,-0.33013449664837324,2.6924095289777545,3.2346391499842517,True
D1T1B,1750.0,31.6,14.0,240.0,10,5.540132137248426,6.52146793624613,0.9813357989977041,2.220769099094235,3.2346391499842517,True
D1T2,9.0,38.8,3.296875,432.0,-10,17.996625652921114,18.775435211123998,0.7788095582028838,2.906806523530422,3.5209524854714966,True
D1T2,19.0,40.4,12.0,320.0,-10,0.42291612843736337,0.3459566572810012,-0.07695947115636215,3.305253569783894,3.5209524854714966,True
D1T2,29.0,48.0,13.0,400.0,-10,3.1591185838431675,2.9724386589990623,-0.18667992484410512,3.081113578456887,3.5209524854714966,True
D1T2,49.0,41.6,16.0,304.0,-10,7.755353059990404,6.4016804842040225,-1.3536725757863817,2.369047400329564,3.5209524854714966,True
D1T2,79.0,21.2,3.5,352.0,-10,20.030894432714586,9.997400930082174,-10.033493502632412,2.7557164630492466,3.5209524854714966,True
D1T2,109.0,65.6,31.8984375,560.0,-10,6.9548986340730075,8.33470317451958,1.3798045404465729,4.1484627164024355,3.5209524854714966,False
D1T2,119.0,63.2,51.0,576.0,-10,8.569362461710064,9.492994592093673,0.9236321303836093,3.2245228196839877,3.5209524854714966,True
D1T2,169.0,79.2,46.69921875,1184.0,-10,20.66148263401828,21.519998288140716,0.858515654122435,2.429044621975064,3.5209524854714966,True
D1T2,179.0,50.0,37.5,448.0,-10,8.537622710364767,8.724921555413419,0.18729884504865169,2.863168758767689,3.5209524854714966,True
D1T2,189.0,52.8,38.296875,576.0,-10,16.594000669128885,17.059947602834377,0.46594693370549223,1.9566441211470342,3.5209524854714966,True
D1T2,239.0,70.8,53.69921875,784.0,-10,31.34324193546276,30.45700213665165,-0.8862397988111113,2.661968443655399,3.5209524854714966,True
D1T2,249.0,70.0,55.5,624.0,-10,22.861241341891887,22.62974241108046,-0.23149893081142636,2.6240289945126767,3.5209524854714966,True
D1T2,259.0,75.2,51.8984375,960.0,-10,28.38853596498885,27.820178349182978,-0.5683576158058727,2.416641766824559,3.5209524854714966,True
D1T2,269.0,72.8,47.796875,912.0,-10,18.16674715853688,19.15581529904712,0.9890681405102413,2.376966755751615,3.5209524854714966,True
D1T2,289.0,52.0,10.5,512.0,-10,12.558494616488066,14.23119702466042,1.6727024081723538,3.5135250702799365,3.5209524854714966,True
D1T2,359.0,60.0,2.8984375,688.0,-10,22.46893478413549,24.312008884836438,1.843074100700946,1.5497169194373743,3.5209524854714966,True
D1T2,369.0,78.4,16.3984375,896.0,-10,31.1699144452542,29.112048476967963,-2.0578659682862366,3.0399645549074115,3.5209524854714966,True
D1T2,379.0,74.0,25.5,944.0,-10,25.331979740045004,24.711095498357665,-0.6208842416873388,2.7668103363112295,3.5209524854714966,True
D1T2,389.0,60.8,32.296875,592.0,-10,14.777435419460522,16.521444250007875,1.7440088305473527,2.5363779150216383,3.5209524854714966,True
D1T2,399.0,17.6,35.3984375,16.0,-10,2.7543954458259554,2.764490683396475,0.010095237570519444,3.1569238630644474,3.5209524854714966,True
D1T2,419.0,35.6,25.8984375,208.0,-10,17.232338567260197,17.347673247449272,0.11533468018907556,2.1695848777814044,3.5209524854714966,True
D1T2,429.0,66.4,32.19921875,768.0,-10,24.80511028024604,24.25435135327391,-0.5507589269721294,2.0973192779582055,3.5209524854714966,True
D1T2,439.0,53.2,29.8984375,480.0,-10,16.610676580966583,15.387673166332526,-1.2230034146340572,1.433380634688599,3.5209524854714966,True
D1T2,449.0,50.0,25.0,512.0,-10,17.56469859851695,17.95085596948803,0.38615737097107683,1.896758105471936,3.5209524854714966,True
D1T2,459.0,49.6,21.0,432.0,-10,11.637165554397297,11.32180629288519,-0.315359261512107,1.780705060798234,3.5209524854714966,True
D1T2,469.0,64.4,24.8984375,656.0,-10,23.2109250485757,24.85949343559901,1.6485683870233103,1.891249619376596,3.5209524854714966,True
D1T2,479.0,56.4,20.59765625,592.0,-10,12.491685400727611,12.621531672579266,0.12984627185165465,2.2624079608700294,3.5209524854714966,True
D1T2,539.0,48.0,52.69921875,320.0,-10,12.715909781796176,12.715909781796176,0.0,4.019421797680393,3.5209524854714966,False
D1T2,579.0,56.8,16.69921875,400.0,-10,15.116911765522575,15.253100582278371,0.13618881675579608,2.2409268213729137,3.5209524854714966,True
D1T2,589.0,55.2,18.5,400.0,-10,14.392298230988336,14.814735507086912,0.4224372760985755,2.3853051261110645,3.5209524854714966,True
D1T2,649.0,58.8,11.8984375,560.0,-10,12.725808044835015,13.969421821868028,1.2436137770330138,1.3761559797034637,3.5209524854714966,True
D1T2,659.0,63.2,12.3984375,624.0,-10,21.942634640186046,24.071094590991667,2.1284599508056203,2.0607575501168767,3.5209524854714966,True
D1T2,669.0,67.6,17.3984375,624.0,-10,30.78214631985517,28.338639725394444,-2.4435065944607253,1.6650176883754673,3.5209524854714966,True
D1T2,679.0,52.4,15.8984375,416.0,-10,15.445239593889694,15.32227758530161,-0.12296200858808426,1.853354084624518,3.5209524854714966,True
D1T2,689.0,65.6,5.796875,960.0,-10,22.999112762816058,24.202900113767246,1.2037873509511883,2.100425931069664,3.5209524854714966,True
D1T2,709.0,74.8,32.796875,1040.0,-10,18.059966535093714,17.8775285763534,-0.18243795874031576,2.762709356199577,3.5209524854714966,True
D1T2,719.0,65.6,32.09765625,752.0,-10,17.133844840795835,19.289411662832848,2.155566822037013,1.7103573600943212,3.5209524854714966,True
D1T2,829.0,42.0,17.296875,384.0,-10,19.588710500154598,19.50855434355707,-0.0801561565975284,2.241097366200037,3.5209524854714966,True
D1T2,879.0,50.0,1.19921875,640.0,-10,27.22497631243601,25.582838957886334,-1.642137354549675,3.238631709222399,3.5209524854714966,True
D1T2,889.0,70.4,17.59765625,704.0,-10,24.35940072868626,16.220408833455036,-8.138991895231225,2.6111988403137,3.5209524854714966,True
D1T2,899.0,63.2,25.796875,592.0,-10,12.669996248183788,14.381976821707314,1.711980573523526,1.8689661097524495,3.5209524854714966,True
D1T2,909.0,42.8,25.59765625,352.0,-10,8.326200434155616,8.102198056302353,-0.22400237785326382,2.3117189714718696,3.5209524854714966,True
D1T2,919.0,43.2,20.296875,320.0,-10,4.545919429734957,4.460565434366673,-0.08535399536828425,2.0632687408438497,3.5209524854714966,True
D1T2,929.0,41.6,15.796875,288.0,-10,5.770128895043821,5.772567644233129,0.002438749189307643,1.313207537930237,3.5209524854714966,True
D1T2,939.0,42.8,11.8984375,352.0,-10,6.224668446784299,7.1280040607223905,0.9033356139380917,1.1594134549482566,3.5209524854714966,True
D1T2,949.0,50.8,12.3984375,448.0,-10,11.563290460104271,9.784807670614413,-1.7784827894898587,1.2995940768651524,3.5209524854714966,True
D1T2,959.0,44.8,13.296875,352.0,-10,9.471906742853642,9.05983606901669,-0.4120706738369524,0.8096861036390722,3.5209524854714966,True
D1T2,969.0,66.4,11.59765625,720.0,-10,27.119482741306662,26.575195840623735,-0.544286900682927,1.9833693816368816,3.5209524854714966,True
D1T2,979.0,60.0,23.5,576.0,-10,10.024610255484966,11.504739748207871,1.4801294927229058,1.5944421004490534,3.5209524854714966,True
D1T2,1029.0,60.4,30.19921875,624.0,-10,14.434411191573822,15.386547578308086,0.9521363867342636,2.4842833101084167,3.5209524854714966,True
D1T2,1069.0,20.4,15.796875,0.0,-10,19.771330869097472,9.554653838308615,-10.216677030788857,1.012232630015671,3.5209524854714966,True
D1T2,1139.0,78.4,15.296875,944.0,-10,24.895012937650424,22.55486051920361,-2.340152418446813,2.29697436132508,3.5209524854714966,True
D1T2,1149.0,57.2,31.796875,464.0,-10,7.162654690332158,7.084357483127302,-0.078297207204856,2.4473216846907513,3.5209524854714966,True
D1T2,1159.0,11.2,40.8984375,144.0,-10,2.5219065819375013,3.1004754456622843,0.578568863724783,2.755956440626979,3.5209524854714966,True
D1T2,1169.0,53.2,39.796875,496.0,-10,18.10930807984862,17.801878257450966,-0.3074298223976548,2.3683900651855576,3.5209524854714966,True
D1T2,1179.0,61.2,39.3984375,704.0,-10,16.08389600113901,18.473429666590242,2.389533665451232,2.0807194162408043,3.5209524854714966,True
D1T2,1239.0,76.0,5.59765625,800.0,-10,31.85892933736595,23.6706223458314,-8.18830699153455,1.4092007924711913,3.5209524854714966,True
D1T2,1279.0,39.2,0.8984375,464.0,-10,22.69144905663452,23.977502945258987,1.2860538886244655,1.0339754315630978,3.5209524854714966,True
D1T2,1289.0,58.4,16.5,512.0,-10,12.915744691767651,13.754011708783944,0.8382670170162925,1.684523018603852,3.5209524854714966,True
D1T2,1349.0,19.2,7.296875,288.0,-10,16.325850329202453,6.20223196086156,-10.123618368340892,2.3436850387081973,3.5209524854714966,True
D1T2,1359.0,62.4,24.69921875,512.0,-10,6.987455676766509,7.367546902051282,0.38009122528477235,2.574092602933282,3.5209524854714966,True
D1T2,1389.0,57.2,35.19921875,400.0,-10,12.791791726529988,12.474696600183377,-0.3170951263466115,2.4821905053123374,3.5209524854714966,True
D1T2,1469.0,51.6,6.0,544.0,-10,21.382708793502484,22.40453529460687,1.0218265011043854,2.7308777616470157,3.5209524854714966,True
D1T2,1479.0,48.8,19.19921875,480.0,-10,8.188459378904838,7.915573874320161,-0.27288550458467675,2.3156474190700393,3.5209524854714966,True
D1T2,1539.0,65.6,10.0,768.0,-10,22.768952273139824,24.180412231238332,1.4114599580985079,1.885235313411455,3.5209524854714966,True
D1T2,1549.0,78.8,20.796875,768.0,-10,27.366742164924354,27.781469206478302,0.4147270415539488,1.6770947948690187,3.5209524854714966,True
D1T2,1559.0,57.2,27.5,608.0,-10,18.358159787453097,17.688819146889173,-0.6693406405639237,2.4986858170638495,3.5209524854714966,True
D1T2,1609.0,43.2,4.69921875,464.0,-10,18.681697311444314,18.681697311444314,0.0,1.2204942950360655,3.5209524854714966,True
D1T2,1619.0,79.6,21.796875,1312.0,-10,23.351491063476406,23.93303468281346,0.5815436193370545,2.958039342691287,3.5209524854714966,True
D1T2,1629.0,16.8,23.59765625,0.0,-10,2.2386497840178947,2.7476084907873615,0.5089587067694668,3.7828650066675,3.5209524854714966,False
D1T2,1639.0,49.6,18.796875,464.0,-10,12.917344049966587,12.316277145177901,-0.6010669047886861,2.1584655498697134,3.5209524854714966,True
D1T2,1659.0,27.2,5.0,320.0,-10,18.739224164507355,10.8401825065231,-7.899041657984256,1.569123240267919,3.5209524854714966,True
D1T2,1669.0,51.6,11.0,480.0,-10,11.717822298887443,10.781023563094463,-0.9367987357929799,2.2262629606766886,3.5209524854714966,True
D1T2,1679.0,41.6,10.0,352.0,-10,10.539869567955765,9.517072774955766,-1.0227967929999995,1.3579127450409296,3.5209524854714966,True
D1T2,1689.0,67.6,15.3984375,672.0,-10,25.779664070516194,22.88091557530129,-2.898748495214903,2.826207355105576,3.5209524854714966,True
D1T2,1699.0,67.2,26.09765625,560.0,-10,13.072826490809845,12.555569309053633,-0.5172571817562126,2.1229980835168085,3.5209524854714966,True
D1T2,1709.0,75.2,32.69921875,1072.0,-10,26.525824542560958,20.153050780166,-6.3727737623949565,2.2748178578587552,3.5209524854714966,True
D1T2,1719.0,57.6,41.796875,560.0,-10,10.315856891790856,11.23453765390173,0.9186807621108741,2.91034152269182,3.5209524854714966,True
D1T2,1729.0,54.4,36.0,592.0,-10,12.541295142582742,12.100332904531923,-0.4409622380508189,1.8762977949104367,3.5209524854714966,True
D1T2,1739.0,58.0,30.0,592.0,-10,16.697593655042418,17.1422471440949,0.4446534890524809,2.289525242427749,3.5209524854714966,True
D1T2,1749.0,62.8,28.0,752.0,-10,18.37008236275583,19.713570100779307,1.3434877380234767,1.7465742787735448,3.5209524854714966,True
D1T2,1759.0,47.6,27.0,192.0,-10,10.360265622645352,11.414308824315881,1.0540432016705292,2.5505166949394993,3.5209524854714966,True
D1T2,1769.0,60.8,27.09765625,688.0,-10,20.346669767820387,21.451140237532574,1.1044704697121865,2.0404627042715626,3.5209524854714966,True
D1T2,1789.0,36.8,11.5,368.0,-10,20.50547670123283,20.385180909569293,-0.12029579166353699,1.7309085093808891,3.5209524854714966,True
D1T2,1849.0,48.4,3.796875,544.0,-10,26.303032826232922,25.96866348223869,-0.3343693439942328,1.3991068315209039,3.5209524854714966,True
D1T2,1859.0,77.2,20.59765625,1264.0,-10,22.841359715746712,20.909534341606772,-1.9318253741399403,2.0413797115863126,3.5209524854714966,True
D1T2,1869.0,85.6,35.09765625,1408.0,-10,36.22449328305905,25.51515312518099,-10.709340157878056,1.925509059753941,3.5209524854714966,True
D1T2,1879.0,79.6,44.69921875,1520.0,-10,22.15971232961462,23.54194883374161,1.3822365041269897,1.968705828101491,3.5209524854714966,True
D1T2,1909.0,85.6,45.0,1152.0,-10,34.68335891238169,27.831768521179193,-6.8515903912025,2.6881526911969726,3.5209524854714966,True
D1T2,1919.0,52.8,50.69921875,336.0,-10,10.13715633823996,9.999041266142155,-0.13811507209780416,2.410563685802314,3.5209524854714966,True
D1T2,1959.0,19.2,13.0,192.0,-10,7.639398470664727,4.499970156286231,-3.1394283143784953,3.1445731008248146,3.5209524854714966,True
D1T2,1989.0,60.8,6.296875,672.0,-10,23.282407066603284,25.305766219169506,2.023359152566222,1.6086244542217691,3.5209524854714966,True
D1T2,1999.0,63.2,20.59765625,784.0,-10,17.278979199004755,20.291244615548546,3.0122654165437908,1.8036553392493586,3.5209524854714966,True
D1T2,2009.0,38.0,13.69921875,304.0,-10,6.694178044945636,6.928502104139244,0.23432405919360821,2.6656019402846836,3.5209524854714966,True
D1T2,2019.0,66.4,20.09765625,928.0,-10,23.58525183117914,23.354415014926307,-0.23083681625283248,1.8665304525834432,3.5209524854714966,True
D1T2,2079.0,65.2,17.59765625,608.0,-10,19.90848166160759,21.576282565382,1.6678009037744133,2.4583711528600825,3.5209524854714966,True
D1T2,2089.0,73.6,22.8984375,1040.0,-10,27.360550840383713,24.695369253019397,-2.665181587364316,2.069787755968086,3.5209524854714966,True
D1T2,2099.0,66.0,25.796875,672.0,-10,23.98920518620281,25.16659646551947,1.1773912793166588,1.6506670376977235,3.5209524854714966,True
D1T2,2139.0,31.6,6.59765625,336.0,-10,20.689167035918114,21.400205985188904,0.7110389492707903,2.221041073565224,3.5209524854714966,True
D1T2,2159.0,67.6,26.796875,960.0,-10,12.935031085471993,10.997555434922134,-1.9374756505498585,2.1981509309448892,3.5209524854714966,True
D1T2,2169.0,77.6,40.69921875,1248.0,-10,27.948160417203038,24.304646175228726,-3.6435142419743123,0.9594435897694312,3.5209524854714966,True
D1T2,2289.0,50.0,15.5,384.0,-10,13.521956329338625,13.3794398332788,-0.14251649605982486,2.3846624870817097,3.5209524854714966,True
D1T2,2339.0,58.0,46.8984375,480.0,-10,18.11504059595753,18.99606862927866,0.8810280333211296,3.2275876065462477,3.5209524854714966,True
D1T2,2429.0,62.8,16.59765625,544.0,-10,17.39239933590238,18.28500917831213,0.892609842409751,1.9193667449038314,3.5209524854714966,True
D1T2,2439.0,34.8,21.8984375,144.0,-10,10.346477247696477,10.54954036703348,0.20306311933700272,2.8074075761773347,3.5209524854714966,True
D1T2,2459.0,78.4,33.09765625,1216.0,-10,11.08133370543807,9.32872161759588,-1.7526120878421896,3.3060999235737882,3.5209524854714966,True
D1T2,2549.0,47.2,8.796875,448.0,-10,10.062115532842755,10.402215069051879,0.3400995362091237,2.399107962068695,3.5209524854714966,True
D1T2,2559.0,44.0,13.796875,336.0,-10,4.657547991462916,4.991004659884862,0.3334566684219453,1.3821670347420711,3.5209524854714966,True
D1T2,2579.0,41.6,10.09765625,368.0,-10,15.62638814509624,15.69415875402833,0.06777060893208997,2.093347535364479,3.5209524854714966,True
D1T2,2589.0,36.8,10.3984375,304.0,-10,8.536796659567203,8.636833342023989,0.10003668245678554,1.1568846896310876,3.5209524854714966,True
D1T2,2599.0,58.4,17.796875,464.0,-10,11.8101955295875,13.075619219989248,1.2654236904017484,2.450307806419285,3.5209524854714966,True
D1T2,2609.0,49.2,20.69921875,464.0,-10,11.208034155748102,10.867283497310751,-0.34075065843735075,1.6206054454327399,3.5209524854714966,True
D1T2,2619.0,84.4,30.0,1376.0,-10,38.046514613145256,30.864571230068016,-7.18194338307724,2.749332678512432,3.5209524854714966,True
D1T2,2729.0,45.6,4.59765625,560.0,-10,20.997311441277922,19.410217327678286,-1.5870941135996368,3.0871167977224685,3.5209524854714966,True
D1T2,2739.0,12.4,13.296875,0.0,-10,0.7723084555292786,0.9816797664568062,0.2093713109275276,3.3438616273716812,3.5209524854714966,True
D1T2,2779.0,62.0,19.8984375,720.0,-10,15.323579992297953,15.926085654858674,0.6025056625607217,2.6961621372914446,3.5209524854714966,True
D1T2,2789.0,69.2,31.3984375,896.0,-10,18.229054448819426,15.653694751410162,-2.5753596974092634,2.4176730927178944,3.5209524854714966,True
D1T2,2829.0,60.0,23.3984375,560.0,-10,16.643845911762938,17.27890982177236,0.6350639100094213,2.757191529439374,3.5209524854714966,True
D1T2,2879.0,74.0,12.3984375,896.0,-10,20.364937083438083,16.249066639234886,-4.115870444203196,2.535023973529996,3.5209524854714966,True
D1T2,2889.0,76.0,32.59765625,1168.0,-10,7.887413187871765,8.9072851616504,1.0198719737786348,2.333597051950543,3.5209524854714966,True
D1T2,2899.0,79.6,40.8984375,720.0,-10,20.283750843530804,21.478796592236204,1.1950457487054003,2.335417012655956,3.5209524854714966,True
D1T2,2909.0,87.2,34.8984375,1456.0,-10,42.3221888456696,33.485973035804655,-8.836215809864946,2.9464173813340704,3.5209524854714966,True
D1T2,2919.0,76.8,37.3984375,1056.0,-10,28.28336008200734,29.343092434855652,1.059732352848311,1.5905074100086483,3.5209524854714966,True
D1T2,2929.0,74.4,38.69921875,1168.0,-10,27.041606792825196,28.423418698672087,1.3818119058468916,2.1387312573257815,3.5209524854714966,True
D1T2,2939.0,42.8,46.296875,208.0,-10,7.47276466414399,7.47276466414399,0.0,2.4505774157018276,3.5209524854714966,True
D1T2,2949.0,70.0,48.69921875,816.0,-10,24.51781293858143,23.072809950314277,-1.4450029882671522,2.158478392432761,3.5209524854714966,True
D1T2,2959.0,70.0,48.8984375,592.0,-10,25.66030975815652,24.926402905533816,-0.7339068526227024,2.4450153540567388,3.5209524854714966,True
D1T2,3039.0,64.0,14.5,640.0,-10,24.623612551954043,25.527402905760646,0.9037903538066026,1.6632383582450878,3.5209524854714966,True
D1T2,3049.0,63.2,31.0,720.0,-10,7.626504290033122,8.753426278144033,1.1269219881109116,2.513954218689127,3.5209524854714966,True
D1T2,3059.0,51.6,35.69921875,432.0,-10,9.519735440915742,9.15952511476339,-0.3602103261523517,3.110612706731858,3.5209524854714966,True
D1T2,3069.0,52.4,41.3984375,512.0,-10,16.189003120658004,15.306132563762901,-0.882870556895103,3.1283569610888624,3.5209524854714966,True
D1T2,3079.0,86.0,47.3984375,1392.0,-10,38.47116839343701,31.5473818002019,-6.923786593235111,3.398736643663697,3.5209524854714966,True
D1T2,3099.0,84.4,37.5,1264.0,-10,30.492131836511334,23.51187375668332,-6.980258079828015,3.003099083424832,3.5209524854714966,True
D1T2,3199.0,48.8,6.19921875,512.0,-10,24.71141881977867,24.225008943132213,-0.4864098766464586,1.45581256555521,3.5209524854714966,True
D1T2,3209.0,24.8,11.69921875,192.0,-10,9.659844733789052,1.3792408080099925,-8.28060392577906,2.2656005386589335,3.5209524854714966,True
D1T2,3219.0,50.4,21.8984375,432.0,-10,4.751467969696366,4.15765268491109,-0.5938152847852756,2.3427951443570163,3.5209524854714966,True
D1T2,3229.0,75.2,29.796875,1136.0,-10,28.81783611522566,25.0513942415824,-3.7664418736432594,2.3657645198861528,3.5209524854714966,True
D1T2,3239.0,83.6,39.796875,1440.0,-10,30.98065189442471,17.532173881702725,-13.448478012721985,1.7278469851602472,3.5209524854714966,True
D1T2,3249.0,74.8,45.796875,1008.0,-10,19.814279600038965,18.93034451037696,-0.8839350896620068,2.330042271280813,3.5209524854714966,True
D1T2,3259.0,87.6,52.59765625,1232.0,-10,43.08166968220276,35.012287291475914,-8.069382390726844,2.321700635995369,3.5209524854714966,True
D1T2,3289.0,64.4,11.796875,704.0,-10,23.263626447368257,24.931427351142673,1.6678009037744168,1.6593944212725458,3.5209524854714966,True
D1T2,3299.0,69.6,16.19921875,688.0,-10,32.619320420614024,28.359551468111068,-4.259768952502956,2.123439890304975,3.5209524854714966,True
D1T2,3359.0,80.0,10.59765625,1040.0,-10,28.599650648227023,28.848276338499257,0.24862569027223458,2.835636803995629,3.5209524854714966,True
D1T2,3389.0,45.2,41.09765625,368.0,-10,4.560573243191639,4.574667976569696,0.014094733378057,3.054484801854737,3.5209524854714966,True
D1T2,3509.0,12.0,5.5,304.0,-10,9.145857727060026,7.3826976995140114,-1.7631600275460144,1.8476569639063067,3.5209524854714966,True
D1T2,3549.0,34.8,11.69921875,336.0,-10,12.184459023363681,13.156490803110158,0.9720317797464766,3.433871444526389,3.5209524854714966,False
D1T2,3649.0,44.4,5.09765625,480.0,-10,20.781347785947474,20.12936635389913,-0.6519814320483448,1.4955850188103967,3.5209524854714966,True
D1T2,3659.0,55.2,27.19921875,544.0,-10,4.380571138426853,4.294184985773593,-0.08638615265325988,3.119226988330545,3.5209524854714966,True
D1T2,3669.0,42.8,34.69921875,320.0,-10,4.150262619949977,4.150262619949977,0.0,3.3164905644789675,3.5209524854714966,True
D1T2,3679.0,69.2,41.19921875,912.0,-10,19.531502860301845,16.40324800806697,-3.1282548522348748,2.8033480920495704,3.5209524854714966,True
D1T2,3689.0,86.8,48.296875,1392.0,-10,39.942277461013454,31.249674767600737,-8.692602693412717,2.7508841041320946,3.5209524854714966,True
D1T2,3699.0,89.2,44.69921875,1520.0,-10,39.60222066626854,30.731675495509343,-8.8705451707592,2.3365240458018377,3.5209524854714966,True
D1T2,3709.0,85.2,37.19921875,736.0,-10,29.950739414204104,25.558178394096135,-4.392561020107969,3.164456486993693,3.5209524854714966,True
D1T2,3719.0,80.0,43.59765625,1216.0,-10,13.050685843470331,14.3709154676572,1.3202296241868687,2.42059243842245,3.5209524854714966,True
D1T2,3799.0,84.0,23.19921875,1376.0,-10,34.951836716400074,23.007511711072073,-11.944325005328,2.6827409391308086,3.5209524854714966,True
D1T2,3809.0,72.8,35.0,896.0,-10,12.48648600144452,12.12548189153612,-0.36100410990840004,2.0684368543127922,3.5209524854714966,True
D1T2,3819.0,68.0,40.09765625,912.0,-10,18.527898890970402,19.13909767137127,0.6111987804008692,1.7828520089334354,3.5209524854714966,True
D1T2,3829.0,63.6,40.3984375,752.0,-10,18.201542087898698,19.07873008829849,0.8771880003997907,2.069091426712738,3.5209524854714966,True
D1T2,3839.0,58.4,37.296875,688.0,-10,18.93070226907826,18.896345548215905,-0.03435672086235542,1.9754311493298797,3.5209524854714966,True
D1T2,3849.0,23.2,13.3984375,160.0,-10,13.055999055606968,7.693843121624882,-5.362155933982086,3.31512243015571,3.5209524854714966,True
D1T2,3859.0,70.0,15.19921875,720.0,-10,30.408264459879124,22.545155997793803,-7.8631084620853215,3.3873360672869417,3.5209524854714966,True
D1T2,9.0,38.8,3.296875,432.0,10,17.996625652921114,19.621488789823168,1.6248631369020536,3.5526302967560097,3.5209524854714966,False
D1T2,19.0,40.4,12.0,320.0,10,0.42291612843736337,1.5817906558149366,1.1588745273775731,3.3827758775903654,3.5209524854714966,True
D1T2,29.0,48.0,13.0,400.0,10,3.1591185838431675,4.648492636281221,1.4893740524380532,3.0587876538671837,3.5209524854714966,True
D1T2,49.0,41.6,16.0,304.0,10,7.755353059990404,7.125010296803494,-0.6303427631869098,2.4129836030559195,3.5209524854714966,True
D1T2,79.0,21.2,3.5,352.0,10,20.030894432714586,18.624745436844734,-1.4061489958698523,3.142226367208272,3.5209524854714966,True
D1T2,109.0,65.6,31.8984375,560.0,10,6.9548986340730075,11.592418769885821,4.637520135812814,4.220852903691818,3.5209524854714966,False
D1T2,119.0,63.2,51.0,576.0,10,8.569362461710064,13.47699715860325,4.9076346968931865,3.2326890384054394,3.5209524854714966,True
D1T2,169.0,79.2,46.69921875,1184.0,10,20.66148263401828,30.242871050035422,9.581388416017141,2.4479521324311486,3.5209524854714966,True
D1T2,179.0,50.0,37.5,448.0,10,8.537622710364767,7.365273946904224,-1.1723487634605432,2.7635870786559247,3.5209524854714966,True
D1T2,189.0,52.8,38.296875,576.0,10,16.594000669128885,15.853557619822329,-0.7404430493065561,1.778896665910039,3.5209524854714966,True
D1T2,239.0,70.8,53.69921875,784.0,10,31.34324193546276,30.965776537160156,-0.37746539830260417,2.5846750558231637,3.5209524854714966,True
D1T2,249.0,70.0,55.5,624.0,10,22.861241341891887,24.383016168442534,1.5217748265506472,2.5848886673404157,3.5209524854714966,True
D1T2,259.0,75.2,51.8984375,960.0,10,28.38853596498885,34.91268333104097,6.524147366052116,2.4570989005490658,3.5209524854714966,True
D1T2,269.0,72.8,47.796875,912.0,10,18.16674715853688,26.64037138787516,8.47362422933828,2.309828242044892,3.5209524854714966,True
D1T2,289.0,52.0,10.5,512.0,10,12.558494616488066,10.526163708490895,-2.0323309079971708,3.4895990282108853,3.5209524854714966,True
D1T2,359.0,60.0,2.8984375,688.0,10,22.46893478413549,30.62533428079193,8.156399496656437,1.572205042286698,3.5209524854714966,True
D1T2,369.0,78.4,16.3984375,896.0,10,31.1699144452542,38.22508013509769,7.055165689843491,3.1052047196018604,3.5209524854714966,True
D1T2,379.0,74.0,25.5,944.0,10,25.331979740045004,37.80329953642963,12.471319796384623,2.8079652172394765,3.5209524854714966,True
D1T2,389.0,60.8,32.296875,592.0,10,14.777435419460522,18.6363159643207,3.8588805448601793,2.432624422479449,3.5209524854714966,True
D1T2,399.0,17.6,35.3984375,16.0,10,2.7543954458259554,8.52186925845976,5.767473812633805,3.1001203554404024,3.5209524854714966,True
D1T2,419.0,35.6,25.8984375,208.0,10,17.232338567260197,17.807943581963013,0.5756050147028162,2.166699375666937,3.5209524854714966,True
D1T2,429.0,66.4,32.19921875,768.0,10,24.80511028024604,28.93325893790351,4.128148657657469,2.0046092587322306,3.5209524854714966,True
D1T2,439.0,53.2,29.8984375,480.0,10,16.610676580966583,15.097175237093163,-1.5135013438734202,1.3329141687055313,3.5209524854714966,True
D1T2,449.0,50.0,25.0,512.0,10,17.56469859851695,16.695684099635958,-0.8690144988809934,1.8744974314541896,3.5209524854714966,True
D1T2,459.0,49.6,21.0,432.0,10,11.637165554397297,9.83446426115473,-1.802701293242567,1.7837803485970234,3.5209524854714966,True
D1T2,469.0,64.4,24.8984375,656.0,10,23.2109250485757,30.782491089274888,7.571566040699189,1.967060165665252,3.5209524854714966,True
D1T2,479.0,56.4,20.59765625,592.0,10,12.491685400727611,10.23416664517693,-2.257518755550681,2.48627968369717,3.5209524854714966,True
D1T2,539.0,48.0,52.69921875,320.0,10,12.715909781796176,12.585048090465698,-0.13086169133047854,4.044496590108201,3.5209524854714966,False
D1T2,579.0,56.8,16.69921875,400.0,10,15.116911765522575,15.610588350159546,0.4936765846369706,2.5276505303144723,3.5209524854714966,True
D1T2,589.0,55.2,18.5,400.0,10,14.392298230988336,13.82160906613047,-0.5706891648578658,2.365963006512819,3.5209524854714966,True
D1T2,649.0,58.8,11.8984375,560.0,10,12.725808044835015,20.1565576795432,7.430749634708187,1.2926603610845007,3.5209524854714966,True
D1T2,659.0,63.2,12.3984375,624.0,10,21.942634640186046,28.431382440246967,6.488747800060921,2.090469454948239,3.5209524854714966,True
D1T2,669.0,67.6,17.3984375,624.0,10,30.78214631985517,34.53613568912929,3.7539893692741195,1.783593036882211,3.5209524854714966,True
D1T2,679.0,52.4,15.8984375,416.0,10,15.445239593889694,13.295377980641863,-2.1498616132478308,1.693124862789634,3.5209524854714966,True
D1T2,689.0,65.6,5.796875,960.0,10,22.999112762816058,27.445562965395936,4.446450202579879,2.1404867103737217,3.5209524854714966,True
D1T2,709.0,74.8,32.796875,1040.0,10,18.059966535093714,26.57328593749625,8.513319402402537,2.688501430472646,3.5209524854714966,True
D1T2,719.0,65.6,32.09765625,752.0,10,17.133844840795835,18.44988978763021,1.3160449468343742,1.5723103216604384,3.5209524854714966,True
D1T2,829.0,42.0,17.296875,384.0,10,19.588710500154598,19.565706090292085,-0.023004409862512176,2.0329849745051956,3.5209524854714966,True
D1T2,879.0,50.0,1.19921875,640.0,10,27.22497631243601,26.194596695663005,-1.0303796167730042,3.365041412745351,3.5209524854714966,True
D1T2,889.0,70.4,17.59765625,704.0,10,24.35940072868626,23.956313098403758,-0.40308763028250283,2.627062698407667,3.5209524854714966,True
D1T2,899.0,63.2,25.796875,592.0,10,12.669996248183788,18.02899818274725,5.359001934563464,1.9058422710334368,3.5209524854714966,True
D1T2,909.0,42.8,25.59765625,352.0,10,8.326200434155616,9.046224650837168,0.7200242166815514,2.4004008294692043,3.5209524854714966,True
D1T2,919.0,43.2,20.296875,320.0,10,4.545919429734957,6.4362034262483485,1.890283996513391,2.2649132751591092,3.5209524854714966,True
D1T2,929.0,41.6,15.796875,288.0,10,5.770128895043821,6.967549930045875,1.197421035002054,1.089825263469388,3.5209524854714966,True
D1T2,939.0,42.8,11.8984375,352.0,10,6.224668446784299,9.224119996335151,2.9994515495508525,1.3701510781652346,3.5209524854714966,True
D1T2,949.0,50.8,12.3984375,448.0,10,11.563290460104271,12.671871930115682,1.1085814700114103,1.405182361200858,3.5209524854714966,True
D1T2,959.0,44.8,13.296875,352.0,10,9.471906742853642,8.939509155620895,-0.5323975872327473,0.620721298233488,3.5209524854714966,True
D1T2,969.0,66.4,11.59765625,720.0,10,27.119482741306662,33.19786697131436,6.0783842300077,2.0883436091728,3.5209524854714966,True
D1T2,979.0,60.0,23.5,576.0,10,10.024610255484966,15.510925577025958,5.486315321540992,1.6749416146362994,3.5209524854714966,True
D1T2,1029.0,60.4,30.19921875,624.0,10,14.434411191573822,22.2904068061354,7.855995614561579,2.510617334738905,3.5209524854714966,True
D1T2,1069.0,20.4,15.796875,0.0,10,19.771330869097472,19.35422784537713,-0.41710302372034036,1.7985528281810559,3.5209524854714966,True
D1T2,1139.0,78.4,15.296875,944.0,10,24.895012937650424,35.883726813970945,10.98871387632052,2.008432215226287,3.5209524854714966,True
D1T2,1149.0,57.2,31.796875,464.0,10,7.162654690332158,6.136232126279849,-1.026422564052309,2.3726508686044876,3.5209524854714966,True
D1T2,1159.0,11.2,40.8984375,144.0,10,2.5219065819375013,6.620526664018365,4.098620082080863,2.3584929546585847,3.5209524854714966,True
D1T2,1169.0,53.2,39.796875,496.0,10,18.10930807984862,16.757878324051898,-1.3514297557967225,2.3543276866727374,3.5209524854714966,True
D1T2,1179.0,61.2,39.3984375,704.0,10,16.08389600113901,19.33021753683985,3.24632153570084,2.2197686351402126,3.5209524854714966,True
D1T2,1239.0,76.0,5.59765625,800.0,10,31.85892933736595,37.280851735955565,5.421922398589615,1.9394025847971508,3.5209524854714966,True
D1T2,1279.0,39.2,0.8984375,464.0,10,22.69144905663452,24.928237064957237,2.2367880083227156,1.540449065676225,3.5209524854714966,True
D1T2,1289.0,58.4,16.5,512.0,10,12.915744691767651,15.308471139005427,2.3927264472377754,1.867421895645641,3.5209524854714966,True
D1T2,1349.0,19.2,7.296875,288.0,10,16.325850329202453,16.064857498726766,-0.26099283047568633,2.497436843432082,3.5209524854714966,True
D1T2,1359.0,62.4,24.69921875,512.0,10,6.987455676766509,13.891090818683635,6.903635141917126,2.564453496899229,3.5209524854714966,True
D1T2,1389.0,57.2,35.19921875,400.0,10,12.791791726529988,12.7721203979604,-0.019671328569588198,2.5674739967936215,3.5209524854714966,True
D1T2,1469.0,51.6,6.0,544.0,10,21.382708793502484,18.900118518400532,-2.482590275101952,2.777511997706435,3.5209524854714966,True
D1T2,1479.0,48.8,19.19921875,480.0,10,8.188459378904838,7.924511020968532,-0.26394835793630644,2.2679134002513757,3.5209524854714966,True
D1T2,1539.0,65.6,10.0,768.0,10,22.768952273139824,30.355995603817117,7.587043330677293,2.095536936757227,3.5209524854714966,True
D1T2,1549.0,78.8,20.796875,768.0,10,27.366742164924354,37.34666549861378,9.979923333689428,2.144303406294128,3.5209524854714966,True
D1T2,1559.0,57.2,27.5,608.0,10,18.358159787453097,20.899389134245148,2.5412293467920506,2.462184170086302,3.5209524854714966,True
D1T2,1609.0,43.2,4.69921875,464.0,10,18.681697311444314,18.998792437790925,0.3170951263466115,1.175989550213291,3.5209524854714966,True
D1T2,1619.0,79.6,21.796875,1312.0,10,23.351491063476406,35.721375493889866,12.36988443041346,2.8330904475618865,3.5209524854714966,True
D1T2,1629.0,16.8,23.59765625,0.0,10,2.2386497840178947,4.306876490003498,2.0682267059856034,3.6589153053714614,3.5209524854714966,False
D1T2,1639.0,49.6,18.796875,464.0,10,12.917344049966587,12.326526758628187,-0.5908172913384,2.10417983432269,3.5209524854714966,True
D1T2,1659.0,27.2,5.0,320.0,10,18.739224164507355,17.69942177582878,-1.0398023886785737,1.3202685005624666,3.5209524854714966,True
D1T2,1669.0,51.6,11.0,480.0,10,11.717822298887443,10.581360171868091,-1.1364621270193513,2.056634610252791,3.5209524854714966,True
D1T2,1679.0,41.6,10.0,352.0,10,10.539869567955765,11.40718487804275,0.867315310086985,1.2591097265575157,3.5209524854714966,True
D1T2,1689.0,67.6,15.3984375,672.0,10,25.779664070516194,30.835459357658852,5.055795287142658,2.9288885515247283,3.5209524854714966,True
D1T2,1699.0,67.2,26.09765625,560.0,10,13.072826490809845,16.32240018317286,3.2495736923630147,2.2414749257985496,3.5209524854714966,True
D1T2,1709.0,75.2,32.69921875,1072.0,10,26.525824542560958,34.95616579480938,8.430341252248422,2.4148044361253627,3.5209524854714966,True
D1T2,1719.0,57.6,41.796875,560.0,10,10.315856891790856,10.062821432315735,-0.2530354594751216,2.5313963773499,3.5209524854714966,True
D1T2,1729.0,54.4,36.0,592.0,10,12.541295142582742,11.755016833434809,-0.7862783091479333,1.8200104607057368,3.5209524854714966,True
D1T2,1739.0,58.0,30.0,592.0,10,16.697593655042418,18.65059118536523,1.9529975303228113,2.4527992318260288,3.5209524854714966,True
D1T2,1749.0,62.8,28.0,752.0,10,18.37008236275583,21.556230263915726,3.186147901159895,1.9251902645945795,3.5209524854714966,True
D1T2,1759.0,47.6,27.0,192.0,10,10.360265622645352,10.062411798187219,-0.2978538244581337,2.443938830344428,3.5209524854714966,True
D1T2,1769.0,60.8,27.09765625,688.0,10,20.346669767820387,23.627046489056855,3.2803767212364683,2.1111611488938573,3.5209524854714966,True
D1T2,1789.0,36.8,11.5,368.0,10,20.50547670123283,21.08108171593565,0.5756050147028198,1.6402290766457066,3.5209524854714966,True
D1T2,1849.0,48.4,3.796875,544.0,10,26.303032826232922,25.473057525170912,-0.8299753010620101,1.3815656637391744,3.5209524854714966,True
D1T2,1859.0,77.2,20.59765625,1264.0,10,22.841359715746712,34.64808818696516,11.806728471218449,2.23491005223788,3.5209524854714966,True
D1T2,1869.0,85.6,35.09765625,1408.0,10,36.22449328305905,36.74802190998872,0.5235286269296751,2.124914970154667,3.5209524854714966,True
D1T2,1879.0,79.6,44.69921875,1520.0,10,22.15971232961462,34.77381728042474,12.614104950810116,1.9745950488446171,3.5209524854714966,True
D1T2,1909.0,85.6,45.0,1152.0,10,34.68335891238169,34.68335891238169,0.0,2.7584722131988304,3.5209524854714966,True
D1T2,1919.0,52.8,50.69921875,336.0,10,10.13715633823996,9.494693645012019,-0.6424626932279409,2.0843439370906207,3.5209524854714966,True
D1T2,1959.0,19.2,13.0,192.0,10,7.639398470664727,7.639398470664727,0.0,2.6090142189759775,3.5209524854714966,True
D1T2,1989.0,60.8,6.296875,672.0,10,23.282407066603284,31.136357678195562,7.853950611592278,1.6597715654556915,3.5209524854714966,True
D1T2,1999.0,63.2,20.59765625,784.0,10,17.278979199004755,23.954223862657976,6.675244663653221,2.0298978954640057,3.5209524854714966,True
D1T2,2009.0,38.0,13.69921875,304.0,10,6.694178044945636,6.818045156649841,0.12386711170420561,2.762994169833287,3.5209524854714966,True
D1T2,2019.0,66.4,20.09765625,928.0,10,23.58525183117914,30.148104548839115,6.562852717659975,1.882993407380546,3.5209524854714966,True
D1T2,2079.0,65.2,17.59765625,608.0,10,19.90848166160759,27.90629312387989,7.997811462272303,2.4007035769183345,3.5209524854714966,True
D1T2,2089.0,73.6,22.8984375,1040.0,10,27.360550840383713,35.06035704395156,7.699806203567849,2.2356228929711355,3.5209524854714966,True
D1T2,2099.0,66.0,25.796875,672.0,10,23.98920518620281,28.477226259575747,4.488021073372938,1.4708533945875086,3.5209524854714966,True
D1T2,2139.0,31.6,6.59765625,336.0,10,20.689167035918114,21.000082488213398,0.3109154522952835,2.6496162616760714,3.5209524854714966,True
D1T2,2159.0,67.6,26.796875,960.0,10,12.935031085471993,17.96617154156618,5.031140456094187,2.193989740050593,3.5209524854714966,True
D1T2,2169.0,77.6,40.69921875,1248.0,10,27.948160417203038,38.6394400377759,10.69127962057286,1.0714596992137624,3.5209524854714966,True
D1T2,2289.0,50.0,15.5,384.0,10,13.521956329338625,12.791479717049874,-0.7304766122887507,2.546333574984958,3.5209524854714966,True
D1T2,2339.0,58.0,46.8984375,480.0,10,18.11504059595753,18.74006301414754,0.6250224181900101,3.412862848921856,3.5209524854714966,True
D1T2,2429.0,62.8,16.59765625,544.0,10,17.39239933590238,25.78579972633933,8.393400390436952,2.062711687770797,3.5209524854714966,True
D1T2,2439.0,34.8,21.8984375,144.0,10,10.346477247696477,10.41452583809476,0.06804859039828237,2.7608675989162874,3.5209524854714966,True
D1T2,2459.0,78.4,33.09765625,1216.0,10,11.08133370543807,24.13819381665681,13.05686011121874,3.2874203158564876,3.5209524854714966,True
D1T2,2549.0,47.2,8.796875,448.0,10,10.062115532842755,10.035317278602735,-0.02679825424002047,2.6088196178162835,3.5209524854714966,True
D1T2,2559.0,44.0,13.796875,336.0,10,4.657547991462916,6.360220526518513,1.702672535055597,1.3495309606769612,3.5209524854714966,True
D1T2,2579.0,41.6,10.09765625,368.0,10,15.62638814509624,15.730687662789933,0.10429951769369339,2.1113613855771463,3.5209524854714966,True
D1T2,2589.0,36.8,10.3984375,304.0,10,8.536796659567203,9.607442355863885,1.0706456962966815,0.956375867608419,3.5209524854714966,True
D1T2,2599.0,58.4,17.796875,464.0,10,11.8101955295875,15.153335607541297,3.343140077953798,2.572352112681664,3.5209524854714966,True
D1T2,2609.0,49.2,20.69921875,464.0,10,11.208034155748102,10.135812576775487,-1.0722215789726146,1.4063762047436914,3.5209524854714966,True
D1T2,2619.0,84.4,30.0,1376.0,10,38.046514613145256,38.94299049657486,0.896475883429602,2.4694022882427373,3.5209524854714966,True
D1T2,2729.0,45.6,4.59765625,560.0,10,20.997311441277922,21.510268450188875,0.5129570089109521,2.969102698365959,3.5209524854714966,True
D1T2,2739.0,12.4,13.296875,0.0,10,0.7723084555292786,3.329431625304508,2.5571231697752297,3.135105717925957,3.5209524854714966,True
D1T2,2779.0,62.0,19.8984375,720.0,10,15.323579992297953,23.90114793260122,8.577567940303267,2.794446210826136,3.5209524854714966,True
D1T2,2789.0,69.2,31.3984375,896.0,10,18.229054448819426,17.61300567297485,-0.6160487758445754,2.473748007237428,3.5209524854714966,True
D1T2,2829.0,60.0,23.3984375,560.0,10,16.643845911762938,23.451993280598792,6.808147368835854,2.5907837573512937,3.5209524854714966,True
D1T2,2879.0,74.0,12.3984375,896.0,10,20.364937083438083,30.90091964935096,10.535982565912878,2.71086384663525,3.5209524854714966,True
D1T2,2889.0,76.0,32.59765625,1168.0,10,7.887413187871765,26.383730886961427,18.496317699089662,2.368123097504971,3.5209524854714966,True
D1T2,2899.0,79.6,40.8984375,720.0,10,20.283750843530804,33.1765043063418,12.892753462810994,2.6346386678662044,3.5209524854714966,True
D1T2,2909.0,87.2,34.8984375,1456.0,10,42.3221888456696,42.89035245903022,0.5681636133606176,2.702672090481114,3.5209524854714966,True
D1T2,2919.0,76.8,37.3984375,1056.0,10,28.28336008200734,35.28740249184701,7.00404240983967,1.35294359954923,3.5209524854714966,True
D1T2,2929.0,74.4,38.69921875,1168.0,10,27.041606792825196,38.155366365026936,11.11375957220174,2.1843942292526397,3.5209524854714966,True
D1T2,2939.0,42.8,46.296875,208.0,10,7.47276466414399,7.610879736241796,0.13811507209780594,2.237870957871663,3.5209524854714966,True
D1T2,2949.0,70.0,48.69921875,816.0,10,24.51781293858143,23.991643547468122,-0.5261693911133065,1.7540901456095719,3.5209524854714966,True
D1T2,2959.0,70.0,48.8984375,592.0,10,25.66030975815652,24.742025486449844,-0.9182842717066748,2.5061635921131193,3.5209524854714966,True
D1T2,3039.0,64.0,14.5,640.0,10,24.623612551954043,33.57298753626114,8.949374984307095,1.7561314705265985,3.5209524854714966,True
D1T2,3049.0,63.2,31.0,720.0,10,7.626504290033122,12.325952166686282,4.69944787665316,2.4612215455272985,3.5209524854714966,True
D1T2,3059.0,51.6,35.69921875,432.0,10,9.519735440915742,9.162963534991302,-0.35677190592443964,3.15106680962057,3.5209524854714966,True
D1T2,3069.0,52.4,41.3984375,512.0,10,16.189003120658004,16.29736821347362,0.10836509281561746,3.1884517011791993,3.5209524854714966,True
D1T2,3079.0,86.0,47.3984375,1392.0,10,38.47116839343701,38.47116839343701,0.0,3.2731895926361507,3.5209524854714966,True
D1T2,3099.0,84.4,37.5,1264.0,10,30.492131836511334,30.732425412210794,0.24029357569946086,2.9513033186562554,3.5209524854714966,True
D1T2,3199.0,48.8,6.19921875,512.0,10,24.71141881977867,22.54631573564317,-2.1651030841355023,1.458135661732468,3.5209524854714966,True
D1T2,3209.0,24.8,11.69921875,192.0,10,9.659844733789052,9.422941815239962,-0.23690291854908985,2.162668899794026,3.5209524854714966,True
D1T2,3219.0,50.4,21.8984375,432.0,10,4.751467969696366,4.873637513136071,0.12216954343970521,2.2449396775554087,3.5209524854714966,True
D1T2,3229.0,75.2,29.796875,1136.0,10,28.81783611522566,38.77614539676721,9.958309281541553,2.3340228139963233,3.5209524854714966,True
D1T2,3239.0,83.6,39.796875,1440.0,10,30.98065189442471,32.79382747407994,1.8131755796552298,1.838647819802475,3.5209524854714966,True
D1T2,3249.0,74.8,45.796875,1008.0,10,19.814279600038965,30.979854028881515,11.16557442884255,2.3356526061939284,3.5209524854714966,True
D1T2,3259.0,87.6,52.59765625,1232.0,10,43.08166968220276,43.08166968220276,0.0,2.5719291340652344,3.5209524854714966,True
D1T2,3289.0,64.4,11.796875,704.0,10,23.263626447368257,31.08638100336448,7.822754555996223,1.6522899122142864,3.5209524854714966,True
D1T2,3299.0,69.6,16.19921875,688.0,10,32.619320420614024,32.76479988919199,0.14547946857796745,2.273631756880194,3.5209524854714966,True
D1T2,3359.0,80.0,10.59765625,1040.0,10,28.599650648227023,36.23358127742042,7.633930629193397,2.8836243076770707,3.5209524854714966,True
D1T2,3389.0,45.2,41.09765625,368.0,10,4.560573243191639,4.467979341596094,-0.09259390159554481,3.0203946342017374,3.5209524854714966,True
D1T2,3509.0,12.0,5.5,304.0,10,9.145857727060026,20.155053598801832,11.009195871741806,1.9910780672529262,3.5209524854714966,True
D1T2,3549.0,34.8,11.69921875,336.0,10,12.184459023363681,12.393830334291208,0.20937131092752637,3.770775618931473,3.5209524854714966,False
D1T2,3649.0,44.4,5.09765625,480.0,10,20.781347785947474,22.44438466084023,1.6630368748927573,1.8182973432195282,3.5209524854714966,True
D1T2,3659.0,55.2,27.19921875,544.0,10,4.380571138426853,3.8754105980628553,-0.5051605403639976,3.169331018204534,3.5209524854714966,True
D1T2,3669.0,42.8,34.69921875,320.0,10,4.150262619949977,4.236648772603237,0.08638615265325988,3.2180180777805867,3.5209524854714966,True
D1T2,3679.0,69.2,41.19921875,912.0,10,19.531502860301845,18.748856304035563,-0.7826465562662825,2.7042762788775825,3.5209524854714966,True
D1T2,3689.0,86.8,48.296875,1392.0,10,39.942277461013454,39.942277461013454,0.0,2.8548141147054293,3.5209524854714966,True
D1T2,3699.0,89.2,44.69921875,1520.0,10,39.60222066626854,39.99019982415878,0.3879791578902356,2.396238068685196,3.5209524854714966,True
D1T2,3709.0,85.2,37.19921875,736.0,10,29.950739414204104,30.925769017319976,0.9750296031158712,3.272219733984102,3.5209524854714966,True
D1T2,3719.0,80.0,43.59765625,1216.0,10,13.050685843470331,28.220425923128907,15.169740079658576,2.4148984512319736,3.5209524854714966,True
D1T2,3799.0,84.0,23.19921875,1376.0,10,34.951836716400074,35.16916688863229,0.2173301722322165,2.824060341105445,3.5209524854714966,True
D1T2,3809.0,72.8,35.0,896.0,10,12.48648600144452,21.718697999436653,9.232211997992133,1.9860894803973668,3.5209524854714966,True
D1T2,3819.0,68.0,40.09765625,912.0,10,18.527898890970402,19.304532582590678,0.7766336916202761,1.7925916022394761,3.5209524854714966,True
D1T2,3829.0,63.6,40.3984375,752.0,10,18.201542087898698,18.32774414901934,0.12620206112064025,2.074370243314048,3.5209524854714966,True
D1T2,3839.0,58.4,37.296875,688.0,10,18.93070226907826,18.381469736774747,-0.5492325323035132,2.0129228165219115,3.5209524854714966,True
D1T2,3849.0,23.2,13.3984375,160.0,10,13.055999055606968,12.7350729551172,-0.32092610048976766,3.224541861436475,3.5209524854714966,True
D1T2,3859.0,70.0,15.19921875,720.0,10,30.408264459879124,30.38329861585386,-0.024965844025263806,3.5008831771130864,3.5209524854714966,True
D2T1,10.0,49.2,9.69921875,448.0,-10,16.660679514488887,15.90036835549389,-0.7603111589949965,18.22056983185004,3.350700889487537,False
D2T1,40.0,55.6,9.8984375,528.0,-10,11.699100720241727,11.288182484318048,-0.4109182359236794,18.199915418171184,3.350700889487537,False
D2T1,50.0,66.4,19.69921875,976.0,-10,18.790194232019168,15.912669307901885,-2.8775249241172833,18.00130949251171,3.350700889487537,False
D2T1,60.0,68.0,35.59765625,992.0,-10,16.774978678868727,10.567132712398749,-6.2078459664699785,18.055009272566178,3.350700889487537,False
D2T1,90.0,74.8,38.3984375,1152.0,-10,11.500021033393985,7.18576223124545,-4.314258802148535,19.59037479665448,3.350700889487537,False
D2T1,110.0,73.2,35.5,1120.0,-10,15.446432353588774,12.623769182735106,-2.8226631708536676,19.538467416637975,3.350700889487537,False
D2T1,120.0,72.4,42.796875,992.0,-10,17.974549905253205,17.996261407264594,0.021711502011388717,19.650211532719393,3.350700889487537,False
D2T1,200.0,46.0,10.09765625,448.0,-10,14.563986913033215,12.780226094348755,-1.7837608186844598,20.146697874916274,3.350700889487537,False
D2T1,230.0,73.2,12.3984375,864.0,-10,22.755674034950648,18.965156917459563,-3.7905171174910848,20.75027793679059,3.350700889487537,False
D2T1,240.0,80.8,38.296875,1216.0,-10,13.862014961854513,10.85955670971821,-3.002458252136302,20.12481377571583,3.350700889487537,False
D2T1,280.0,49.2,35.296875,464.0,-10,10.310727573263161,9.986203494252443,-0.3245240790107182,20.755024601725196,3.350700889487537,False
D2T1,290.0,58.0,37.0,656.0,-10,11.864377777948715,10.860881255749883,-1.003496522198832,20.987395127955022,3.350700889487537,False
D2T1,300.0,56.0,36.8984375,608.0,-10,9.361386986374258,10.583090008237757,1.2217030218634992,20.143734308202657,3.350700889487537,False
D2T1,310.0,64.8,38.09765625,832.0,-10,15.85881767253841,15.209878530568867,-0.6489391419695423,20.651774271079315,3.350700889487537,False
D2T1,320.0,69.2,39.0,1024.0,-10,22.404465498434753,16.077275215971014,-6.327190282463739,21.003950357912718,3.350700889487537,False
D2T1,330.0,66.4,40.296875,816.0,-10,17.091717720747315,17.794920106230354,0.7032023854830385,20.39184972121968,3.350700889487537,False
D2T1,340.0,62.4,40.0,720.0,-10,12.86168977544884,15.010089842382847,2.1484000669340073,20.98317201223637,3.350700889487537,False
D2T1,380.0,78.0,18.69921875,800.0,-10,17.35984423831204,17.769568526062052,0.4097242877500129,21.16957952782554,3.350700889487537,False
D2T1,390.0,72.4,33.09765625,960.0,-10,18.146511405827795,15.90464387504823,-2.2418675307795652,21.03520365421457,3.350700889487537,False
D2T1,400.0,61.6,39.3984375,688.0,-10,12.559584522922204,13.358020827249902,0.7984363043276979,20.645467216961745,3.350700889487537,False
D2T1,410.0,50.4,41.8984375,400.0,-10,5.287167253676249,5.440034799919618,0.1528675462433693,21.34442537879276,3.350700889487537,False
D2T1,420.0,44.4,42.3984375,272.0,-10,5.632020709559189,5.154640982050901,-0.4773797275082883,20.85707039123213,3.350700889487537,False
D2T1,430.0,60.8,43.69921875,608.0,-10,11.178405642210397,11.54277862598163,0.36437298377123284,21.022715270601037,3.350700889487537,False
D2T1,440.0,59.6,43.796875,560.0,-10,4.799039718368595,6.7013618908776476,1.9023221725090522,21.087209106262577,3.350700889487537,False
D2T1,450.0,60.8,44.0,624.0,-10,12.031016268351104,11.101827900819442,-0.9291883675316619,21.063275891955385,3.350700889487537,False
D2T1,460.0,59.6,44.69921875,624.0,-10,10.96720631695958,12.314543815092842,1.3473374981332622,21.398009892777495,3.350700889487537,False
D2T1,470.0,62.0,44.296875,576.0,-10,4.875320614651448,5.272661328799883,0.3973407141484344,20.95809134100545,3.350700889487537,False
D2T1,480.0,57.6,45.59765625,480.0,-10,9.101385857591476,9.090524939047919,-0.010860918543556863,21.004806392264314,3.350700889487537,False
D2T1,560.0,52.0,11.69921875,464.0,-10,9.788805240340968,9.383341703750888,-0.40546353659008005,20.736974625152623,3.350700889487537,False
D2T1,570.0,72.8,30.5,992.0,-10,12.151186947215805,6.560463812107085,-5.59072313510872,20.53966482248941,3.350700889487537,False
D2T1,690.0,58.4,25.09765625,432.0,-10,8.356574200422367,8.998713206086133,0.6421390056637666,20.855448599929908,3.350700889487537,False
D2T1,730.0,72.4,20.09765625,736.0,-10,17.01370206689928,15.732431203677084,-1.281270863222197,20.994104681730967,3.350700889487537,False
D2T1,740.0,74.8,36.19921875,928.0,-10,13.690528162327603,11.274000672551695,-2.4165274897759073,20.655168555553725,3.350700889487537,False
D2T1,760.0,40.4,26.19921875,304.0,-10,7.1124133515664845,6.450733177978481,-0.6616801735880031,21.015499656106428,3.350700889487537,False
D2T1,810.0,54.8,11.5,560.0,-10,15.34678607745686,15.684856802150819,0.33807072469395827,20.525942631748816,3.350700889487537,False
D2T1,820.0,62.4,28.09765625,736.0,-10,6.61235034564062,7.864088399655321,1.2517380540147007,20.63561810648297,3.350700889487537,False
D2T1,920.0,62.4,10.8984375,640.0,-10,14.240658888694615,14.77884923993713,0.5381903512425161,19.915099527017315,3.350700889487537,False
D2T1,930.0,70.4,26.796875,1088.0,-10,19.530483328349277,9.373692962868367,-10.15679036548091,19.43448123420029,3.350700889487537,False
D2T1,950.0,72.0,32.69921875,944.0,-10,12.80963610311184,11.64775468674879,-1.16188141636305,20.512663801995647,3.350700889487537,False
D2T1,960.0,75.2,43.59765625,1152.0,-10,11.574361837207244,9.193698434889882,-2.380663402317362,20.445139608731374,3.350700889487537,False
D2T1,1000.0,38.8,21.59765625,208.0,-10,12.247858602623637,11.311116634348455,-0.9367419682751823,20.542916206226,3.350700889487537,False
D2T1,1010.0,46.8,22.5,336.0,-10,3.74615787754151,2.573857241313348,-1.172300636228162,20.578577352433893,3.350700889487537,False
D2T1,1020.0,55.6,25.0,432.0,-10,9.583398694782923,8.94369353143515,-0.6397051633477737,20.593792709615393,3.350700889487537,False
D2T1,1030.0,60.0,30.69921875,592.0,-10,11.197346555467831,12.638940561982382,1.441594006514551,20.647966325344033,3.350700889487537,False
D2T1,1040.0,72.0,33.09765625,928.0,-10,18.12844289257917,15.529051776760245,-2.599391115818925,20.46867590918046,3.350700889487537,False
D2T1,1080.0,72.4,17.3984375,736.0,-10,18.393113723176036,16.117749736286683,-2.275363986889353,20.474762827847975,3.350700889487537,False
D2T1,1090.0,78.4,34.296875,1120.0,-10,17.815988204548464,12.31578343224059,-5.500204772307875,19.602426392378078,3.350700889487537,False
D2T1,1100.0,72.8,44.296875,1008.0,-10,9.158435372591462,8.853232343735055,-0.3052030288564076,20.51072264429946,3.350700889487537,False
D2T1,1110.0,55.2,45.796875,496.0,-10,10.319149433298143,10.319149433298143,0.0,20.597706676194694,3.350700889487537,False
D2T1,1120.0,72.0,42.796875,912.0,-10,15.660899054384762,9.906852350740214,-5.754046703644548,20.580894593912763,3.350700889487537,False
D2T1,1130.0,70.4,46.09765625,1040.0,-10,19.62776154165318,17.48809864906938,-2.1396628925838,20.471300288052426,3.350700889487537,False
D2T1,1140.0,59.6,47.59765625,464.0,-10,8.183088689903453,8.55231911207633,0.36923042217287616,20.613211306324324,3.350700889487537,False
D2T1,1150.0,43.6,48.296875,176.0,-10,7.714252755125996,7.081556705746458,-0.6326960493795379,20.485891960266844,3.350700889487537,False
D2T1,1170.0,61.2,47.59765625,528.0,-10,6.255208512229106,6.884467375256462,0.6292588630273563,21.045497358726593,3.350700889487537,False
D2T1,1180.0,56.0,48.8984375,400.0,-10,7.479847447498978,8.028950219388122,0.5491027718891441,21.31512969549692,3.350700889487537,False
D2T1,1190.0,60.8,47.296875,512.0,-10,6.550118038216957,6.086163818763379,-0.4639542194535782,20.911787070746314,3.350700889487537,False
D2T1,1200.0,62.0,46.59765625,608.0,-10,3.1533082531149215,2.890734295459877,-0.2625739576550443,21.07378693410443,3.350700889487537,False
D2T1,1210.0,68.0,45.09765625,784.0,-10,7.747376288476576,7.006948882836233,-0.740427405640343,20.919854137182753,3.350700889487537,False
D2T1,1220.0,67.6,46.3984375,752.0,-10,16.608730039304795,12.88517977933193,-3.723550259972866,21.453396778944924,3.350700889487537,False
D2T1,1230.0,68.4,49.5,736.0,-10,23.408688359440838,19.29626233344228,-4.112426025998559,21.44857633464248,3.350700889487537,False
D2T1,1240.0,78.4,49.296875,1168.0,-10,23.69120995142733,22.989122152845994,-0.702087798581335,21.33209805739569,3.350700889487537,False
D2T1,1250.0,88.4,42.8984375,1456.0,-10,38.241464653734916,16.23535282913789,-22.006111824597024,21.451260348438016,3.350700889487537,False
D2T1,1260.0,85.6,40.3984375,1520.0,-10,31.954442137415594,19.151259585169747,-12.803182552245847,21.54433472087573,3.350700889487537,False
D2T1,1270.0,74.0,34.8984375,1008.0,-10,17.77120059267862,16.7021759245041,-1.0690246681745208,21.6308669558858,3.350700889487537,False
D2T1,1280.0,66.4,34.3984375,480.0,-10,10.052565812860072,9.408341223257914,-0.6442245896021586,21.660529123318472,3.350700889487537,False
D2T1,1290.0,76.8,39.69921875,1360.0,-10,17.37111228636532,16.405719839698996,-0.9653924466663248,21.448189294296416,3.350700889487537,False
D2T1,1300.0,70.0,41.3984375,960.0,-10,20.726540727537152,16.491357822754537,-4.235182904782615,21.62298776245608,3.350700889487537,False
D2T1,1340.0,55.2,47.796875,432.0,-10,9.636768419910876,9.914125826472873,0.2773574065619968,21.70507469350278,3.350700889487537,False
D2T1,1350.0,62.4,47.5,448.0,-10,8.46265088767074,6.167268507125656,-2.2953823805450844,21.700669701569023,3.350700889487537,False
D2T1,1380.0,76.8,49.69921875,976.0,-10,24.722987407340305,24.089417328148826,-0.6335700791914789,21.617968206941974,3.350700889487537,False
D2T1,1390.0,70.0,49.3984375,944.0,-10,17.802371391937957,10.496096058026865,-7.306275333911092,21.438911844936406,3.350700889487537,False
D2T1,1400.0,81.2,47.8984375,1008.0,-10,16.78934019322254,12.26431441395278,-4.525025779269759,21.389878714001775,3.350700889487537,False
D2T1,1530.0,60.8,15.5,576.0,-10,7.371806806524535,7.804767967011556,0.4329611604870216,21.591680047468184,3.350700889487537,False
D2T1,1540.0,70.0,28.59765625,1040.0,-10,20.410661857743833,10.6832499860161,-9.727411871727732,21.125229579250288,3.350700889487537,False
D2T1,1550.0,68.8,38.19921875,688.0,-10,9.152243612472653,10.732547389473952,1.5803037770012995,21.435070268672987,3.350700889487537,False
D2T1,1560.0,53.2,41.69921875,432.0,-10,10.869359120739547,10.525349288888181,-0.34400983185136624,21.50315339589226,3.350700889487537,False
D2T1,1610.0,46.4,25.5,288.0,-10,6.5780114319234135,7.228027872947528,0.650016441024114,21.336241661675366,3.350700889487537,False
D2T1,1620.0,43.6,27.8984375,320.0,-10,5.4876753297765575,4.188046802844064,-1.2996285269324934,21.316879780187715,3.350700889487537,False
D2T1,1630.0,38.0,28.69921875,224.0,-10,5.789461882873644,7.809637666561852,2.0201757836882086,21.26164549064216,3.350700889487537,False
D2T1,1640.0,55.6,28.8984375,544.0,-10,9.962864953410818,9.246649696407456,-0.7162152570033626,21.390695454948265,3.350700889487537,False
D2T1,10.0,49.2,9.69921875,448.0,10,16.660679514488887,16.04686650584368,-0.6138130086452058,18.211017899120545,3.350700889487537,False
D2T1,40.0,55.6,9.8984375,528.0,10,11.699100720241727,14.052848795522845,2.3537480752811177,18.208677575965392,3.350700889487537,False
D2T1,50.0,66.4,19.69921875,976.0,10,18.790194232019168,23.398493157641813,4.608298925622645,17.965409990730286,3.350700889487537,False
D2T1,60.0,68.0,35.59765625,992.0,10,16.774978678868727,18.895995100694776,2.1210164218260488,18.048507827549578,3.350700889487537,False
D2T1,90.0,74.8,38.3984375,1152.0,10,11.500021033393985,20.525373060026602,9.025352026632618,19.55738347143649,3.350700889487537,False
D2T1,110.0,73.2,35.5,1120.0,10,15.446432353588774,22.865830404328694,7.41939805073992,19.58372663776342,3.350700889487537,False
D2T1,120.0,72.4,42.796875,992.0,10,17.974549905253205,30.17386081285514,12.199310907601934,19.65033297994164,3.350700889487537,False
D2T1,200.0,46.0,10.09765625,448.0,10,14.563986913033215,17.179503923083548,2.6155170100503327,20.10056317987474,3.350700889487537,False
D2T1,230.0,73.2,12.3984375,864.0,10,22.755674034950648,29.803827491596135,7.048153456645487,20.7795012906157,3.350700889487537,False
D2T1,240.0,80.8,38.296875,1216.0,10,13.862014961854513,27.46706613815708,13.605051176302567,20.10745941060064,3.350700889487537,False
D2T1,280.0,49.2,35.296875,464.0,10,10.310727573263161,9.683107699717093,-0.6276198735460685,20.74915747247176,3.350700889487537,False
D2T1,290.0,58.0,37.0,656.0,10,11.864377777948715,17.079789915617248,5.215412137668533,20.984465122506602,3.350700889487537,False
D2T1,300.0,56.0,36.8984375,608.0,10,9.361386986374258,11.468195313521033,2.1068083271467746,20.128896048001163,3.350700889487537,False
D2T1,310.0,64.8,38.09765625,832.0,10,15.85881767253841,22.34010376428513,6.481286091746719,20.62362188985795,3.350700889487537,False
D2T1,320.0,69.2,39.0,1024.0,10,22.404465498434753,23.581568031786542,1.177102533351789,21.00713827482071,3.350700889487537,False
D2T1,330.0,66.4,40.296875,816.0,10,17.091717720747315,23.22331700164363,6.131599280896314,20.38935753872357,3.350700889487537,False
D2T1,340.0,62.4,40.0,720.0,10,12.86168977544884,19.292251173967014,6.430561398518174,20.97426577923164,3.350700889487537,False
D2T1,380.0,78.0,18.69921875,800.0,10,17.35984423831204,29.827018339129694,12.467174100817655,21.209025523949506,3.350700889487537,False
D2T1,390.0,72.4,33.09765625,960.0,10,18.146511405827795,28.489344193334816,10.342832787507021,21.0329966447317,3.350700889487537,False
D2T1,400.0,61.6,39.3984375,688.0,10,12.559584522922204,13.150667884903719,0.5910833619815143,20.6329441142925,3.350700889487537,False
D2T1,410.0,50.4,41.8984375,400.0,10,5.287167253676249,4.766414335300817,-0.5207529183754325,21.320585268338977,3.350700889487537,False
D2T1,420.0,44.4,42.3984375,272.0,10,5.632020709559189,4.698543152524518,-0.9334775570346707,20.89107763666398,3.350700889487537,False
D2T1,430.0,60.8,43.69921875,608.0,10,11.178405642210397,16.451880526920764,5.273474884710367,21.079575389477256,3.350700889487537,False
D2T1,440.0,59.6,43.796875,560.0,10,4.799039718368595,8.469743337000741,3.670703618632146,21.079071958377952,3.350700889487537,False
D2T1,450.0,60.8,44.0,624.0,10,12.031016268351104,16.7250890236678,4.694072755316695,21.106404797349686,3.350700889487537,False
D2T1,460.0,59.6,44.69921875,624.0,10,10.96720631695958,17.251757375844566,6.284551058884986,21.455850447101938,3.350700889487537,False
D2T1,470.0,62.0,44.296875,576.0,10,4.875320614651448,9.217512577035704,4.3421919623842555,20.94994079173283,3.350700889487537,False
D2T1,480.0,57.6,45.59765625,480.0,10,9.101385857591476,12.536378898845092,3.434993041253616,20.986435951849042,3.350700889487537,False
D2T1,560.0,52.0,11.69921875,464.0,10,9.788805240340968,8.401227886484955,-1.3875773538560132,20.72606634877543,3.350700889487537,False
D2T1,570.0,72.8,30.5,992.0,10,12.151186947215805,22.03274985619745,9.881562908981646,20.51610145404707,3.350700889487537,False
D2T1,690.0,58.4,25.09765625,432.0,10,8.356574200422367,12.479271817324607,4.12269761690224,20.867903460664788,3.350700889487537,False
D2T1,730.0,72.4,20.09765625,736.0,10,17.01370206689928,24.019412938261897,7.005710871362616,21.02064735044279,3.350700889487537,False
D2T1,740.0,74.8,36.19921875,928.0,10,13.690528162327603,25.960128585097156,12.269600422769553,20.643576369906608,3.350700889487537,False
D2T1,760.0,40.4,26.19921875,304.0,10,7.1124133515664845,7.4369374305772045,0.32452407901072,20.977139349092635,3.350700889487537,False
D2T1,810.0,54.8,11.5,560.0,10,15.34678607745686,14.167706558534869,-1.1790795189219914,20.512750672874457,3.350700889487537,False
D2T1,820.0,62.4,28.09765625,736.0,10,6.61235034564062,16.80436952853101,10.192019182890387,20.59639565689012,3.350700889487537,False
D2T1,920.0,62.4,10.8984375,640.0,10,14.240658888694615,16.43444715408323,2.1937882653886156,19.93714147144457,3.350700889487537,False
D2T1,930.0,70.4,26.796875,1088.0,10,19.530483328349277,20.599509810788636,1.0690264824393587,19.397933159100308,3.350700889487537,False
D2T1,950.0,72.0,32.69921875,944.0,10,12.80963610311184,13.831997070466128,1.0223609673542882,20.55613809649345,3.350700889487537,False
D2T1,960.0,75.2,43.59765625,1152.0,10,11.574361837207244,27.322827693150792,15.748465855943548,20.409720763652018,3.350700889487537,False
D2T1,1000.0,38.8,21.59765625,208.0,10,12.247858602623637,16.19411245912971,3.946253856506072,20.496614376344628,3.350700889487537,False
D2T1,1010.0,46.8,22.5,336.0,10,3.74615787754151,5.541759778207227,1.7956019006657176,20.550432582040074,3.350700889487537,False
D2T1,1020.0,55.6,25.0,432.0,10,9.583398694782923,11.344838028340641,1.7614393335577176,20.546873488303106,3.350700889487537,False
D2T1,1030.0,60.0,30.69921875,592.0,10,11.197346555467831,13.548300021875058,2.3509534664072262,20.60038740726065,3.350700889487537,False
D2T1,1040.0,72.0,33.09765625,928.0,10,18.12844289257917,19.32120747496486,1.192764582385692,20.46663838019278,3.350700889487537,False
D2T1,1080.0,72.4,17.3984375,736.0,10,18.393113723176036,26.36156965862131,7.968455935445274,20.498060581142745,3.350700889487537,False
D2T1,1090.0,78.4,34.296875,1120.0,10,17.815988204548464,32.87691534104391,15.060927136495447,19.57808404022669,3.350700889487537,False
D2T1,1100.0,72.8,44.296875,1008.0,10,9.158435372591462,25.90451998962504,16.746084617033578,20.472817245149578,3.350700889487537,False
D2T1,1110.0,55.2,45.796875,496.0,10,10.319149433298143,10.10058656746863,-0.21856286582951334,20.573174407564803,3.350700889487537,False
D2T1,1120.0,72.0,42.796875,912.0,10,15.660899054384762,21.234570094647,5.573671040262239,20.585405356528998,3.350700889487537,False
D2T1,1130.0,70.4,46.09765625,1040.0,10,19.62776154165318,24.48085758956702,4.853096047913841,20.471280813796938,3.350700889487537,False
D2T1,1140.0,59.6,47.59765625,464.0,10,8.183088689903453,10.814375374511934,2.6312866846084813,20.59530871647074,3.350700889487537,False
D2T1,1150.0,43.6,48.296875,176.0,10,7.714252755125996,8.722800817957852,1.0085480628318564,20.51583735092965,3.350700889487537,False
D2T1,1170.0,61.2,47.59765625,528.0,10,6.255208512229106,8.72650754440416,2.4712990321750548,21.063580946515913,3.350700889487537,False
D2T1,1180.0,56.0,48.8984375,400.0,10,7.479847447498978,10.206654299158378,2.7268068516594006,21.356336004542936,3.350700889487537,False
D2T1,1190.0,60.8,47.296875,512.0,10,6.550118038216957,9.68485191227066,3.134733874053702,20.98765833877947,3.350700889487537,False
D2T1,1200.0,62.0,46.59765625,608.0,10,3.1533082531149215,8.40032159937518,5.247013346260259,21.036216242284617,3.350700889487537,False
D2T1,1210.0,68.0,45.09765625,784.0,10,7.747376288476576,9.5918263566895,1.8444500682129243,20.91481906280291,3.350700889487537,False
D2T1,1220.0,67.6,46.3984375,752.0,10,16.608730039304795,20.259163040013153,3.6504330007083574,21.443226604777173,3.350700889487537,False
D2T1,1230.0,68.4,49.5,736.0,10,23.408688359440838,26.303163740542093,2.8944753811012554,21.4383254969887,3.350700889487537,False
D2T1,1240.0,78.4,49.296875,1168.0,10,23.69120995142733,36.941058947574156,13.249848996146827,21.31183481890664,3.350700889487537,False
D2T1,1250.0,88.4,42.8984375,1456.0,10,38.241464653734916,37.39833464050577,-0.8431300132291426,21.45371603050151,3.350700889487537,False
D2T1,1260.0,85.6,40.3984375,1520.0,10,31.954442137415594,37.321895368501536,5.367453231085943,21.55925302652887,3.350700889487537,False
D2T1,1270.0,74.0,34.8984375,1008.0,10,17.77120059267862,23.37920428146648,5.608003688787861,21.582314349778475,3.350700889487537,False
D2T1,1280.0,66.4,34.3984375,480.0,10,10.052565812860072,12.048485910128226,1.9959200972681543,21.647749813564946,3.350700889487537,False
D2T1,1290.0,76.8,39.69921875,1360.0,10,17.37111228636532,27.622875783050812,10.251763496685491,21.476312582791135,3.350700889487537,False
D2T1,1300.0,70.0,41.3984375,960.0,10,20.726540727537152,24.48295008123804,3.7564093537008887,21.620566003320956,3.350700889487537,False
D2T1,1340.0,55.2,47.796875,432.0,10,9.636768419910876,11.274421862494112,1.637653442583236,21.834631043324517,3.350700889487537,False
D2T1,1350.0,62.4,47.5,448.0,10,8.46265088767074,11.714359798007129,3.2517089103363883,21.764805193346753,3.350700889487537,False
D2T1,1380.0,76.8,49.69921875,976.0,10,24.722987407340305,37.632725930002636,12.90973852266233,21.684934188762945,3.350700889487537,False
D2T1,1390.0,70.0,49.3984375,944.0,10,17.802371391937957,18.60935803039616,0.8069866384582021,21.434618569860834,3.350700889487537,False
D2T1,1400.0,81.2,47.8984375,1008.0,10,16.78934019322254,28.222982879427146,11.433642686204607,21.404963450138908,3.350700889487537,False
D2T1,1530.0,60.8,15.5,576.0,10,7.371806806524535,10.942567597239481,3.570760790714947,21.551311869988314,3.350700889487537,False
D2T1,1540.0,70.0,28.59765625,1040.0,10,20.410661857743833,22.951899210722907,2.541237352979074,21.09496281916633,3.350700889487537,False
D2T1,1550.0,68.8,38.19921875,688.0,10,9.152243612472653,14.243510356813974,5.091266744341322,21.43807799281381,3.350700889487537,False
D2T1,1560.0,53.2,41.69921875,432.0,10,10.869359120739547,10.443855571061198,-0.4255035496783499,21.464597327861494,3.350700889487537,False
D2T1,1610.0,46.4,25.5,288.0,10,6.5780114319234135,6.5780114319234135,0.0,21.307154668403964,3.350700889487537,False
D2T1,1620.0,43.6,27.8984375,320.0,10,5.4876753297765575,7.224332122399062,1.7366567926225045,21.365696792575765,3.350700889487537,False
D2T1,1630.0,38.0,28.69921875,224.0,10,5.789461882873644,7.085888014409917,1.2964261315362728,21.293182964765407,3.350700889487537,False
D2T1,1640.0,55.6,28.8984375,544.0,10,9.962864953410818,11.482931529999014,1.5200665765881958,21.341917209738664,3.350700889487537,False
